image_id,p_180
test_00000,0.99
test_00001,0.9019795
test_00002,0.8477971
test_00003,0.84776455
test_00004,0.99
test_00005,0.01
test_00006,0.99
test_00007,0.941397
test_00008,0.3456842
test_00009,0.7037818
test_00010,0.99
test_00011,0.01
test_00012,0.266436
test_00013,0.98428476
test_00014,0.014832005
test_00015,0.9372164
test_00016,0.99
test_00017,0.01
test_00018,0.01
test_00019,0.3745242
test_00020,0.01
test_00021,0.6325412
test_00022,0.5652217
test_00023,0.18599652
test_00024,0.2965654
test_00025,0.7890304
test_00026,0.99
test_00027,0.31368718
test_00028,0.81568617
test_00029,0.99
test_00030,0.01
test_00031,0.68915653
test_00032,0.8493066
test_00033,0.08981282
test_00034,0.39551273
test_00035,0.89055926
test_00036,0.99
test_00037,0.47186658
test_00038,0.931447
test_00039,0.23811565
test_00040,0.24877746
test_00041,0.48031208
test_00042,0.87817675
test_00043,0.44786876
test_00044,0.01
test_00045,0.96613973
test_00046,0.9718792
test_00047,0.99
test_00048,0.8490671
test_00049,0.057370022
test_00050,0.97906154
test_00051,0.44727755
test_00052,0.01
test_00053,0.57304466
test_00054,0.13829939
test_00055,0.01656662
test_00056,0.01
test_00057,0.95790863
test_00058,0.10247803
test_00059,0.011363949
test_00060,0.99
test_00061,0.31306085
test_00062,0.01
test_00063,0.57982785
test_00064,0.9566765
test_00065,0.99
test_00066,0.1301693
test_00067,0.7250571
test_00068,0.36057398
test_00069,0.7325336
test_00070,0.99
test_00071,0.9501151
test_00072,0.9539705
test_00073,0.13763975
test_00074,0.20947115
test_00075,0.99
test_00076,0.01
test_00077,0.9767974
test_00078,0.96713525
test_00079,0.01
test_00080,0.01
test_00081,0.92637867
test_00082,0.99
test_00083,0.9481459
test_00084,0.99
test_00085,0.95733577
test_00086,0.99
test_00087,0.99
test_00088,0.01
test_00089,0.96194315
test_00090,0.01
test_00091,0.01
test_00092,0.82784885
test_00093,0.01
test_00094,0.99
test_00095,0.9825707
test_00096,0.6175571
test_00097,0.5960295
test_00098,0.027298164
test_00099,0.01
test_00100,0.098561116
test_00101,0.01
test_00102,0.01
test_00103,0.99
test_00104,0.9220293
test_00105,0.01
test_00106,0.8800247
test_00107,0.10446711
test_00108,0.99
test_00109,0.112858474
test_00110,0.9505314
test_00111,0.85795176
test_00112,0.9265009
test_00113,0.7236186
test_00114,0.99
test_00115,0.9809498
test_00116,0.01081477
test_00117,0.99
test_00118,0.99
test_00119,0.41241053
test_00120,0.060392395
test_00121,0.99
test_00122,0.854066
test_00123,0.87403494
test_00124,0.99
test_00125,0.96366924
test_00126,0.9837272
test_00127,0.8968354
test_00128,0.01
test_00129,0.9895383
test_00130,0.88898075
test_00131,0.061018437
test_00132,0.99
test_00133,0.99
test_00134,0.01
test_00135,0.97141606
test_00136,0.01
test_00137,0.99
test_00138,0.7132705
test_00139,0.01
test_00140,0.9855633
test_00141,0.01
test_00142,0.38480732
test_00143,0.015364561
test_00144,0.923987
test_00145,0.25114816
test_00146,0.01
test_00147,0.34449816
test_00148,0.99
test_00149,0.99
test_00150,0.063115634
test_00151,0.5295344
test_00152,0.9597442
test_00153,0.13733718
test_00154,0.9835842
test_00155,0.99
test_00156,0.99
test_00157,0.01
test_00158,0.9835464
test_00159,0.9856086
test_00160,0.99
test_00161,0.41078487
test_00162,0.17576927
test_00163,0.33918467
test_00164,0.99
test_00165,0.5422881
test_00166,0.9851774
test_00167,0.690849
test_00168,0.01
test_00169,0.01
test_00170,0.7118901
test_00171,0.60390836
test_00172,0.6570863
test_00173,0.01
test_00174,0.01
test_00175,0.73004544
test_00176,0.9849376
test_00177,0.12829563
test_00178,0.01
test_00179,0.8194182
test_00180,0.01
test_00181,0.99
test_00182,0.99
test_00183,0.99
test_00184,0.38059786
test_00185,0.2038475
test_00186,0.027230326
test_00187,0.99
test_00188,0.99
test_00189,0.14298658
test_00190,0.01
test_00191,0.99
test_00192,0.96729314
test_00193,0.8471731
test_00194,0.6043385
test_00195,0.01
test_00196,0.41796184
test_00197,0.98301655
test_00198,0.91084707
test_00199,0.42202944
test_00200,0.20534505
test_00201,0.99
test_00202,0.6164044
test_00203,0.99
test_00204,0.99
test_00205,0.01
test_00206,0.019904146
test_00207,0.70729005
test_00208,0.011661531
test_00209,0.35361356
test_00210,0.32911983
test_00211,0.99
test_00212,0.9813199
test_00213,0.014530404
test_00214,0.99
test_00215,0.03281699
test_00216,0.01
test_00217,0.13044862
test_00218,0.45906135
test_00219,0.92043066
test_00220,0.99
test_00221,0.99
test_00222,0.01
test_00223,0.050253075
test_00224,0.99
test_00225,0.99
test_00226,0.032802455
test_00227,0.01
test_00228,0.095394015
test_00229,0.012593497
test_00230,0.01
test_00231,0.78204614
test_00232,0.01
test_00233,0.7330121
test_00234,0.03386701
test_00235,0.40805823
test_00236,0.07606355
test_00237,0.01
test_00238,0.99
test_00239,0.98667973
test_00240,0.8587339
test_00241,0.01
test_00242,0.021418953
test_00243,0.99
test_00244,0.9828479
test_00245,0.99
test_00246,0.027957723
test_00247,0.99
test_00248,0.56167686
test_00249,0.5196841
test_00250,0.29456025
test_00251,0.01
test_00252,0.76204264
test_00253,0.99
test_00254,0.01
test_00255,0.01
test_00256,0.02795736
test_00257,0.01
test_00258,0.19265333
test_00259,0.9040688
test_00260,0.55803674
test_00261,0.011615906
test_00262,0.99
test_00263,0.9610757
test_00264,0.966781
test_00265,0.44226685
test_00266,0.26218095
test_00267,0.39917096
test_00268,0.025273595
test_00269,0.89989144
test_00270,0.01
test_00271,0.035034932
test_00272,0.99
test_00273,0.94924337
test_00274,0.1437293
test_00275,0.01
test_00276,0.26189548
test_00277,0.8198389
test_00278,0.011503561
test_00279,0.15308966
test_00280,0.99
test_00281,0.15448914
test_00282,0.99
test_00283,0.23917021
test_00284,0.78279424
test_00285,0.9776102
test_00286,0.01
test_00287,0.99
test_00288,0.99
test_00289,0.99
test_00290,0.99
test_00291,0.99
test_00292,0.11866973
test_00293,0.1501199
test_00294,0.42491797
test_00295,0.9792693
test_00296,0.99
test_00297,0.99
test_00298,0.84012836
test_00299,0.99
test_00300,0.06913175
test_00301,0.99
test_00302,0.18065596
test_00303,0.55704606
test_00304,0.99
test_00305,0.6157232
test_00306,0.9150621
test_00307,0.90603507
test_00308,0.76108164
test_00309,0.028242238
test_00310,0.99
test_00311,0.97735643
test_00312,0.02033565
test_00313,0.99
test_00314,0.012039256
test_00315,0.3730211
test_00316,0.41244635
test_00317,0.2865306
test_00318,0.7612522
test_00319,0.99
test_00320,0.99
test_00321,0.7717119
test_00322,0.86927986
test_00323,0.7880955
test_00324,0.018179758
test_00325,0.8101586
test_00326,0.8817543
test_00327,0.04363561
test_00328,0.6073915
test_00329,0.1554223
test_00330,0.96686983
test_00331,0.99
test_00332,0.99
test_00333,0.99
test_00334,0.99
test_00335,0.1763397
test_00336,0.01
test_00337,0.99
test_00338,0.9811601
test_00339,0.84481615
test_00340,0.5945471
test_00341,0.01
test_00342,0.9693383
test_00343,0.5116904
test_00344,0.99
test_00345,0.49054456
test_00346,0.01
test_00347,0.01
test_00348,0.982908
test_00349,0.55799836
test_00350,0.22112067
test_00351,0.34117457
test_00352,0.99
test_00353,0.981136
test_00354,0.88402295
test_00355,0.01
test_00356,0.23156203
test_00357,0.01
test_00358,0.99
test_00359,0.99
test_00360,0.99
test_00361,0.99
test_00362,0.01
test_00363,0.99
test_00364,0.96270674
test_00365,0.9708572
test_00366,0.99
test_00367,0.01
test_00368,0.5206309
test_00369,0.99
test_00370,0.9741321
test_00371,0.017434087
test_00372,0.99
test_00373,0.27080685
test_00374,0.72115284
test_00375,0.99
test_00376,0.783132
test_00377,0.060287617
test_00378,0.03902046
test_00379,0.01
test_00380,0.4888227
test_00381,0.99
test_00382,0.028686173
test_00383,0.34900457
test_00384,0.99
test_00385,0.01
test_00386,0.99
test_00387,0.99
test_00388,0.023602381
test_00389,0.99
test_00390,0.99
test_00391,0.01
test_00392,0.9335592
test_00393,0.99
test_00394,0.23915316
test_00395,0.70462126
test_00396,0.02554069
test_00397,0.024449969
test_00398,0.01
test_00399,0.32076135
test_00400,0.99
test_00401,0.12242604
test_00402,0.91584027
test_00403,0.019262146
test_00404,0.62505305
test_00405,0.99
test_00406,0.9375374
test_00407,0.23599632
test_00408,0.0670709
test_00409,0.01
test_00410,0.01
test_00411,0.93057907
test_00412,0.06374672
test_00413,0.85270655
test_00414,0.99
test_00415,0.11846777
test_00416,0.053918477
test_00417,0.3294087
test_00418,0.09209951
test_00419,0.99
test_00420,0.01
test_00421,0.99
test_00422,0.99
test_00423,0.01
test_00424,0.9601952
test_00425,0.011227862
test_00426,0.32377723
test_00427,0.03163207
test_00428,0.01
test_00429,0.99
test_00430,0.99
test_00431,0.46842885
test_00432,0.9800187
test_00433,0.6236627
test_00434,0.62591976
test_00435,0.07254388
test_00436,0.99
test_00437,0.88632405
test_00438,0.99
test_00439,0.46110603
test_00440,0.9873979
test_00441,0.99
test_00442,0.9102857
test_00443,0.85937434
test_00444,0.98624253
test_00445,0.39553604
test_00446,0.10898551
test_00447,0.23006833
test_00448,0.99
test_00449,0.99
test_00450,0.01
test_00451,0.99
test_00452,0.055665795
test_00453,0.93539935
test_00454,0.61033607
test_00455,0.9525789
test_00456,0.99
test_00457,0.022170492
test_00458,0.97089607
test_00459,0.37146422
test_00460,0.27885628
test_00461,0.98938775
test_00462,0.04770848
test_00463,0.95512295
test_00464,0.01
test_00465,0.01
test_00466,0.86270875
test_00467,0.98837864
test_00468,0.49992764
test_00469,0.01
test_00470,0.9359654
test_00471,0.102305934
test_00472,0.123573005
test_00473,0.7573649
test_00474,0.01
test_00475,0.01
test_00476,0.9616561
test_00477,0.06587005
test_00478,0.99
test_00479,0.99
test_00480,0.7433152
test_00481,0.01
test_00482,0.2648046
test_00483,0.98344177
test_00484,0.45051542
test_00485,0.17292634
test_00486,0.3290347
test_00487,0.99
test_00488,0.6027466
test_00489,0.99
test_00490,0.9048977
test_00491,0.6628344
test_00492,0.9383939
test_00493,0.8632339
test_00494,0.99
test_00495,0.94197315
test_00496,0.31531942
test_00497,0.9868923
test_00498,0.9076343
test_00499,0.010159347
test_00500,0.99
test_00501,0.01
test_00502,0.72810674
test_00503,0.08242379
test_00504,0.99
test_00505,0.13280804
test_00506,0.9484425
test_00507,0.01
test_00508,0.36200964
test_00509,0.015450462
test_00510,0.7112512
test_00511,0.9234
test_00512,0.8166967
test_00513,0.4573086
test_00514,0.025259
test_00515,0.5825365
test_00516,0.9580283
test_00517,0.024210539
test_00518,0.01
test_00519,0.99
test_00520,0.7797732
test_00521,0.99
test_00522,0.99
test_00523,0.01
test_00524,0.99
test_00525,0.7267373
test_00526,0.01
test_00527,0.8624116
test_00528,0.6321362
test_00529,0.99
test_00530,0.85025585
test_00531,0.99
test_00532,0.7004701
test_00533,0.06622181
test_00534,0.99
test_00535,0.01
test_00536,0.01
test_00537,0.9237736
test_00538,0.99
test_00539,0.018787058
test_00540,0.09741404
test_00541,0.01
test_00542,0.95693797
test_00543,0.83618665
test_00544,0.035162963
test_00545,0.01
test_00546,0.023718564
test_00547,0.99
test_00548,0.98238385
test_00549,0.4861702
test_00550,0.14985667
test_00551,0.0406911
test_00552,0.01
test_00553,0.04377074
test_00554,0.15345189
test_00555,0.3965657
test_00556,0.24181587
test_00557,0.17607026
test_00558,0.9840097
test_00559,0.07820543
test_00560,0.77761143
test_00561,0.01
test_00562,0.04857621
test_00563,0.01
test_00564,0.99
test_00565,0.27378443
test_00566,0.01
test_00567,0.8025951
test_00568,0.7656245
test_00569,0.42355925
test_00570,0.9486137
test_00571,0.50751156
test_00572,0.01
test_00573,0.01
test_00574,0.1522692
test_00575,0.99
test_00576,0.99
test_00577,0.99
test_00578,0.014275195
test_00579,0.077126905
test_00580,0.98210686
test_00581,0.99
test_00582,0.5050324
test_00583,0.9637677
test_00584,0.11268771
test_00585,0.5947897
test_00586,0.031598467
test_00587,0.99
test_00588,0.8661778
test_00589,0.01
test_00590,0.75661653
test_00591,0.01
test_00592,0.01
test_00593,0.2559587
test_00594,0.01
test_00595,0.575247
test_00596,0.06476259
test_00597,0.1573439
test_00598,0.99
test_00599,0.24899398
test_00600,0.7851341
test_00601,0.99
test_00602,0.9317665
test_00603,0.019766787
test_00604,0.01
test_00605,0.5009707
test_00606,0.30852142
test_00607,0.85454774
test_00608,0.7784131
test_00609,0.01
test_00610,0.99
test_00611,0.051204037
test_00612,0.3650948
test_00613,0.01
test_00614,0.44662353
test_00615,0.09826914
test_00616,0.18050559
test_00617,0.9612377
test_00618,0.72066855
test_00619,0.5836782
test_00620,0.99
test_00621,0.2286613
test_00622,0.34349138
test_00623,0.88805485
test_00624,0.9785922
test_00625,0.9811111
test_00626,0.510429
test_00627,0.98544693
test_00628,0.14342578
test_00629,0.012297344
test_00630,0.2292817
test_00631,0.6585908
test_00632,0.9614153
test_00633,0.115727365
test_00634,0.99
test_00635,0.023696102
test_00636,0.27762967
test_00637,0.08557605
test_00638,0.01
test_00639,0.97319883
test_00640,0.01
test_00641,0.99
test_00642,0.8431463
test_00643,0.08197918
test_00644,0.9512016
test_00645,0.99
test_00646,0.01
test_00647,0.17068724
test_00648,0.929891
test_00649,0.94689286
test_00650,0.01
test_00651,0.07304506
test_00652,0.025511304
test_00653,0.99
test_00654,0.99
test_00655,0.040424217
test_00656,0.9156724
test_00657,0.6421226
test_00658,0.99
test_00659,0.10797203
test_00660,0.2998564
test_00661,0.37419376
test_00662,0.01
test_00663,0.29889634
test_00664,0.01
test_00665,0.45424664
test_00666,0.25367948
test_00667,0.95749456
test_00668,0.04907487
test_00669,0.01
test_00670,0.9561746
test_00671,0.99
test_00672,0.99
test_00673,0.99
test_00674,0.99
test_00675,0.4892235
test_00676,0.7529416
test_00677,0.99
test_00678,0.2298708
test_00679,0.0127511425
test_00680,0.65339714
test_00681,0.99
test_00682,0.39805666
test_00683,0.010883956
test_00684,0.5863038
test_00685,0.99
test_00686,0.99
test_00687,0.9803538
test_00688,0.1539486
test_00689,0.22577372
test_00690,0.039606415
test_00691,0.99
test_00692,0.92454016
test_00693,0.99
test_00694,0.01
test_00695,0.16720082
test_00696,0.01
test_00697,0.99
test_00698,0.01
test_00699,0.56165504
test_00700,0.99
test_00701,0.99
test_00702,0.040012892
test_00703,0.016848823
test_00704,0.99
test_00705,0.3253895
test_00706,0.01
test_00707,0.99
test_00708,0.28676635
test_00709,0.01
test_00710,0.31286594
test_00711,0.99
test_00712,0.83780134
test_00713,0.9360211
test_00714,0.7116797
test_00715,0.15702663
test_00716,0.99
test_00717,0.89483947
test_00718,0.19697757
test_00719,0.029587403
test_00720,0.98099315
test_00721,0.01
test_00722,0.01
test_00723,0.58710295
test_00724,0.99
test_00725,0.99
test_00726,0.01
test_00727,0.5298875
test_00728,0.99
test_00729,0.99
test_00730,0.17347836
test_00731,0.65349287
test_00732,0.012017186
test_00733,0.01
test_00734,0.9590287
test_00735,0.9883548
test_00736,0.01
test_00737,0.9847274
test_00738,0.14557241
test_00739,0.9674422
test_00740,0.19933382
test_00741,0.9749815
test_00742,0.99
test_00743,0.62667567
test_00744,0.37439904
test_00745,0.323082
test_00746,0.01
test_00747,0.17533983
test_00748,0.9287595
test_00749,0.7065619
test_00750,0.17087331
test_00751,0.7681927
test_00752,0.01
test_00753,0.01
test_00754,0.8462808
test_00755,0.9866671
test_00756,0.01
test_00757,0.83134925
test_00758,0.19049527
test_00759,0.97400564
test_00760,0.99
test_00761,0.79204947
test_00762,0.01
test_00763,0.8848318
test_00764,0.6902235
test_00765,0.8291329
test_00766,0.6955318
test_00767,0.9879985
test_00768,0.94039875
test_00769,0.01
test_00770,0.20452075
test_00771,0.029721757
test_00772,0.01
test_00773,0.99
test_00774,0.12503314
test_00775,0.99
test_00776,0.99
test_00777,0.31590465
test_00778,0.99
test_00779,0.019918876
test_00780,0.34142733
test_00781,0.42656362
test_00782,0.0473154
test_00783,0.9349614
test_00784,0.43037856
test_00785,0.7904053
test_00786,0.9575244
test_00787,0.01
test_00788,0.44518223
test_00789,0.93295026
test_00790,0.99
test_00791,0.122728944
test_00792,0.99
test_00793,0.021799324
test_00794,0.09576702
test_00795,0.110730715
test_00796,0.01
test_00797,0.09643831
test_00798,0.99
test_00799,0.01
test_00800,0.28548977
test_00801,0.87274784
test_00802,0.99
test_00803,0.08226633
test_00804,0.9429793
test_00805,0.02402268
test_00806,0.98366416
test_00807,0.99
test_00808,0.01
test_00809,0.9436459
test_00810,0.053563077
test_00811,0.99
test_00812,0.99
test_00813,0.09379102
test_00814,0.68103296
test_00815,0.5300493
test_00816,0.8446982
test_00817,0.01
test_00818,0.018727826
test_00819,0.94315773
test_00820,0.01
test_00821,0.44341582
test_00822,0.036709357
test_00823,0.12535998
test_00824,0.01
test_00825,0.99
test_00826,0.30013347
test_00827,0.99
test_00828,0.99
test_00829,0.22544146
test_00830,0.99
test_00831,0.73025846
test_00832,0.36723956
test_00833,0.04628404
test_00834,0.01
test_00835,0.01
test_00836,0.99
test_00837,0.9434104
test_00838,0.01
test_00839,0.9371317
test_00840,0.99
test_00841,0.01
test_00842,0.81556547
test_00843,0.99
test_00844,0.01
test_00845,0.01
test_00846,0.92655987
test_00847,0.7803011
test_00848,0.16106087
test_00849,0.99
test_00850,0.01
test_00851,0.6810002
test_00852,0.624379
test_00853,0.9721299
test_00854,0.18226841
test_00855,0.8782071
test_00856,0.01
test_00857,0.5983275
test_00858,0.61448574
test_00859,0.01
test_00860,0.026242517
test_00861,0.99
test_00862,0.016676305
test_00863,0.68661267
test_00864,0.01
test_00865,0.4270855
test_00866,0.12641236
test_00867,0.01
test_00868,0.96303624
test_00869,0.014281566
test_00870,0.01
test_00871,0.2473245
test_00872,0.01
test_00873,0.99
test_00874,0.05460607
test_00875,0.040625717
test_00876,0.53779566
test_00877,0.049354434
test_00878,0.99
test_00879,0.99
test_00880,0.9001819
test_00881,0.23427597
test_00882,0.96221524
test_00883,0.99
test_00884,0.015583091
test_00885,0.76660615
test_00886,0.01
test_00887,0.99
test_00888,0.01
test_00889,0.91639894
test_00890,0.9530773
test_00891,0.98999155
test_00892,0.36422497
test_00893,0.7298478
test_00894,0.9417595
test_00895,0.21139386
test_00896,0.98084855
test_00897,0.63898945
test_00898,0.07600191
test_00899,0.08399672
test_00900,0.31585833
test_00901,0.81348914
test_00902,0.13187423
test_00903,0.99
test_00904,0.99
test_00905,0.021413777
test_00906,0.037264757
test_00907,0.63437295
test_00908,0.04416325
test_00909,0.99
test_00910,0.01
test_00911,0.99
test_00912,0.98718935
test_00913,0.01
test_00914,0.35906503
test_00915,0.3273371
test_00916,0.6274307
test_00917,0.06985242
test_00918,0.01
test_00919,0.018691259
test_00920,0.03420901
test_00921,0.17586993
test_00922,0.98415595
test_00923,0.01
test_00924,0.9869233
test_00925,0.91566616
test_00926,0.2027233
test_00927,0.015006492
test_00928,0.61469024
test_00929,0.51072407
test_00930,0.06450561
test_00931,0.99
test_00932,0.7147892
test_00933,0.04027584
test_00934,0.99
test_00935,0.01
test_00936,0.99
test_00937,0.99
test_00938,0.11327681
test_00939,0.99
test_00940,0.43940192
test_00941,0.99
test_00942,0.01
test_00943,0.023443714
test_00944,0.05475055
test_00945,0.92374706
test_00946,0.9890681
test_00947,0.25084233
test_00948,0.01
test_00949,0.01
test_00950,0.01
test_00951,0.01
test_00952,0.6178368
test_00953,0.18409665
test_00954,0.14648552
test_00955,0.99
test_00956,0.8185888
test_00957,0.07764166
test_00958,0.9275543
test_00959,0.15253796
test_00960,0.9742963
test_00961,0.62923455
test_00962,0.01
test_00963,0.8164701
test_00964,0.99
test_00965,0.22506686
test_00966,0.01
test_00967,0.030639412
test_00968,0.01
test_00969,0.92070997
test_00970,0.07518598
test_00971,0.99
test_00972,0.057423
test_00973,0.051155943
test_00974,0.01
test_00975,0.13948543
test_00976,0.01
test_00977,0.97875655
test_00978,0.01
test_00979,0.21343549
test_00980,0.99
test_00981,0.59609133
test_00982,0.74300367
test_00983,0.9879112
test_00984,0.88289595
test_00985,0.9766669
test_00986,0.43476897
test_00987,0.2508832
test_00988,0.9049269
test_00989,0.061066896
test_00990,0.4527406
test_00991,0.41469246
test_00992,0.01
test_00993,0.01
test_00994,0.01
test_00995,0.01
test_00996,0.99
test_00997,0.99
test_00998,0.069777206
test_00999,0.062367667
test_01000,0.026309269
test_01001,0.99
test_01002,0.99
test_01003,0.99
test_01004,0.6779474
test_01005,0.01
test_01006,0.029823907
test_01007,0.01
test_01008,0.37680596
test_01009,0.17690434
test_01010,0.99
test_01011,0.22029875
test_01012,0.74808705
test_01013,0.01
test_01014,0.97082335
test_01015,0.98380035
test_01016,0.99
test_01017,0.027122047
test_01018,0.99
test_01019,0.99
test_01020,0.81079984
test_01021,0.01417036
test_01022,0.59891427
test_01023,0.69939363
test_01024,0.01
test_01025,0.01
test_01026,0.08963549
test_01027,0.01
test_01028,0.01035194
test_01029,0.82050085
test_01030,0.99
test_01031,0.506983
test_01032,0.01578262
test_01033,0.99
test_01034,0.94653183
test_01035,0.0149007635
test_01036,0.9695617
test_01037,0.99
test_01038,0.98919934
test_01039,0.99
test_01040,0.043601714
test_01041,0.977462
test_01042,0.99
test_01043,0.9289836
test_01044,0.99
test_01045,0.99
test_01046,0.01
test_01047,0.99
test_01048,0.96211624
test_01049,0.5232594
test_01050,0.062631875
test_01051,0.99
test_01052,0.97441643
test_01053,0.01
test_01054,0.13372065
test_01055,0.899565
test_01056,0.01
test_01057,0.01
test_01058,0.99
test_01059,0.15744846
test_01060,0.87611365
test_01061,0.4311151
test_01062,0.93836
test_01063,0.6523994
test_01064,0.01
test_01065,0.6381769
test_01066,0.99
test_01067,0.01
test_01068,0.99
test_01069,0.02177072
test_01070,0.99
test_01071,0.8999172
test_01072,0.9824233
test_01073,0.99
test_01074,0.99
test_01075,0.8817404
test_01076,0.01112699
test_01077,0.8996136
test_01078,0.01
test_01079,0.6831079
test_01080,0.9704579
test_01081,0.5482893
test_01082,0.14273223
test_01083,0.090119295
test_01084,0.18724799
test_01085,0.01
test_01086,0.099077515
test_01087,0.1777353
test_01088,0.14429782
test_01089,0.9844037
test_01090,0.98997074
test_01091,0.99
test_01092,0.99
test_01093,0.062237766
test_01094,0.01
test_01095,0.99
test_01096,0.01
test_01097,0.99
test_01098,0.99
test_01099,0.01
test_01100,0.01
test_01101,0.01
test_01102,0.99
test_01103,0.01
test_01104,0.6828851
test_01105,0.01
test_01106,0.4048264
test_01107,0.24258402
test_01108,0.8582079
test_01109,0.08620325
test_01110,0.99
test_01111,0.01
test_01112,0.9590889
test_01113,0.84008646
test_01114,0.01
test_01115,0.01
test_01116,0.47322917
test_01117,0.99
test_01118,0.98599017
test_01119,0.57418644
test_01120,0.31108713
test_01121,0.99
test_01122,0.8644256
test_01123,0.19797347
test_01124,0.01
test_01125,0.84326
test_01126,0.99
test_01127,0.9079191
test_01128,0.627294
test_01129,0.82540196
test_01130,0.99
test_01131,0.016200205
test_01132,0.848041
test_01133,0.01
test_01134,0.5519175
test_01135,0.9190455
test_01136,0.027519409
test_01137,0.01
test_01138,0.6181877
test_01139,0.06717268
test_01140,0.84284157
test_01141,0.99
test_01142,0.98630106
test_01143,0.99
test_01144,0.99
test_01145,0.9572678
test_01146,0.8507506
test_01147,0.49937552
test_01148,0.99
test_01149,0.01
test_01150,0.99
test_01151,0.026240315
test_01152,0.99
test_01153,0.99
test_01154,0.1832192
test_01155,0.1570159
test_01156,0.01
test_01157,0.01
test_01158,0.045193188
test_01159,0.01
test_01160,0.050767627
test_01161,0.017219797
test_01162,0.07986411
test_01163,0.01
test_01164,0.01
test_01165,0.01
test_01166,0.9735527
test_01167,0.41867587
test_01168,0.96930605
test_01169,0.30024344
test_01170,0.01
test_01171,0.99
test_01172,0.99
test_01173,0.3316651
test_01174,0.40070948
test_01175,0.01
test_01176,0.01
test_01177,0.6203977
test_01178,0.0279291
test_01179,0.29793754
test_01180,0.01
test_01181,0.23763353
test_01182,0.50338995
test_01183,0.99
test_01184,0.99
test_01185,0.08148754
test_01186,0.01
test_01187,0.03020001
test_01188,0.01
test_01189,0.01
test_01190,0.013422166
test_01191,0.94916326
test_01192,0.99
test_01193,0.03666662
test_01194,0.99
test_01195,0.97498465
test_01196,0.32603693
test_01197,0.9468596
test_01198,0.89122033
test_01199,0.018219488
test_01200,0.93914497
test_01201,0.9356534
test_01202,0.98981935
test_01203,0.99
test_01204,0.01
test_01205,0.9870728
test_01206,0.99
test_01207,0.35321307
test_01208,0.7406029
test_01209,0.01
test_01210,0.7983382
test_01211,0.99
test_01212,0.059026737
test_01213,0.0979811
test_01214,0.01
test_01215,0.01
test_01216,0.99
test_01217,0.012707145
test_01218,0.01
test_01219,0.01
test_01220,0.99
test_01221,0.9665182
test_01222,0.1271346
test_01223,0.053157393
test_01224,0.99
test_01225,0.99
test_01226,0.01
test_01227,0.99
test_01228,0.12921967
test_01229,0.9759578
test_01230,0.32525742
test_01231,0.99
test_01232,0.01
test_01233,0.99
test_01234,0.061670132
test_01235,0.99
test_01236,0.9777996
test_01237,0.01
test_01238,0.01
test_01239,0.99
test_01240,0.9249856
test_01241,0.048742868
test_01242,0.01
test_01243,0.4777634
test_01244,0.01
test_01245,0.99
test_01246,0.99
test_01247,0.99
test_01248,0.01
test_01249,0.93282586
test_01250,0.01
test_01251,0.84700006
test_01252,0.9655158
test_01253,0.019321654
test_01254,0.99
test_01255,0.87896997
test_01256,0.19473359
test_01257,0.08501996
test_01258,0.38519695
test_01259,0.96292603
test_01260,0.34129813
test_01261,0.99
test_01262,0.24986644
test_01263,0.99
test_01264,0.2248755
test_01265,0.45450234
test_01266,0.01
test_01267,0.01
test_01268,0.8170413
test_01269,0.02188382
test_01270,0.01
test_01271,0.01
test_01272,0.16616648
test_01273,0.01
test_01274,0.01
test_01275,0.04297264
test_01276,0.16345778
test_01277,0.54563034
test_01278,0.8176378
test_01279,0.01
test_01280,0.36281452
test_01281,0.5033144
test_01282,0.99
test_01283,0.13760845
test_01284,0.01
test_01285,0.83222175
test_01286,0.01
test_01287,0.01
test_01288,0.03603241
test_01289,0.99
test_01290,0.1646786
test_01291,0.01
test_01292,0.1203084
test_01293,0.01
test_01294,0.99
test_01295,0.060465068
test_01296,0.98617166
test_01297,0.82483065
test_01298,0.050194614
test_01299,0.99
test_01300,0.01
test_01301,0.9714684
test_01302,0.99
test_01303,0.20361976
test_01304,0.9721673
test_01305,0.91228545
test_01306,0.98847336
test_01307,0.99
test_01308,0.99
test_01309,0.01
test_01310,0.99
test_01311,0.01
test_01312,0.99
test_01313,0.01
test_01314,0.5921806
test_01315,0.08597709
test_01316,0.01
test_01317,0.9852845
test_01318,0.020779798
test_01319,0.6734948
test_01320,0.054181483
test_01321,0.01
test_01322,0.31402746
test_01323,0.010803028
test_01324,0.01
test_01325,0.99
test_01326,0.6339626
test_01327,0.95081997
test_01328,0.93595
test_01329,0.99
test_01330,0.96859497
test_01331,0.0884281
test_01332,0.02071657
test_01333,0.01
test_01334,0.99
test_01335,0.99
test_01336,0.044922978
test_01337,0.033225413
test_01338,0.99
test_01339,0.8286727
test_01340,0.95131487
test_01341,0.96545815
test_01342,0.07075426
test_01343,0.01
test_01344,0.99
test_01345,0.47453448
test_01346,0.9612349
test_01347,0.13226481
test_01348,0.01
test_01349,0.01
test_01350,0.99
test_01351,0.049493846
test_01352,0.8092855
test_01353,0.01
test_01354,0.4304517
test_01355,0.12890399
test_01356,0.01
test_01357,0.01
test_01358,0.99
test_01359,0.076223984
test_01360,0.01
test_01361,0.63057214
test_01362,0.01
test_01363,0.99
test_01364,0.17543401
test_01365,0.7835365
test_01366,0.93210846
test_01367,0.95081544
test_01368,0.01
test_01369,0.05092208
test_01370,0.99
test_01371,0.01
test_01372,0.6150022
test_01373,0.99
test_01374,0.01
test_01375,0.01
test_01376,0.19161348
test_01377,0.7396112
test_01378,0.81091386
test_01379,0.01
test_01380,0.84186506
test_01381,0.01
test_01382,0.6322093
test_01383,0.01
test_01384,0.99
test_01385,0.99
test_01386,0.9782267
test_01387,0.99
test_01388,0.99
test_01389,0.016066583
test_01390,0.01
test_01391,0.17344122
test_01392,0.097973645
test_01393,0.99
test_01394,0.01
test_01395,0.99
test_01396,0.9866519
test_01397,0.87116283
test_01398,0.01
test_01399,0.9304352
test_01400,0.828279
test_01401,0.01
test_01402,0.61590034
test_01403,0.11756899
test_01404,0.11974283
test_01405,0.99
test_01406,0.98209214
test_01407,0.7431116
test_01408,0.9405199
test_01409,0.99
test_01410,0.37800005
test_01411,0.01
test_01412,0.01
test_01413,0.97896165
test_01414,0.01
test_01415,0.48015085
test_01416,0.99
test_01417,0.5977027
test_01418,0.11511761
test_01419,0.43582878
test_01420,0.01
test_01421,0.9631426
test_01422,0.056207072
test_01423,0.99
test_01424,0.050533697
test_01425,0.99
test_01426,0.9460327
test_01427,0.03958465
test_01428,0.01
test_01429,0.5871709
test_01430,0.85096294
test_01431,0.94933295
test_01432,0.99
test_01433,0.3557303
test_01434,0.99
test_01435,0.01
test_01436,0.01
test_01437,0.1126497
test_01438,0.011199143
test_01439,0.99
test_01440,0.99
test_01441,0.029111566
test_01442,0.99
test_01443,0.80039245
test_01444,0.82867825
test_01445,0.98338854
test_01446,0.04751799
test_01447,0.67846775
test_01448,0.99
test_01449,0.7070995
test_01450,0.013107262
test_01451,0.39994103
test_01452,0.11274308
test_01453,0.99
test_01454,0.99
test_01455,0.02606221
test_01456,0.04197185
test_01457,0.99
test_01458,0.8175671
test_01459,0.99
test_01460,0.01
test_01461,0.17806552
test_01462,0.036721416
test_01463,0.99
test_01464,0.01
test_01465,0.9836084
test_01466,0.9820884
test_01467,0.99
test_01468,0.99
test_01469,0.5663514
test_01470,0.3913184
test_01471,0.90736926
test_01472,0.4661485
test_01473,0.6433803
test_01474,0.987698
test_01475,0.029744677
test_01476,0.5192651
test_01477,0.01
test_01478,0.01
test_01479,0.12264328
test_01480,0.5801178
test_01481,0.7041195
test_01482,0.27937335
test_01483,0.23366836
test_01484,0.01
test_01485,0.76050425
test_01486,0.99
test_01487,0.01
test_01488,0.99
test_01489,0.48921394
test_01490,0.33007059
test_01491,0.048499666
test_01492,0.36774206
test_01493,0.023050474
test_01494,0.01
test_01495,0.38396275
test_01496,0.11109025
test_01497,0.4164768
test_01498,0.4169973
test_01499,0.010363652
test_01500,0.77508837
test_01501,0.37920582
test_01502,0.99
test_01503,0.022679487
test_01504,0.99
test_01505,0.01
test_01506,0.98439157
test_01507,0.95812076
test_01508,0.2183539
test_01509,0.98077536
test_01510,0.035285532
test_01511,0.957273
test_01512,0.99
test_01513,0.9302154
test_01514,0.01
test_01515,0.99
test_01516,0.28177497
test_01517,0.01
test_01518,0.9898617
test_01519,0.08189474
test_01520,0.50708526
test_01521,0.98146856
test_01522,0.99
test_01523,0.7326097
test_01524,0.9033407
test_01525,0.99
test_01526,0.01
test_01527,0.9565341
test_01528,0.9891775
test_01529,0.01
test_01530,0.99
test_01531,0.01
test_01532,0.99
test_01533,0.058648694
test_01534,0.80897063
test_01535,0.99
test_01536,0.28646317
test_01537,0.99
test_01538,0.41486183
test_01539,0.99
test_01540,0.01
test_01541,0.01483266
test_01542,0.060589068
test_01543,0.99
test_01544,0.5604701
test_01545,0.98634726
test_01546,0.9679088
test_01547,0.043797135
test_01548,0.01
test_01549,0.78806645
test_01550,0.99
test_01551,0.23787239
test_01552,0.10661434
test_01553,0.050133664
test_01554,0.01
test_01555,0.20129445
test_01556,0.99
test_01557,0.9819072
test_01558,0.99
test_01559,0.8795668
test_01560,0.08481182
test_01561,0.981618
test_01562,0.6428046
test_01563,0.99
test_01564,0.01
test_01565,0.99
test_01566,0.05404783
test_01567,0.7836971
test_01568,0.7972885
test_01569,0.01
test_01570,0.940885
test_01571,0.8369032
test_01572,0.80303925
test_01573,0.7176288
test_01574,0.99
test_01575,0.16986436
test_01576,0.13211177
test_01577,0.26949534
test_01578,0.14167681
test_01579,0.09062384
test_01580,0.057476602
test_01581,0.99
test_01582,0.073516816
test_01583,0.01
test_01584,0.93331456
test_01585,0.01
test_01586,0.99
test_01587,0.012543041
test_01588,0.14638312
test_01589,0.54510844
test_01590,0.14724147
test_01591,0.99
test_01592,0.01
test_01593,0.01
test_01594,0.3133173
test_01595,0.99
test_01596,0.10085899
test_01597,0.020660294
test_01598,0.01
test_01599,0.98507565
test_01600,0.01
test_01601,0.9871366
test_01602,0.98364085
test_01603,0.96713066
test_01604,0.99
test_01605,0.015920326
test_01606,0.1610913
test_01607,0.20994359
test_01608,0.99
test_01609,0.9059919
test_01610,0.99
test_01611,0.597807
test_01612,0.99
test_01613,0.13693617
test_01614,0.02448904
test_01615,0.6968582
test_01616,0.11162219
test_01617,0.8622284
test_01618,0.99
test_01619,0.6510368
test_01620,0.01
test_01621,0.05183258
test_01622,0.99
test_01623,0.038040776
test_01624,0.01
test_01625,0.08311129
test_01626,0.55471075
test_01627,0.0454748
test_01628,0.24593867
test_01629,0.8993632
test_01630,0.99
test_01631,0.99
test_01632,0.01
test_01633,0.7513048
test_01634,0.5842612
test_01635,0.99
test_01636,0.44168338
test_01637,0.61717546
test_01638,0.13249123
test_01639,0.01
test_01640,0.016634896
test_01641,0.01122103
test_01642,0.01
test_01643,0.98817307
test_01644,0.22295375
test_01645,0.743843
test_01646,0.8986705
test_01647,0.6358525
test_01648,0.14804283
test_01649,0.12529671
test_01650,0.2510022
test_01651,0.54163027
test_01652,0.855664
test_01653,0.01
test_01654,0.08286704
test_01655,0.99
test_01656,0.99
test_01657,0.37179103
test_01658,0.99
test_01659,0.75443155
test_01660,0.99
test_01661,0.23567165
test_01662,0.50277257
test_01663,0.01
test_01664,0.5654215
test_01665,0.14767241
test_01666,0.98059493
test_01667,0.07827627
test_01668,0.98198044
test_01669,0.04386217
test_01670,0.64192903
test_01671,0.88494855
test_01672,0.99
test_01673,0.99
test_01674,0.100521415
test_01675,0.7421168
test_01676,0.99
test_01677,0.3991666
test_01678,0.8957638
test_01679,0.88337755
test_01680,0.01
test_01681,0.60999906
test_01682,0.99
test_01683,0.04700118
test_01684,0.5330548
test_01685,0.7647614
test_01686,0.01
test_01687,0.4912234
test_01688,0.01
test_01689,0.01
test_01690,0.99
test_01691,0.01
test_01692,0.01
test_01693,0.827753
test_01694,0.01
test_01695,0.79665315
test_01696,0.696125
test_01697,0.9885415
test_01698,0.99
test_01699,0.01
test_01700,0.8883616
test_01701,0.01
test_01702,0.99
test_01703,0.99
test_01704,0.01
test_01705,0.16106814
test_01706,0.9417903
test_01707,0.49881443
test_01708,0.99
test_01709,0.9689294
test_01710,0.9301593
test_01711,0.5694392
test_01712,0.01
test_01713,0.01
test_01714,0.9161871
test_01715,0.832062
test_01716,0.7720475
test_01717,0.1316541
test_01718,0.5248893
test_01719,0.2777442
test_01720,0.18446608
test_01721,0.01
test_01722,0.99
test_01723,0.01
test_01724,0.01
test_01725,0.08599276
test_01726,0.01
test_01727,0.99
test_01728,0.2772611
test_01729,0.20909755
test_01730,0.99
test_01731,0.9857949
test_01732,0.43896928
test_01733,0.99
test_01734,0.58371454
test_01735,0.99
test_01736,0.97705406
test_01737,0.98115367
test_01738,0.97543055
test_01739,0.028532965
test_01740,0.99
test_01741,0.01
test_01742,0.038043957
test_01743,0.345943
test_01744,0.011039201
test_01745,0.99
test_01746,0.01
test_01747,0.99
test_01748,0.16310383
test_01749,0.97465634
test_01750,0.9851671
test_01751,0.01
test_01752,0.01
test_01753,0.9625779
test_01754,0.6548215
test_01755,0.01
test_01756,0.99
test_01757,0.01
test_01758,0.3912748
test_01759,0.01
test_01760,0.09352925
test_01761,0.01
test_01762,0.41247508
test_01763,0.01
test_01764,0.90668863
test_01765,0.046724927
test_01766,0.01
test_01767,0.5723418
test_01768,0.21630348
test_01769,0.62005395
test_01770,0.053286362
test_01771,0.53197277
test_01772,0.9830641
test_01773,0.99
test_01774,0.99
test_01775,0.16903041
test_01776,0.99
test_01777,0.024173662
test_01778,0.9833576
test_01779,0.14806494
test_01780,0.01
test_01781,0.01
test_01782,0.01
test_01783,0.9827229
test_01784,0.01
test_01785,0.011233111
test_01786,0.73123235
test_01787,0.48660445
test_01788,0.99
test_01789,0.01
test_01790,0.03214299
test_01791,0.64801407
test_01792,0.110292934
test_01793,0.10338327
test_01794,0.99
test_01795,0.78398526
test_01796,0.01
test_01797,0.0105740605
test_01798,0.7521065
test_01799,0.01
test_01800,0.17437045
test_01801,0.99
test_01802,0.018249791
test_01803,0.95975244
test_01804,0.01
test_01805,0.025747111
test_01806,0.8717416
test_01807,0.9890398
test_01808,0.99
test_01809,0.99
test_01810,0.60103273
test_01811,0.38128635
test_01812,0.01
test_01813,0.4021017
test_01814,0.01
test_01815,0.9897433
test_01816,0.01
test_01817,0.01
test_01818,0.99
test_01819,0.44768897
test_01820,0.01
test_01821,0.90609527
test_01822,0.85825163
test_01823,0.016733158
test_01824,0.96161103
test_01825,0.3502661
test_01826,0.01
test_01827,0.14352027
test_01828,0.99
test_01829,0.01
test_01830,0.9534692
test_01831,0.01
test_01832,0.90701765
test_01833,0.21275604
test_01834,0.01
test_01835,0.33997008
test_01836,0.99
test_01837,0.987002
test_01838,0.73744476
test_01839,0.99
test_01840,0.40090093
test_01841,0.12563193
test_01842,0.94401807
test_01843,0.4938355
test_01844,0.015102119
test_01845,0.5797284
test_01846,0.99
test_01847,0.010607928
test_01848,0.01
test_01849,0.91976243
test_01850,0.031988535
test_01851,0.99
test_01852,0.357175
test_01853,0.9536858
test_01854,0.02371278
test_01855,0.01
test_01856,0.88834107
test_01857,0.01
test_01858,0.99
test_01859,0.4530847
test_01860,0.99
test_01861,0.8859275
test_01862,0.6779675
test_01863,0.017885957
test_01864,0.01
test_01865,0.99
test_01866,0.7731322
test_01867,0.99
test_01868,0.01
test_01869,0.44933987
test_01870,0.7956078
test_01871,0.99
test_01872,0.01
test_01873,0.7408716
test_01874,0.58422107
test_01875,0.15776472
test_01876,0.11863303
test_01877,0.86614513
test_01878,0.97801995
test_01879,0.99
test_01880,0.99
test_01881,0.99
test_01882,0.01
test_01883,0.93820864
test_01884,0.20898677
test_01885,0.30518082
test_01886,0.01
test_01887,0.72910553
test_01888,0.33060804
test_01889,0.06454325
test_01890,0.7080751
test_01891,0.17866112
test_01892,0.3731942
test_01893,0.96762085
test_01894,0.29867324
test_01895,0.01
test_01896,0.37570444
test_01897,0.7915601
test_01898,0.9596482
test_01899,0.16106953
test_01900,0.99
test_01901,0.99
test_01902,0.97011
test_01903,0.177432
test_01904,0.01
test_01905,0.12519762
test_01906,0.01
test_01907,0.061344285
test_01908,0.20784311
test_01909,0.01
test_01910,0.016549181
test_01911,0.01
test_01912,0.99
test_01913,0.018431788
test_01914,0.8850787
test_01915,0.01
test_01916,0.99
test_01917,0.99
test_01918,0.99
test_01919,0.032112658
test_01920,0.99
test_01921,0.014755743
test_01922,0.99
test_01923,0.15697256
test_01924,0.99
test_01925,0.99
test_01926,0.2589176
test_01927,0.6397047
test_01928,0.08644067
test_01929,0.4955154
test_01930,0.99
test_01931,0.01
test_01932,0.99
test_01933,0.99
test_01934,0.97683334
test_01935,0.6728565
test_01936,0.8616853
test_01937,0.9818844
test_01938,0.037332457
test_01939,0.0651795
test_01940,0.01
test_01941,0.90060395
test_01942,0.99
test_01943,0.01
test_01944,0.9703794
test_01945,0.01
test_01946,0.019477582
test_01947,0.01
test_01948,0.91930336
test_01949,0.01
test_01950,0.11642233
test_01951,0.8188397
test_01952,0.99
test_01953,0.15267453
test_01954,0.54101443
test_01955,0.024593025
test_01956,0.99
test_01957,0.18812671
test_01958,0.99
test_01959,0.09769795
test_01960,0.99
test_01961,0.42047375
test_01962,0.01
test_01963,0.056069978
test_01964,0.01
test_01965,0.64363635
test_01966,0.01
test_01967,0.2587541
test_01968,0.42555884
test_01969,0.5310328
test_01970,0.07495574
test_01971,0.9407161
test_01972,0.75012344
test_01973,0.042132564
test_01974,0.67070115
test_01975,0.99
test_01976,0.2188063
test_01977,0.021107055
test_01978,0.99
test_01979,0.99
test_01980,0.2933096
test_01981,0.99
test_01982,0.9818543
test_01983,0.091966525
test_01984,0.9488709
test_01985,0.99
test_01986,0.9870151
test_01987,0.9545477
test_01988,0.01
test_01989,0.89535856
test_01990,0.43757606
test_01991,0.99
test_01992,0.187257
test_01993,0.9893457
test_01994,0.01
test_01995,0.99
test_01996,0.06886321
test_01997,0.99
test_01998,0.012216347
test_01999,0.23054169
test_02000,0.9679194
test_02001,0.01
test_02002,0.01
test_02003,0.99
test_02004,0.02630594
test_02005,0.9775548
test_02006,0.043208294
test_02007,0.3036316
test_02008,0.8605831
test_02009,0.010857888
test_02010,0.99
test_02011,0.98790026
test_02012,0.01
test_02013,0.99
test_02014,0.01
test_02015,0.7830552
test_02016,0.98775834
test_02017,0.01
test_02018,0.98847765
test_02019,0.845968
test_02020,0.01
test_02021,0.98644084
test_02022,0.17138104
test_02023,0.71146286
test_02024,0.01
test_02025,0.32659808
test_02026,0.99
test_02027,0.7601422
test_02028,0.9652677
test_02029,0.4121777
test_02030,0.99
test_02031,0.019861124
test_02032,0.9372941
test_02033,0.01
test_02034,0.9405661
test_02035,0.981804
test_02036,0.073923975
test_02037,0.17803352
test_02038,0.037544228
test_02039,0.96387047
test_02040,0.83849096
test_02041,0.99
test_02042,0.01
test_02043,0.31828758
test_02044,0.12810633
test_02045,0.96683604
test_02046,0.019334346
test_02047,0.22764023
test_02048,0.99
test_02049,0.01
test_02050,0.4073525
test_02051,0.99
test_02052,0.33059767
test_02053,0.31596982
test_02054,0.64144605
test_02055,0.09517083
test_02056,0.9897792
test_02057,0.99
test_02058,0.9624738
test_02059,0.99
test_02060,0.98515123
test_02061,0.5263807
test_02062,0.01
test_02063,0.01
test_02064,0.94180256
test_02065,0.99
test_02066,0.8633898
test_02067,0.01
test_02068,0.8189999
test_02069,0.99
test_02070,0.026547942
test_02071,0.11220916
test_02072,0.99
test_02073,0.33921045
test_02074,0.9164316
test_02075,0.92265797
test_02076,0.99
test_02077,0.021179637
test_02078,0.99
test_02079,0.19118863
test_02080,0.9735562
test_02081,0.01
test_02082,0.99
test_02083,0.01
test_02084,0.47684154
test_02085,0.63041955
test_02086,0.014029227
test_02087,0.01
test_02088,0.15788637
test_02089,0.661925
test_02090,0.33893573
test_02091,0.01
test_02092,0.93225616
test_02093,0.01
test_02094,0.96579874
test_02095,0.059861325
test_02096,0.082945384
test_02097,0.01
test_02098,0.9646021
test_02099,0.14677833
test_02100,0.99
test_02101,0.07186954
test_02102,0.6038388
test_02103,0.24418357
test_02104,0.024523338
test_02105,0.98161376
test_02106,0.99
test_02107,0.01
test_02108,0.6152885
test_02109,0.01
test_02110,0.99
test_02111,0.77252036
test_02112,0.9675766
test_02113,0.99
test_02114,0.9666636
test_02115,0.84790283
test_02116,0.8978105
test_02117,0.96294296
test_02118,0.0798489
test_02119,0.9710849
test_02120,0.035767782
test_02121,0.2844316
test_02122,0.012264713
test_02123,0.01066065
test_02124,0.9798206
test_02125,0.7952963
test_02126,0.37616652
test_02127,0.012579647
test_02128,0.022432143
test_02129,0.01
test_02130,0.99
test_02131,0.101779126
test_02132,0.01
test_02133,0.92188835
test_02134,0.01
test_02135,0.99
test_02136,0.01
test_02137,0.81380826
test_02138,0.98851097
test_02139,0.99
test_02140,0.01
test_02141,0.9729326
test_02142,0.99
test_02143,0.48250163
test_02144,0.90522075
test_02145,0.7278095
test_02146,0.38700283
test_02147,0.81416255
test_02148,0.6327802
test_02149,0.211253
test_02150,0.99
test_02151,0.011968144
test_02152,0.5818934
test_02153,0.74049795
test_02154,0.99
test_02155,0.99
test_02156,0.01816734
test_02157,0.038240448
test_02158,0.6304634
test_02159,0.84223133
test_02160,0.59684926
test_02161,0.9876216
test_02162,0.09605343
test_02163,0.016247358
test_02164,0.01
test_02165,0.08583113
test_02166,0.15941733
test_02167,0.69161314
test_02168,0.64964706
test_02169,0.99
test_02170,0.023653125
test_02171,0.752745
test_02172,0.717624
test_02173,0.8682425
test_02174,0.4678146
test_02175,0.01
test_02176,0.01
test_02177,0.99
test_02178,0.01
test_02179,0.01
test_02180,0.9836172
test_02181,0.99
test_02182,0.01
test_02183,0.3739985
test_02184,0.057763528
test_02185,0.957461
test_02186,0.01
test_02187,0.8706185
test_02188,0.95882857
test_02189,0.7734347
test_02190,0.27331164
test_02191,0.99
test_02192,0.01
test_02193,0.43454492
test_02194,0.99
test_02195,0.8353312
test_02196,0.01
test_02197,0.99
test_02198,0.13475941
test_02199,0.01
test_02200,0.01
test_02201,0.01
test_02202,0.035830095
test_02203,0.1509238
test_02204,0.13335414
test_02205,0.05028795
test_02206,0.99
test_02207,0.92737496
test_02208,0.8253331
test_02209,0.6079953
test_02210,0.01
test_02211,0.1385332
test_02212,0.5263545
test_02213,0.99
test_02214,0.95335954
test_02215,0.01
test_02216,0.042896096
test_02217,0.01
test_02218,0.28097177
test_02219,0.35865626
test_02220,0.01
test_02221,0.062334158
test_02222,0.99
test_02223,0.43793765
test_02224,0.26839235
test_02225,0.01
test_02226,0.01
test_02227,0.66638005
test_02228,0.99
test_02229,0.99
test_02230,0.01
test_02231,0.14477149
test_02232,0.42920047
test_02233,0.99
test_02234,0.01
test_02235,0.63427895
test_02236,0.83793855
test_02237,0.9167521
test_02238,0.05283079
test_02239,0.9720263
test_02240,0.6021824
test_02241,0.96792865
test_02242,0.7714399
test_02243,0.91349953
test_02244,0.99
test_02245,0.9808008
test_02246,0.9411877
test_02247,0.29846066
test_02248,0.99
test_02249,0.80727005
test_02250,0.99
test_02251,0.8068123
test_02252,0.9454714
test_02253,0.5805018
test_02254,0.024176631
test_02255,0.96223676
test_02256,0.01
test_02257,0.97851264
test_02258,0.010210987
test_02259,0.99
test_02260,0.88625133
test_02261,0.010566231
test_02262,0.01
test_02263,0.09143284
test_02264,0.29914567
test_02265,0.99
test_02266,0.33652416
test_02267,0.016188687
test_02268,0.99
test_02269,0.014881093
test_02270,0.99
test_02271,0.011840946
test_02272,0.01
test_02273,0.027408054
test_02274,0.24659748
test_02275,0.960899
test_02276,0.7198059
test_02277,0.99
test_02278,0.9503332
test_02279,0.99
test_02280,0.015492961
test_02281,0.052885365
test_02282,0.01
test_02283,0.26807925
test_02284,0.016330818
test_02285,0.0773751
test_02286,0.085545816
test_02287,0.9767333
test_02288,0.01
test_02289,0.06401485
test_02290,0.99
test_02291,0.01
test_02292,0.01
test_02293,0.06272034
test_02294,0.99
test_02295,0.9051634
test_02296,0.99
test_02297,0.99
test_02298,0.99
test_02299,0.99
test_02300,0.19713305
test_02301,0.80562675
test_02302,0.99
test_02303,0.99
test_02304,0.01
test_02305,0.99
test_02306,0.99
test_02307,0.01
test_02308,0.21572207
test_02309,0.03753968
test_02310,0.18264517
test_02311,0.98086435
test_02312,0.01
test_02313,0.9853116
test_02314,0.93699396
test_02315,0.99
test_02316,0.8676007
test_02317,0.01
test_02318,0.8832448
test_02319,0.99
test_02320,0.73819876
test_02321,0.9883267
test_02322,0.99
test_02323,0.01
test_02324,0.5981613
test_02325,0.80906194
test_02326,0.15197995
test_02327,0.99
test_02328,0.8729193
test_02329,0.1494639
test_02330,0.24337772
test_02331,0.01
test_02332,0.022099193
test_02333,0.01
test_02334,0.96605307
test_02335,0.99
test_02336,0.99
test_02337,0.01
test_02338,0.7602665
test_02339,0.99
test_02340,0.99
test_02341,0.94915444
test_02342,0.01
test_02343,0.9848567
test_02344,0.01
test_02345,0.20468085
test_02346,0.5722587
test_02347,0.99
test_02348,0.99
test_02349,0.99
test_02350,0.7464739
test_02351,0.01
test_02352,0.49313912
test_02353,0.09844564
test_02354,0.99
test_02355,0.92755306
test_02356,0.99
test_02357,0.99
test_02358,0.99
test_02359,0.99
test_02360,0.01
test_02361,0.76234776
test_02362,0.99
test_02363,0.99
test_02364,0.99
test_02365,0.5224839
test_02366,0.0777026
test_02367,0.99
test_02368,0.01
test_02369,0.18496819
test_02370,0.9732421
test_02371,0.99
test_02372,0.0726413
test_02373,0.89330524
test_02374,0.10860441
test_02375,0.65003216
test_02376,0.91214263
test_02377,0.048535842
test_02378,0.08642268
test_02379,0.01
test_02380,0.04381893
test_02381,0.58739936
test_02382,0.03581678
test_02383,0.01
test_02384,0.032409854
test_02385,0.99
test_02386,0.020942843
test_02387,0.09019335
test_02388,0.029307509
test_02389,0.9295932
test_02390,0.9404223
test_02391,0.11023802
test_02392,0.99
test_02393,0.07025003
test_02394,0.9827108
test_02395,0.99
test_02396,0.01
test_02397,0.9183037
test_02398,0.9762363
test_02399,0.25636154
test_02400,0.99
test_02401,0.9182829
test_02402,0.9628114
test_02403,0.01
test_02404,0.9755205
test_02405,0.1377936
test_02406,0.99
test_02407,0.78308946
test_02408,0.36600786
test_02409,0.01
test_02410,0.01
test_02411,0.01
test_02412,0.99
test_02413,0.99
test_02414,0.39473328
test_02415,0.71059924
test_02416,0.36978212
test_02417,0.99
test_02418,0.8306653
test_02419,0.94881594
test_02420,0.01
test_02421,0.01
test_02422,0.01
test_02423,0.8221517
test_02424,0.01
test_02425,0.024563465
test_02426,0.99
test_02427,0.99
test_02428,0.01
test_02429,0.01
test_02430,0.82994974
test_02431,0.01
test_02432,0.012394368
test_02433,0.99
test_02434,0.9668188
test_02435,0.01
test_02436,0.021386689
test_02437,0.8065557
test_02438,0.14143841
test_02439,0.99
test_02440,0.376041
test_02441,0.38987535
test_02442,0.39570636
test_02443,0.38549393
test_02444,0.23759045
test_02445,0.1556697
test_02446,0.5769985
test_02447,0.94408536
test_02448,0.12690666
test_02449,0.01
test_02450,0.99
test_02451,0.99
test_02452,0.020674268
test_02453,0.8347928
test_02454,0.99
test_02455,0.99
test_02456,0.01
test_02457,0.01
test_02458,0.09789044
test_02459,0.01
test_02460,0.01
test_02461,0.99
test_02462,0.99
test_02463,0.050465506
test_02464,0.99
test_02465,0.96092707
test_02466,0.01
test_02467,0.013541171
test_02468,0.99
test_02469,0.01
test_02470,0.33607602
test_02471,0.99
test_02472,0.8644096
test_02473,0.99
test_02474,0.017180476
test_02475,0.01
test_02476,0.16819444
test_02477,0.22426124
test_02478,0.9634309
test_02479,0.99
test_02480,0.99
test_02481,0.82438403
test_02482,0.5400835
test_02483,0.067394905
test_02484,0.01
test_02485,0.7425836
test_02486,0.99
test_02487,0.01
test_02488,0.9833466
test_02489,0.9013548
test_02490,0.99
test_02491,0.99
test_02492,0.01
test_02493,0.08428096
test_02494,0.6093142
test_02495,0.01
test_02496,0.7793373
test_02497,0.09770028
test_02498,0.01
test_02499,0.03221913
test_02500,0.99
test_02501,0.67030066
test_02502,0.26092252
test_02503,0.01
test_02504,0.1846957
test_02505,0.01
test_02506,0.1808058
test_02507,0.99
test_02508,0.18637004
test_02509,0.87499565
test_02510,0.31339926
test_02511,0.6237476
test_02512,0.21951789
test_02513,0.9674675
test_02514,0.18679905
test_02515,0.13858756
test_02516,0.99
test_02517,0.51522523
test_02518,0.14955126
test_02519,0.95454955
test_02520,0.3829157
test_02521,0.98589593
test_02522,0.99
test_02523,0.01
test_02524,0.95405436
test_02525,0.95262283
test_02526,0.018074555
test_02527,0.99
test_02528,0.99
test_02529,0.23087476
test_02530,0.79661566
test_02531,0.8409957
test_02532,0.01
test_02533,0.97157764
test_02534,0.01
test_02535,0.96040154
test_02536,0.01
test_02537,0.9099297
test_02538,0.99
test_02539,0.049995176
test_02540,0.05952446
test_02541,0.01
test_02542,0.986246
test_02543,0.9483534
test_02544,0.9664283
test_02545,0.99
test_02546,0.06397213
test_02547,0.99
test_02548,0.77211195
test_02549,0.99
test_02550,0.99
test_02551,0.9050311
test_02552,0.7015336
test_02553,0.99
test_02554,0.9176826
test_02555,0.658428
test_02556,0.9215312
test_02557,0.03772591
test_02558,0.99
test_02559,0.85997295
test_02560,0.98880476
test_02561,0.13277899
test_02562,0.36884534
test_02563,0.8987769
test_02564,0.055447295
test_02565,0.99
test_02566,0.32919037
test_02567,0.01
test_02568,0.01
test_02569,0.01
test_02570,0.99
test_02571,0.231484
test_02572,0.93759435
test_02573,0.026833994
test_02574,0.99
test_02575,0.2868928
test_02576,0.9641688
test_02577,0.38280597
test_02578,0.99
test_02579,0.01
test_02580,0.26083294
test_02581,0.9338323
test_02582,0.022814656
test_02583,0.99
test_02584,0.99
test_02585,0.01
test_02586,0.60825515
test_02587,0.01
test_02588,0.13899666
test_02589,0.017897611
test_02590,0.04201045
test_02591,0.99
test_02592,0.59368795
test_02593,0.99
test_02594,0.99
test_02595,0.93157184
test_02596,0.5580037
test_02597,0.51114637
test_02598,0.9496355
test_02599,0.98424584
test_02600,0.87335736
test_02601,0.058883484
test_02602,0.31901535
test_02603,0.3133946
test_02604,0.3847813
test_02605,0.027656956
test_02606,0.99
test_02607,0.9851459
test_02608,0.2422335
test_02609,0.99
test_02610,0.01
test_02611,0.6834878
test_02612,0.4812029
test_02613,0.04129338
test_02614,0.9564705
test_02615,0.01
test_02616,0.8202277
test_02617,0.32146066
test_02618,0.36327353
test_02619,0.17226036
test_02620,0.99
test_02621,0.117062084
test_02622,0.1333297
test_02623,0.65143347
test_02624,0.7775949
test_02625,0.01
test_02626,0.99
test_02627,0.46887195
test_02628,0.3450582
test_02629,0.012807292
test_02630,0.59733933
test_02631,0.6704659
test_02632,0.99
test_02633,0.978128
test_02634,0.99
test_02635,0.3004115
test_02636,0.40476385
test_02637,0.99
test_02638,0.99
test_02639,0.7242448
test_02640,0.99
test_02641,0.47715032
test_02642,0.03827337
test_02643,0.99
test_02644,0.67590314
test_02645,0.01
test_02646,0.99
test_02647,0.01
test_02648,0.01
test_02649,0.46888575
test_02650,0.027140573
test_02651,0.99
test_02652,0.055107806
test_02653,0.45267302
test_02654,0.75478315
test_02655,0.011877278
test_02656,0.01
test_02657,0.31090572
test_02658,0.107444905
test_02659,0.88632756
test_02660,0.60816115
test_02661,0.7103951
test_02662,0.01
test_02663,0.9276131
test_02664,0.99
test_02665,0.99
test_02666,0.14984961
test_02667,0.29173926
test_02668,0.67177665
test_02669,0.89989513
test_02670,0.28474614
test_02671,0.01
test_02672,0.08264495
test_02673,0.97447217
test_02674,0.01
test_02675,0.025823275
test_02676,0.99
test_02677,0.07552324
test_02678,0.99
test_02679,0.01
test_02680,0.01
test_02681,0.33824188
test_02682,0.88854426
test_02683,0.01
test_02684,0.01
test_02685,0.50916326
test_02686,0.72894657
test_02687,0.01
test_02688,0.99
test_02689,0.01
test_02690,0.72073954
test_02691,0.46896553
test_02692,0.99
test_02693,0.99
test_02694,0.025587069
test_02695,0.5353581
test_02696,0.99
test_02697,0.01
test_02698,0.56444496
test_02699,0.99
test_02700,0.037981305
test_02701,0.01
test_02702,0.9718398
test_02703,0.01
test_02704,0.01
test_02705,0.99
test_02706,0.16759372
test_02707,0.2829947
test_02708,0.72442734
test_02709,0.01
test_02710,0.99
test_02711,0.016691964
test_02712,0.71481144
test_02713,0.01
test_02714,0.12723611
test_02715,0.98961735
test_02716,0.24834831
test_02717,0.99
test_02718,0.5701328
test_02719,0.96038264
test_02720,0.01
test_02721,0.01
test_02722,0.023678187
test_02723,0.99
test_02724,0.022609781
test_02725,0.54169106
test_02726,0.99
test_02727,0.7987455
test_02728,0.01
test_02729,0.97423494
test_02730,0.99
test_02731,0.017127417
test_02732,0.87695706
test_02733,0.22524464
test_02734,0.01
test_02735,0.01
test_02736,0.09944314
test_02737,0.99
test_02738,0.521749
test_02739,0.01
test_02740,0.52544487
test_02741,0.01
test_02742,0.010654642
test_02743,0.09153068
test_02744,0.92420083
test_02745,0.026175892
test_02746,0.6762708
test_02747,0.01
test_02748,0.3995357
test_02749,0.99
test_02750,0.99
test_02751,0.01
test_02752,0.8004476
test_02753,0.99
test_02754,0.012166491
test_02755,0.14876139
test_02756,0.016281722
test_02757,0.01
test_02758,0.35144243
test_02759,0.9886641
test_02760,0.99
test_02761,0.99
test_02762,0.01
test_02763,0.42859483
test_02764,0.9008682
test_02765,0.85251
test_02766,0.084756374
test_02767,0.01
test_02768,0.01
test_02769,0.035554532
test_02770,0.01
test_02771,0.99
test_02772,0.99
test_02773,0.123069756
test_02774,0.99
test_02775,0.56320477
test_02776,0.9650491
test_02777,0.79435086
test_02778,0.46132717
test_02779,0.774267
test_02780,0.99
test_02781,0.42298526
test_02782,0.78895634
test_02783,0.11327287
test_02784,0.01
test_02785,0.99
test_02786,0.01
test_02787,0.01
test_02788,0.29638234
test_02789,0.29245993
test_02790,0.93894273
test_02791,0.11493123
test_02792,0.5818931
test_02793,0.99
test_02794,0.0640099
test_02795,0.98223567
test_02796,0.99
test_02797,0.27201954
test_02798,0.99
test_02799,0.9818891
test_02800,0.01
test_02801,0.01
test_02802,0.01
test_02803,0.83153754
test_02804,0.94824684
test_02805,0.01
test_02806,0.2636209
test_02807,0.012841945
test_02808,0.01
test_02809,0.59905195
test_02810,0.01
test_02811,0.01
test_02812,0.21664563
test_02813,0.76576334
test_02814,0.99
test_02815,0.01
test_02816,0.021888167
test_02817,0.01
test_02818,0.4723063
test_02819,0.86897504
test_02820,0.16027421
test_02821,0.99
test_02822,0.8797349
test_02823,0.99
test_02824,0.9330648
test_02825,0.9410578
test_02826,0.99
test_02827,0.28893238
test_02828,0.99
test_02829,0.76780534
test_02830,0.99
test_02831,0.99
test_02832,0.01
test_02833,0.22337931
test_02834,0.4429208
test_02835,0.09258325
test_02836,0.9788417
test_02837,0.54740644
test_02838,0.01
test_02839,0.99
test_02840,0.059114937
test_02841,0.0128492
test_02842,0.99
test_02843,0.01
test_02844,0.01
test_02845,0.3372875
test_02846,0.97607803
test_02847,0.99
test_02848,0.5739122
test_02849,0.24498636
test_02850,0.01
test_02851,0.97634184
test_02852,0.45413268
test_02853,0.96430105
test_02854,0.18836786
test_02855,0.99
test_02856,0.99
test_02857,0.5988204
test_02858,0.91271555
test_02859,0.01
test_02860,0.9813136
test_02861,0.99
test_02862,0.2059118
test_02863,0.010939705
test_02864,0.99
test_02865,0.99
test_02866,0.94316334
test_02867,0.46397516
test_02868,0.044460837
test_02869,0.99
test_02870,0.08708806
test_02871,0.9833422
test_02872,0.98358536
test_02873,0.8395745
test_02874,0.9723994
test_02875,0.9895153
test_02876,0.99
test_02877,0.97350717
test_02878,0.01
test_02879,0.95433486
test_02880,0.99
test_02881,0.2684044
test_02882,0.074217774
test_02883,0.99
test_02884,0.8174914
test_02885,0.01
test_02886,0.01
test_02887,0.01
test_02888,0.032842625
test_02889,0.017627817
test_02890,0.01
test_02891,0.8935067
test_02892,0.171492
test_02893,0.92057955
test_02894,0.2804148
test_02895,0.16872369
test_02896,0.36365798
test_02897,0.15315768
test_02898,0.9635885
test_02899,0.99
test_02900,0.6609051
test_02901,0.3186783
test_02902,0.01
test_02903,0.01
test_02904,0.01
test_02905,0.99
test_02906,0.011367495
test_02907,0.8496845
test_02908,0.031390734
test_02909,0.01
test_02910,0.01
test_02911,0.01
test_02912,0.98069245
test_02913,0.02286471
test_02914,0.99
test_02915,0.99
test_02916,0.6358489
test_02917,0.011731568
test_02918,0.34550276
test_02919,0.01
test_02920,0.05605224
test_02921,0.12802824
test_02922,0.023432303
test_02923,0.01
test_02924,0.07522269
test_02925,0.28265408
test_02926,0.9383322
test_02927,0.98639464
test_02928,0.64131826
test_02929,0.01
test_02930,0.99
test_02931,0.9201108
test_02932,0.99
test_02933,0.84216756
test_02934,0.06769717
test_02935,0.01
test_02936,0.99
test_02937,0.08575244
test_02938,0.9821784
test_02939,0.99
test_02940,0.016234264
test_02941,0.9606899
test_02942,0.01
test_02943,0.01
test_02944,0.011157716
test_02945,0.99
test_02946,0.01
test_02947,0.101044774
test_02948,0.01218684
test_02949,0.3470108
test_02950,0.33371353
test_02951,0.20098849
test_02952,0.01
test_02953,0.9085852
test_02954,0.9194492
test_02955,0.7921635
test_02956,0.08149542
test_02957,0.01
test_02958,0.047822572
test_02959,0.052307792
test_02960,0.8930304
test_02961,0.01
test_02962,0.99
test_02963,0.6821534
test_02964,0.99
test_02965,0.63689
test_02966,0.99
test_02967,0.036822982
test_02968,0.9819987
test_02969,0.99
test_02970,0.47969875
test_02971,0.99
test_02972,0.712049
test_02973,0.01
test_02974,0.6916954
test_02975,0.01
test_02976,0.99
test_02977,0.96233845
test_02978,0.99
test_02979,0.9710779
test_02980,0.01
test_02981,0.21215476
test_02982,0.89732724
test_02983,0.95248514
test_02984,0.73633546
test_02985,0.9843321
test_02986,0.6993322
test_02987,0.01
test_02988,0.012310522
test_02989,0.38579437
test_02990,0.99
test_02991,0.011724162
test_02992,0.05991893
test_02993,0.01
test_02994,0.9501044
test_02995,0.01
test_02996,0.01
test_02997,0.76599246
test_02998,0.01
test_02999,0.36868063
test_03000,0.99
test_03001,0.99
test_03002,0.99
test_03003,0.14656346
test_03004,0.01
test_03005,0.3829012
test_03006,0.683123
test_03007,0.01
test_03008,0.01
test_03009,0.71463776
test_03010,0.01
test_03011,0.9512686
test_03012,0.9023538
test_03013,0.014486549
test_03014,0.9877979
test_03015,0.013677475
test_03016,0.22981836
test_03017,0.065280296
test_03018,0.61868286
test_03019,0.01
test_03020,0.99
test_03021,0.01
test_03022,0.99
test_03023,0.23919104
test_03024,0.99
test_03025,0.01
test_03026,0.9106604
test_03027,0.91539896
test_03028,0.01
test_03029,0.01
test_03030,0.6569062
test_03031,0.01
test_03032,0.01
test_03033,0.7872264
test_03034,0.03950503
test_03035,0.01
test_03036,0.030272735
test_03037,0.01
test_03038,0.01
test_03039,0.01
test_03040,0.99
test_03041,0.8280887
test_03042,0.99
test_03043,0.99
test_03044,0.99
test_03045,0.61404365
test_03046,0.99
test_03047,0.80375713
test_03048,0.01
test_03049,0.7588103
test_03050,0.01
test_03051,0.02170227
test_03052,0.66851366
test_03053,0.1753038
test_03054,0.91335124
test_03055,0.99
test_03056,0.9863697
test_03057,0.047728024
test_03058,0.29990444
test_03059,0.98222715
test_03060,0.01
test_03061,0.99
test_03062,0.99
test_03063,0.84703624
test_03064,0.9028499
test_03065,0.024077816
test_03066,0.8994224
test_03067,0.95837224
test_03068,0.98103595
test_03069,0.99
test_03070,0.99
test_03071,0.99
test_03072,0.01
test_03073,0.01
test_03074,0.81167537
test_03075,0.48693237
test_03076,0.07261849
test_03077,0.73320484
test_03078,0.01
test_03079,0.01
test_03080,0.01
test_03081,0.91005033
test_03082,0.99
test_03083,0.085802145
test_03084,0.96234715
test_03085,0.266549
test_03086,0.017829549
test_03087,0.55791265
test_03088,0.01
test_03089,0.21409844
test_03090,0.8436955
test_03091,0.33557224
test_03092,0.01
test_03093,0.8590534
test_03094,0.99
test_03095,0.5175166
test_03096,0.99
test_03097,0.15277348
test_03098,0.6950765
test_03099,0.99
test_03100,0.99
test_03101,0.30658522
test_03102,0.99
test_03103,0.9614241
test_03104,0.9764
test_03105,0.01
test_03106,0.81007856
test_03107,0.01
test_03108,0.9747015
test_03109,0.01
test_03110,0.053581942
test_03111,0.01
test_03112,0.01
test_03113,0.015171385
test_03114,0.89649314
test_03115,0.29450533
test_03116,0.39136407
test_03117,0.2606409
test_03118,0.31146336
test_03119,0.95727843
test_03120,0.12837452
test_03121,0.27377376
test_03122,0.19726072
test_03123,0.99
test_03124,0.99
test_03125,0.8356635
test_03126,0.8183367
test_03127,0.017071126
test_03128,0.091673836
test_03129,0.3199811
test_03130,0.99
test_03131,0.026089348
test_03132,0.71887976
test_03133,0.24217454
test_03134,0.04166858
test_03135,0.25383046
test_03136,0.5775818
test_03137,0.10991712
test_03138,0.01
test_03139,0.01
test_03140,0.560335
test_03141,0.88457286
test_03142,0.027286239
test_03143,0.8097073
test_03144,0.72002923
test_03145,0.74932826
test_03146,0.01
test_03147,0.010988938
test_03148,0.01
test_03149,0.01
test_03150,0.99
test_03151,0.9348607
test_03152,0.89461577
test_03153,0.01
test_03154,0.99
test_03155,0.20289394
test_03156,0.92114794
test_03157,0.01
test_03158,0.95435005
test_03159,0.91647667
test_03160,0.01
test_03161,0.01
test_03162,0.99
test_03163,0.01
test_03164,0.85755104
test_03165,0.01
test_03166,0.0169048
test_03167,0.01
test_03168,0.08322182
test_03169,0.01
test_03170,0.01
test_03171,0.04142662
test_03172,0.99
test_03173,0.94718206
test_03174,0.99
test_03175,0.97661746
test_03176,0.16775244
test_03177,0.12702633
test_03178,0.9168851
test_03179,0.01
test_03180,0.93091404
test_03181,0.3409097
test_03182,0.40959343
test_03183,0.8816369
test_03184,0.99
test_03185,0.49603298
test_03186,0.01
test_03187,0.99
test_03188,0.02601201
test_03189,0.99
test_03190,0.61325216
test_03191,0.55424654
test_03192,0.07933431
test_03193,0.9690841
test_03194,0.9756336
test_03195,0.035606466
test_03196,0.99
test_03197,0.05416424
test_03198,0.01
test_03199,0.6498001
test_03200,0.014966025
test_03201,0.01
test_03202,0.41745108
test_03203,0.08644441
test_03204,0.30079564
test_03205,0.53528774
test_03206,0.01
test_03207,0.99
test_03208,0.01882859
test_03209,0.5896156
test_03210,0.15307213
test_03211,0.01
test_03212,0.93569213
test_03213,0.99
test_03214,0.01
test_03215,0.99
test_03216,0.01
test_03217,0.04300957
test_03218,0.012108722
test_03219,0.47058463
test_03220,0.83937335
test_03221,0.53029287
test_03222,0.08061293
test_03223,0.13462436
test_03224,0.99
test_03225,0.99
test_03226,0.8681994
test_03227,0.010112534
test_03228,0.9636825
test_03229,0.01
test_03230,0.21417727
test_03231,0.51168734
test_03232,0.38150206
test_03233,0.30001727
test_03234,0.2372263
test_03235,0.020300824
test_03236,0.56614363
test_03237,0.7334896
test_03238,0.5887225
test_03239,0.98417306
test_03240,0.015367123
test_03241,0.7313816
test_03242,0.01
test_03243,0.01
test_03244,0.020418089
test_03245,0.01
test_03246,0.01
test_03247,0.9155847
test_03248,0.8163073
test_03249,0.909466
test_03250,0.06901845
test_03251,0.01
test_03252,0.99
test_03253,0.99
test_03254,0.01
test_03255,0.78746706
test_03256,0.99
test_03257,0.9863906
test_03258,0.42405653
test_03259,0.9463646
test_03260,0.01
test_03261,0.01
test_03262,0.99
test_03263,0.27228913
test_03264,0.99
test_03265,0.09219788
test_03266,0.99
test_03267,0.99
test_03268,0.965189
test_03269,0.9877966
test_03270,0.01
test_03271,0.022552108
test_03272,0.6613896
test_03273,0.01
test_03274,0.01
test_03275,0.015270827
test_03276,0.01
test_03277,0.04452017
test_03278,0.9258843
test_03279,0.17332475
test_03280,0.9458728
test_03281,0.6763243
test_03282,0.9505413
test_03283,0.01
test_03284,0.07793618
test_03285,0.02333123
test_03286,0.8306841
test_03287,0.99
test_03288,0.61142445
test_03289,0.9822177
test_03290,0.05452712
test_03291,0.9817764
test_03292,0.9577269
test_03293,0.99
test_03294,0.056909725
test_03295,0.06434053
test_03296,0.14532466
test_03297,0.99
test_03298,0.01
test_03299,0.41855043
test_03300,0.99
test_03301,0.24065053
test_03302,0.98676807
test_03303,0.4979185
test_03304,0.01
test_03305,0.9847394
test_03306,0.04158123
test_03307,0.99
test_03308,0.96251005
test_03309,0.847177
test_03310,0.99
test_03311,0.055709746
test_03312,0.011366981
test_03313,0.01
test_03314,0.99
test_03315,0.1780701
test_03316,0.746806
test_03317,0.43907744
test_03318,0.99
test_03319,0.01
test_03320,0.99
test_03321,0.99
test_03322,0.15549521
test_03323,0.01
test_03324,0.55635715
test_03325,0.4894007
test_03326,0.36462379
test_03327,0.99
test_03328,0.5294191
test_03329,0.030921033
test_03330,0.81146103
test_03331,0.01
test_03332,0.7657653
test_03333,0.9339947
test_03334,0.89808524
test_03335,0.99
test_03336,0.7260861
test_03337,0.14735024
test_03338,0.01
test_03339,0.99
test_03340,0.01
test_03341,0.046217013
test_03342,0.17539443
test_03343,0.6640126
test_03344,0.29923612
test_03345,0.97650516
test_03346,0.030043298
test_03347,0.011189822
test_03348,0.01
test_03349,0.99
test_03350,0.3901788
test_03351,0.17948683
test_03352,0.89553005
test_03353,0.01
test_03354,0.01
test_03355,0.99
test_03356,0.017972538
test_03357,0.05022041
test_03358,0.01
test_03359,0.99
test_03360,0.040610444
test_03361,0.55091745
test_03362,0.99
test_03363,0.99
test_03364,0.2775697
test_03365,0.01
test_03366,0.028285632
test_03367,0.30306774
test_03368,0.99
test_03369,0.010957314
test_03370,0.99
test_03371,0.99
test_03372,0.99
test_03373,0.9684551
test_03374,0.5886728
test_03375,0.55919784
test_03376,0.99
test_03377,0.41609836
test_03378,0.7735875
test_03379,0.99
test_03380,0.01
test_03381,0.65958256
test_03382,0.9499123
test_03383,0.99
test_03384,0.96417415
test_03385,0.99
test_03386,0.88045543
test_03387,0.99
test_03388,0.01
test_03389,0.99
test_03390,0.26039195
test_03391,0.99
test_03392,0.01
test_03393,0.012132136
test_03394,0.22693263
test_03395,0.22641088
test_03396,0.5266712
test_03397,0.0397821
test_03398,0.99
test_03399,0.90940905
test_03400,0.5977542
test_03401,0.89411324
test_03402,0.39113003
test_03403,0.030183695
test_03404,0.01
test_03405,0.99
test_03406,0.08563842
test_03407,0.10203749
test_03408,0.96538293
test_03409,0.01
test_03410,0.08900244
test_03411,0.36537525
test_03412,0.99
test_03413,0.01
test_03414,0.0324315
test_03415,0.8667893
test_03416,0.01
test_03417,0.6937193
test_03418,0.117264815
test_03419,0.01
test_03420,0.69229877
test_03421,0.7863295
test_03422,0.58231467
test_03423,0.01
test_03424,0.01
test_03425,0.13565876
test_03426,0.19921932
test_03427,0.09536149
test_03428,0.015923584
test_03429,0.01
test_03430,0.8911088
test_03431,0.047846813
test_03432,0.01
test_03433,0.9085692
test_03434,0.7386876
test_03435,0.980206
test_03436,0.01
test_03437,0.6685904
test_03438,0.01365394
test_03439,0.99
test_03440,0.1141033
test_03441,0.96055704
test_03442,0.97441804
test_03443,0.6901377
test_03444,0.14269242
test_03445,0.15395677
test_03446,0.93454295
test_03447,0.96822965
test_03448,0.7343373
test_03449,0.97711813
test_03450,0.059674244
test_03451,0.01
test_03452,0.056338083
test_03453,0.01
test_03454,0.01
test_03455,0.58303434
test_03456,0.01
test_03457,0.9517335
test_03458,0.2123299
test_03459,0.973356
test_03460,0.0141344415
test_03461,0.7239323
test_03462,0.93271166
test_03463,0.39130193
test_03464,0.99
test_03465,0.01
test_03466,0.03891539
test_03467,0.848589
test_03468,0.01
test_03469,0.7729729
test_03470,0.01
test_03471,0.9818433
test_03472,0.9376603
test_03473,0.9401983
test_03474,0.93140554
test_03475,0.6440154
test_03476,0.97404486
test_03477,0.01
test_03478,0.01
test_03479,0.88300633
test_03480,0.99
test_03481,0.99
test_03482,0.99
test_03483,0.01
test_03484,0.99
test_03485,0.01
test_03486,0.99
test_03487,0.9626425
test_03488,0.95868105
test_03489,0.01
test_03490,0.99
test_03491,0.73289764
test_03492,0.99
test_03493,0.99
test_03494,0.3878708
test_03495,0.40808958
test_03496,0.01
test_03497,0.99
test_03498,0.97004807
test_03499,0.13625322
test_03500,0.26302767
test_03501,0.31286746
test_03502,0.5744573
test_03503,0.01
test_03504,0.85383815
test_03505,0.01
test_03506,0.08039152
test_03507,0.98321503
test_03508,0.5592479
test_03509,0.7705135
test_03510,0.51163834
test_03511,0.01
test_03512,0.99
test_03513,0.98771507
test_03514,0.13634966
test_03515,0.9440953
test_03516,0.8627086
test_03517,0.17566381
test_03518,0.01
test_03519,0.047952965
test_03520,0.99
test_03521,0.112080276
test_03522,0.25166798
test_03523,0.99
test_03524,0.93776625
test_03525,0.01
test_03526,0.99
test_03527,0.01
test_03528,0.031028422
test_03529,0.84629476
test_03530,0.01
test_03531,0.01
test_03532,0.99
test_03533,0.99
test_03534,0.99
test_03535,0.58156663
test_03536,0.99
test_03537,0.01
test_03538,0.01
test_03539,0.061715532
test_03540,0.90773135
test_03541,0.48495904
test_03542,0.1655377
test_03543,0.68806773
test_03544,0.8179205
test_03545,0.08255452
test_03546,0.18499036
test_03547,0.99
test_03548,0.99
test_03549,0.28518677
test_03550,0.3583641
test_03551,0.95812076
test_03552,0.99
test_03553,0.99
test_03554,0.8078947
test_03555,0.7310812
test_03556,0.6373481
test_03557,0.99
test_03558,0.031313334
test_03559,0.023479521
test_03560,0.99
test_03561,0.99
test_03562,0.9595465
test_03563,0.49746305
test_03564,0.99
test_03565,0.99
test_03566,0.01
test_03567,0.037705354
test_03568,0.5652191
test_03569,0.01
test_03570,0.99
test_03571,0.011498427
test_03572,0.99
test_03573,0.90889233
test_03574,0.91154253
test_03575,0.9897289
test_03576,0.99
test_03577,0.06672768
test_03578,0.043169275
test_03579,0.01
test_03580,0.8477401
test_03581,0.01
test_03582,0.93648785
test_03583,0.99
test_03584,0.73265225
test_03585,0.99
test_03586,0.06692498
test_03587,0.01110184
test_03588,0.01
test_03589,0.5569402
test_03590,0.01
test_03591,0.013152132
test_03592,0.69904715
test_03593,0.8862016
test_03594,0.42868415
test_03595,0.7853761
test_03596,0.99
test_03597,0.20052314
test_03598,0.3216482
test_03599,0.097957045
test_03600,0.01
test_03601,0.892079
test_03602,0.99
test_03603,0.99
test_03604,0.99
test_03605,0.99
test_03606,0.045130547
test_03607,0.01102674
test_03608,0.99
test_03609,0.45037436
test_03610,0.01
test_03611,0.2675211
test_03612,0.9884809
test_03613,0.99
test_03614,0.01
test_03615,0.6302795
test_03616,0.056824327
test_03617,0.99
test_03618,0.99
test_03619,0.01
test_03620,0.01
test_03621,0.040336218
test_03622,0.018658437
test_03623,0.01
test_03624,0.17399728
test_03625,0.99
test_03626,0.21556593
test_03627,0.25319347
test_03628,0.01
test_03629,0.99
test_03630,0.19032547
test_03631,0.06236591
test_03632,0.01
test_03633,0.01
test_03634,0.03479736
test_03635,0.4154795
test_03636,0.9814284
test_03637,0.01
test_03638,0.93600583
test_03639,0.01
test_03640,0.011060321
test_03641,0.01
test_03642,0.14147295
test_03643,0.6005902
test_03644,0.01
test_03645,0.8482505
test_03646,0.20070784
test_03647,0.34749076
test_03648,0.5976122
test_03649,0.98301333
test_03650,0.9423643
test_03651,0.09920681
test_03652,0.01
test_03653,0.9754083
test_03654,0.9737403
test_03655,0.97724867
test_03656,0.33707735
test_03657,0.013861451
test_03658,0.99
test_03659,0.99
test_03660,0.99
test_03661,0.115737654
test_03662,0.89362127
test_03663,0.99
test_03664,0.99
test_03665,0.99
test_03666,0.010915617
test_03667,0.055627104
test_03668,0.91616726
test_03669,0.98110354
test_03670,0.24900548
test_03671,0.010293789
test_03672,0.01
test_03673,0.68326217
test_03674,0.35034636
test_03675,0.054285888
test_03676,0.99
test_03677,0.19316688
test_03678,0.71410424
test_03679,0.40204793
test_03680,0.99
test_03681,0.01
test_03682,0.99
test_03683,0.94530255
test_03684,0.99
test_03685,0.99
test_03686,0.98869634
test_03687,0.27999327
test_03688,0.99
test_03689,0.01
test_03690,0.32358277
test_03691,0.99
test_03692,0.17803289
test_03693,0.7033247
test_03694,0.9766515
test_03695,0.01
test_03696,0.12969154
test_03697,0.07428622
test_03698,0.99
test_03699,0.01
test_03700,0.98767716
test_03701,0.1026302
test_03702,0.9368315
test_03703,0.99
test_03704,0.012648235
test_03705,0.36114094
test_03706,0.01
test_03707,0.99
test_03708,0.94081694
test_03709,0.99
test_03710,0.019232154
test_03711,0.01
test_03712,0.99
test_03713,0.63654673
test_03714,0.52491784
test_03715,0.99
test_03716,0.99
test_03717,0.01
test_03718,0.01
test_03719,0.99
test_03720,0.01
test_03721,0.21465501
test_03722,0.01
test_03723,0.6189767
test_03724,0.5130048
test_03725,0.99
test_03726,0.99
test_03727,0.02402237
test_03728,0.043928765
test_03729,0.12200696
test_03730,0.99
test_03731,0.86753124
test_03732,0.9890203
test_03733,0.96305656
test_03734,0.99
test_03735,0.2293963
test_03736,0.11764636
test_03737,0.9621976
test_03738,0.39793786
test_03739,0.99
test_03740,0.012907514
test_03741,0.51262295
test_03742,0.98362523
test_03743,0.99
test_03744,0.99
test_03745,0.98280084
test_03746,0.39181632
test_03747,0.11128942
test_03748,0.01
test_03749,0.99
test_03750,0.80136675
test_03751,0.95424604
test_03752,0.9297714
test_03753,0.99
test_03754,0.99
test_03755,0.99
test_03756,0.99
test_03757,0.01
test_03758,0.99
test_03759,0.058742773
test_03760,0.84062934
test_03761,0.01
test_03762,0.99
test_03763,0.9899615
test_03764,0.9476425
test_03765,0.7096304
test_03766,0.18421677
test_03767,0.79773456
test_03768,0.01
test_03769,0.01
test_03770,0.99
test_03771,0.89453334
test_03772,0.99
test_03773,0.01945079
test_03774,0.82227504
test_03775,0.99
test_03776,0.11915041
test_03777,0.02394965
test_03778,0.99
test_03779,0.91157526
test_03780,0.13344206
test_03781,0.08217889
test_03782,0.7008146
test_03783,0.3233312
test_03784,0.01
test_03785,0.99
test_03786,0.01
test_03787,0.01
test_03788,0.01
test_03789,0.94735235
test_03790,0.28843668
test_03791,0.32229537
test_03792,0.9569116
test_03793,0.6084608
test_03794,0.99
test_03795,0.99
test_03796,0.17305306
test_03797,0.42739457
test_03798,0.01
test_03799,0.01
test_03800,0.99
test_03801,0.14868887
test_03802,0.06312748
test_03803,0.99
test_03804,0.056257863
test_03805,0.022181457
test_03806,0.14614713
test_03807,0.020867227
test_03808,0.99
test_03809,0.09132994
test_03810,0.99
test_03811,0.9447846
test_03812,0.01
test_03813,0.99
test_03814,0.01
test_03815,0.01
test_03816,0.99
test_03817,0.01
test_03818,0.020171907
test_03819,0.20983304
test_03820,0.99
test_03821,0.9003513
test_03822,0.01
test_03823,0.97091496
test_03824,0.01
test_03825,0.01
test_03826,0.95406336
test_03827,0.01
test_03828,0.99
test_03829,0.01
test_03830,0.9552039
test_03831,0.01
test_03832,0.01
test_03833,0.01
test_03834,0.99
test_03835,0.27385256
test_03836,0.01
test_03837,0.01
test_03838,0.24588647
test_03839,0.052963473
test_03840,0.9738337
test_03841,0.99
test_03842,0.01
test_03843,0.16973148
test_03844,0.01
test_03845,0.99
test_03846,0.9837773
test_03847,0.05787763
test_03848,0.99
test_03849,0.20820662
test_03850,0.7014287
test_03851,0.81466055
test_03852,0.99
test_03853,0.99
test_03854,0.99
test_03855,0.99
test_03856,0.01
test_03857,0.02323465
test_03858,0.024334926
test_03859,0.01
test_03860,0.01
test_03861,0.9708916
test_03862,0.99
test_03863,0.01
test_03864,0.6833769
test_03865,0.01
test_03866,0.99
test_03867,0.013006734
test_03868,0.74315125
test_03869,0.22385338
test_03870,0.94742894
test_03871,0.9352818
test_03872,0.031400297
test_03873,0.3041749
test_03874,0.91568166
test_03875,0.99
test_03876,0.9459621
test_03877,0.1986433
test_03878,0.99
test_03879,0.98748744
test_03880,0.6650774
test_03881,0.01
test_03882,0.99
test_03883,0.9847889
test_03884,0.01
test_03885,0.01
test_03886,0.010049
test_03887,0.01
test_03888,0.99
test_03889,0.3397237
test_03890,0.5269129
test_03891,0.436484
test_03892,0.01
test_03893,0.96413237
test_03894,0.03467745
test_03895,0.48944068
test_03896,0.3573111
test_03897,0.09922553
test_03898,0.6759583
test_03899,0.30390087
test_03900,0.2932632
test_03901,0.061925378
test_03902,0.38155824
test_03903,0.7119389
test_03904,0.71323246
test_03905,0.22372107
test_03906,0.08091593
test_03907,0.25717166
test_03908,0.2697695
test_03909,0.99
test_03910,0.01
test_03911,0.339104
test_03912,0.99
test_03913,0.01
test_03914,0.01
test_03915,0.01
test_03916,0.99
test_03917,0.9828876
test_03918,0.99
test_03919,0.99
test_03920,0.08920808
test_03921,0.029970378
test_03922,0.01
test_03923,0.34535706
test_03924,0.7644031
test_03925,0.6210643
test_03926,0.99
test_03927,0.99
test_03928,0.19500248
test_03929,0.99
test_03930,0.7917398
test_03931,0.20067157
test_03932,0.01
test_03933,0.21629462
test_03934,0.9547325
test_03935,0.01
test_03936,0.48495427
test_03937,0.044727135
test_03938,0.01
test_03939,0.01
test_03940,0.3408361
test_03941,0.018590797
test_03942,0.865763
test_03943,0.37872052
test_03944,0.99
test_03945,0.98716587
test_03946,0.45076066
test_03947,0.9534908
test_03948,0.46517423
test_03949,0.9315624
test_03950,0.99
test_03951,0.38916048
test_03952,0.5380747
test_03953,0.99
test_03954,0.12076926
test_03955,0.987971
test_03956,0.01
test_03957,0.98027956
test_03958,0.97550917
test_03959,0.99
test_03960,0.17657931
test_03961,0.9776684
test_03962,0.99
test_03963,0.01
test_03964,0.9827712
test_03965,0.101517886
test_03966,0.12963332
test_03967,0.030336471
test_03968,0.65164167
test_03969,0.047405217
test_03970,0.98738134
test_03971,0.01
test_03972,0.9015125
test_03973,0.57205945
test_03974,0.5068545
test_03975,0.99
test_03976,0.9367826
test_03977,0.99
test_03978,0.9751864
test_03979,0.9615145
test_03980,0.79240793
test_03981,0.99
test_03982,0.98785096
test_03983,0.88711214
test_03984,0.01
test_03985,0.10204475
test_03986,0.9526248
test_03987,0.9036823
test_03988,0.01
test_03989,0.01
test_03990,0.01
test_03991,0.01
test_03992,0.8469979
test_03993,0.01
test_03994,0.7797272
test_03995,0.45595843
test_03996,0.93387127
test_03997,0.017934991
test_03998,0.99
test_03999,0.99
test_04000,0.40444067
test_04001,0.13768351
test_04002,0.98318005
test_04003,0.99
test_04004,0.17889854
test_04005,0.01
test_04006,0.62373257
test_04007,0.01
test_04008,0.15692945
test_04009,0.97588956
test_04010,0.23099236
test_04011,0.01
test_04012,0.12807496
test_04013,0.01
test_04014,0.35176006
test_04015,0.99
test_04016,0.98395175
test_04017,0.99
test_04018,0.9885471
test_04019,0.99
test_04020,0.99
test_04021,0.99
test_04022,0.67249435
test_04023,0.039199453
test_04024,0.90664357
test_04025,0.2092525
test_04026,0.99
test_04027,0.29748285
test_04028,0.07485648
test_04029,0.01
test_04030,0.99
test_04031,0.12087928
test_04032,0.6598827
test_04033,0.44977906
test_04034,0.99
test_04035,0.9308334
test_04036,0.7237046
test_04037,0.20644373
test_04038,0.4692778
test_04039,0.01
test_04040,0.9719193
test_04041,0.12976982
test_04042,0.29127222
test_04043,0.2577779
test_04044,0.01
test_04045,0.01
test_04046,0.7412227
test_04047,0.9404827
test_04048,0.01
test_04049,0.99
test_04050,0.04679962
test_04051,0.99
test_04052,0.8103557
test_04053,0.9733942
test_04054,0.910758
test_04055,0.9809914
test_04056,0.99
test_04057,0.99
test_04058,0.9895858
test_04059,0.9568253
test_04060,0.93086934
test_04061,0.7017644
test_04062,0.86733353
test_04063,0.12040007
test_04064,0.34355453
test_04065,0.44905886
test_04066,0.99
test_04067,0.016762825
test_04068,0.19059195
test_04069,0.7504023
test_04070,0.01
test_04071,0.3888905
test_04072,0.23672388
test_04073,0.012116254
test_04074,0.93186635
test_04075,0.99
test_04076,0.5924253
test_04077,0.8218756
test_04078,0.99
test_04079,0.07818106
test_04080,0.01
test_04081,0.23240241
test_04082,0.01
test_04083,0.42818165
test_04084,0.67310286
test_04085,0.56063676
test_04086,0.01
test_04087,0.01
test_04088,0.99
test_04089,0.15155242
test_04090,0.99
test_04091,0.99
test_04092,0.99
test_04093,0.99
test_04094,0.22301795
test_04095,0.39517143
test_04096,0.18814927
test_04097,0.8174541
test_04098,0.43862903
test_04099,0.90427166
test_04100,0.99
test_04101,0.01
test_04102,0.5482035
test_04103,0.01
test_04104,0.82030106
test_04105,0.01
test_04106,0.03478643
test_04107,0.16934048
test_04108,0.88938665
test_04109,0.8016189
test_04110,0.1310628
test_04111,0.8864353
test_04112,0.961971
test_04113,0.99
test_04114,0.99
test_04115,0.5332486
test_04116,0.85555446
test_04117,0.99
test_04118,0.6583019
test_04119,0.01
test_04120,0.61746585
test_04121,0.01
test_04122,0.67766505
test_04123,0.99
test_04124,0.67253757
test_04125,0.010469768
test_04126,0.32415146
test_04127,0.01
test_04128,0.99
test_04129,0.99
test_04130,0.01
test_04131,0.74611473
test_04132,0.018851139
test_04133,0.15574515
test_04134,0.99
test_04135,0.99
test_04136,0.9502354
test_04137,0.99
test_04138,0.43591207
test_04139,0.8913766
test_04140,0.99
test_04141,0.32433856
test_04142,0.47053197
test_04143,0.8593487
test_04144,0.56678617
test_04145,0.01
test_04146,0.034750216
test_04147,0.532037
test_04148,0.01
test_04149,0.99
test_04150,0.09863349
test_04151,0.31189656
test_04152,0.01
test_04153,0.01
test_04154,0.092276685
test_04155,0.015227935
test_04156,0.99
test_04157,0.9593953
test_04158,0.99
test_04159,0.04794488
test_04160,0.9015133
test_04161,0.12281636
test_04162,0.9524007
test_04163,0.01
test_04164,0.99
test_04165,0.9807786
test_04166,0.01
test_04167,0.5188361
test_04168,0.23619117
test_04169,0.78628653
test_04170,0.99
test_04171,0.22766529
test_04172,0.01
test_04173,0.9666982
test_04174,0.01
test_04175,0.11662453
test_04176,0.49202695
test_04177,0.99
test_04178,0.9885272
test_04179,0.99
test_04180,0.07646366
test_04181,0.99
test_04182,0.99
test_04183,0.01
test_04184,0.022016762
test_04185,0.01
test_04186,0.9872931
test_04187,0.99
test_04188,0.7898408
test_04189,0.1216638
test_04190,0.99
test_04191,0.03250112
test_04192,0.01
test_04193,0.01
test_04194,0.10307114
test_04195,0.01
test_04196,0.9403826
test_04197,0.01
test_04198,0.99
test_04199,0.7567771
test_04200,0.92206234
test_04201,0.99
test_04202,0.99
test_04203,0.92251885
test_04204,0.9758893
test_04205,0.01
test_04206,0.8849091
test_04207,0.82048553
test_04208,0.9386768
test_04209,0.8695498
test_04210,0.980448
test_04211,0.84349185
test_04212,0.99
test_04213,0.01
test_04214,0.036449764
test_04215,0.9858208
test_04216,0.01
test_04217,0.99
test_04218,0.01
test_04219,0.99
test_04220,0.01
test_04221,0.3328523
test_04222,0.99
test_04223,0.14512165
test_04224,0.99
test_04225,0.7982205
test_04226,0.88622427
test_04227,0.99
test_04228,0.99
test_04229,0.6092788
test_04230,0.06939154
test_04231,0.97578377
test_04232,0.99
test_04233,0.52075624
test_04234,0.11429784
test_04235,0.92157817
test_04236,0.015131801
test_04237,0.01
test_04238,0.03725956
test_04239,0.9655537
test_04240,0.8476858
test_04241,0.012954183
test_04242,0.8671756
test_04243,0.017531203
test_04244,0.99
test_04245,0.99
test_04246,0.9614522
test_04247,0.57237947
test_04248,0.99
test_04249,0.9706614
test_04250,0.01
test_04251,0.99
test_04252,0.26903397
test_04253,0.01
test_04254,0.015208626
test_04255,0.09229439
test_04256,0.9253291
test_04257,0.017770093
test_04258,0.8661029
test_04259,0.014428813
test_04260,0.5119267
test_04261,0.01
test_04262,0.118764065
test_04263,0.67019886
test_04264,0.45128828
test_04265,0.8737201
test_04266,0.916962
test_04267,0.03140575
test_04268,0.9039117
test_04269,0.7749893
test_04270,0.06357598
test_04271,0.01
test_04272,0.99
test_04273,0.01
test_04274,0.5211033
test_04275,0.7905271
test_04276,0.9764603
test_04277,0.021013238
test_04278,0.64109623
test_04279,0.01
test_04280,0.01
test_04281,0.99
test_04282,0.7604871
test_04283,0.5287459
test_04284,0.01
test_04285,0.01
test_04286,0.13600942
test_04287,0.99
test_04288,0.01
test_04289,0.9664413
test_04290,0.9298985
test_04291,0.057922263
test_04292,0.95263946
test_04293,0.99
test_04294,0.67221624
test_04295,0.01
test_04296,0.6538384
test_04297,0.99
test_04298,0.9844886
test_04299,0.026574548
test_04300,0.61317235
test_04301,0.26257655
test_04302,0.9444693
test_04303,0.99
test_04304,0.9354735
test_04305,0.99
test_04306,0.01
test_04307,0.4802959
test_04308,0.4315709
test_04309,0.99
test_04310,0.99
test_04311,0.9168594
test_04312,0.99
test_04313,0.055860195
test_04314,0.97687966
test_04315,0.97511464
test_04316,0.01
test_04317,0.6605386
test_04318,0.9857348
test_04319,0.01
test_04320,0.95202315
test_04321,0.99
test_04322,0.6774781
test_04323,0.28248253
test_04324,0.99
test_04325,0.99
test_04326,0.2763523
test_04327,0.66039515
test_04328,0.01
test_04329,0.99
test_04330,0.86630785
test_04331,0.97363865
test_04332,0.01
test_04333,0.5258818
test_04334,0.013831805
test_04335,0.38328865
test_04336,0.019456053
test_04337,0.99
test_04338,0.99
test_04339,0.6752994
test_04340,0.27633694
test_04341,0.99
test_04342,0.01
test_04343,0.9055093
test_04344,0.01
test_04345,0.4416629
test_04346,0.5976283
test_04347,0.0142143
test_04348,0.08622499
test_04349,0.9894378
test_04350,0.98001754
test_04351,0.9837292
test_04352,0.01
test_04353,0.44713622
test_04354,0.1524133
test_04355,0.11679453
test_04356,0.01
test_04357,0.7069455
test_04358,0.01
test_04359,0.01
test_04360,0.47905323
test_04361,0.10443396
test_04362,0.01
test_04363,0.99
test_04364,0.99
test_04365,0.99
test_04366,0.012908072
test_04367,0.7240522
test_04368,0.010613238
test_04369,0.99
test_04370,0.9607423
test_04371,0.99
test_04372,0.71232396
test_04373,0.6211948
test_04374,0.022313446
test_04375,0.99
test_04376,0.13021182
test_04377,0.7486687
test_04378,0.3332713
test_04379,0.016036069
test_04380,0.016485246
test_04381,0.07131049
test_04382,0.01
test_04383,0.014351344
test_04384,0.99
test_04385,0.7717087
test_04386,0.01
test_04387,0.01
test_04388,0.14397888
test_04389,0.01
test_04390,0.26764277
test_04391,0.9849378
test_04392,0.99
test_04393,0.6922311
test_04394,0.99
test_04395,0.84099126
test_04396,0.5035245
test_04397,0.99
test_04398,0.024433363
test_04399,0.01
test_04400,0.015644884
test_04401,0.01
test_04402,0.99
test_04403,0.3584188
test_04404,0.692754
test_04405,0.58359474
test_04406,0.9572413
test_04407,0.19491032
test_04408,0.99
test_04409,0.5396547
test_04410,0.9622558
test_04411,0.99
test_04412,0.01
test_04413,0.99
test_04414,0.99
test_04415,0.54110247
test_04416,0.011994646
test_04417,0.01
test_04418,0.11038482
test_04419,0.01
test_04420,0.01
test_04421,0.619739
test_04422,0.01
test_04423,0.5978299
test_04424,0.92049086
test_04425,0.99
test_04426,0.067704596
test_04427,0.012083684
test_04428,0.01
test_04429,0.99
test_04430,0.06745283
test_04431,0.99
test_04432,0.01
test_04433,0.99
test_04434,0.99
test_04435,0.17440227
test_04436,0.01
test_04437,0.5139613
test_04438,0.99
test_04439,0.0381069
test_04440,0.9627723
test_04441,0.99
test_04442,0.49678203
test_04443,0.01
test_04444,0.79838365
test_04445,0.9535838
test_04446,0.04553184
test_04447,0.99
test_04448,0.023761693
test_04449,0.01
test_04450,0.99
test_04451,0.01
test_04452,0.01
test_04453,0.7711537
test_04454,0.04211674
test_04455,0.025726173
test_04456,0.01
test_04457,0.38626087
test_04458,0.99
test_04459,0.23532559
test_04460,0.01
test_04461,0.98948437
test_04462,0.01
test_04463,0.018884586
test_04464,0.9728371
test_04465,0.20194143
test_04466,0.01
test_04467,0.69788396
test_04468,0.9414713
test_04469,0.4679986
test_04470,0.038506284
test_04471,0.33885485
test_04472,0.99
test_04473,0.12378059
test_04474,0.01
test_04475,0.01
test_04476,0.23580965
test_04477,0.17401066
test_04478,0.99
test_04479,0.11078845
test_04480,0.102728195
test_04481,0.935742
test_04482,0.01
test_04483,0.99
test_04484,0.7898332
test_04485,0.9303586
test_04486,0.99
test_04487,0.01
test_04488,0.09666294
test_04489,0.05851591
test_04490,0.99
test_04491,0.82477105
test_04492,0.01
test_04493,0.018169533
test_04494,0.96076816
test_04495,0.98198384
test_04496,0.018066615
test_04497,0.94661236
test_04498,0.4377
test_04499,0.01
test_04500,0.99
test_04501,0.01
test_04502,0.99
test_04503,0.8055005
test_04504,0.20616171
test_04505,0.19775529
test_04506,0.99
test_04507,0.046464134
test_04508,0.9199064
test_04509,0.5014324
test_04510,0.8062971
test_04511,0.08864317
test_04512,0.10821403
test_04513,0.71106637
test_04514,0.048352327
test_04515,0.087725885
test_04516,0.28332826
test_04517,0.99
test_04518,0.01
test_04519,0.01
test_04520,0.11486941
test_04521,0.99
test_04522,0.99
test_04523,0.042783454
test_04524,0.01
test_04525,0.15365128
test_04526,0.08586991
test_04527,0.95643586
test_04528,0.99
test_04529,0.2470291
test_04530,0.01
test_04531,0.09004639
test_04532,0.99
test_04533,0.13989176
test_04534,0.04485252
test_04535,0.8898927
test_04536,0.01
test_04537,0.31841508
test_04538,0.99
test_04539,0.99
test_04540,0.99
test_04541,0.99
test_04542,0.99
test_04543,0.01
test_04544,0.8255961
test_04545,0.99
test_04546,0.99
test_04547,0.88559955
test_04548,0.42792165
test_04549,0.01
test_04550,0.99
test_04551,0.99
test_04552,0.2733198
test_04553,0.9542759
test_04554,0.04422576
test_04555,0.031505127
test_04556,0.60732013
test_04557,0.9858641
test_04558,0.79945123
test_04559,0.01
test_04560,0.01
test_04561,0.47437292
test_04562,0.2450217
test_04563,0.8472114
test_04564,0.01
test_04565,0.99
test_04566,0.01
test_04567,0.9740889
test_04568,0.013181115
test_04569,0.8815531
test_04570,0.013157257
test_04571,0.23951936
test_04572,0.8485111
test_04573,0.51679784
test_04574,0.030237231
test_04575,0.99
test_04576,0.10804228
test_04577,0.43665418
test_04578,0.99
test_04579,0.01
test_04580,0.99
test_04581,0.01
test_04582,0.01
test_04583,0.9708599
test_04584,0.21767993
test_04585,0.99
test_04586,0.01
test_04587,0.94053763
test_04588,0.020044878
test_04589,0.42308506
test_04590,0.99
test_04591,0.6022165
test_04592,0.94802266
test_04593,0.039197627
test_04594,0.8002564
test_04595,0.026295517
test_04596,0.01
test_04597,0.6409969
test_04598,0.7849522
test_04599,0.89521205
test_04600,0.01
test_04601,0.013481212
test_04602,0.01
test_04603,0.01145954
test_04604,0.021804735
test_04605,0.68821126
test_04606,0.99
test_04607,0.99
test_04608,0.2432383
test_04609,0.98495376
test_04610,0.01
test_04611,0.06788752
test_04612,0.99
test_04613,0.75919586
test_04614,0.99
test_04615,0.99
test_04616,0.78324777
test_04617,0.99
test_04618,0.99
test_04619,0.95869255
test_04620,0.012328386
test_04621,0.97647333
test_04622,0.9823172
test_04623,0.99
test_04624,0.040251147
test_04625,0.99
test_04626,0.01
test_04627,0.01
test_04628,0.99
test_04629,0.2789096
test_04630,0.017772082
test_04631,0.93581593
test_04632,0.6408005
test_04633,0.0885309
test_04634,0.8851667
test_04635,0.99
test_04636,0.9890743
test_04637,0.69330114
test_04638,0.070049286
test_04639,0.99
test_04640,0.98947924
test_04641,0.6133319
test_04642,0.45353997
test_04643,0.93420035
test_04644,0.01
test_04645,0.74236304
test_04646,0.04247977
test_04647,0.88503194
test_04648,0.15527622
test_04649,0.023009367
test_04650,0.01
test_04651,0.99
test_04652,0.01
test_04653,0.99
test_04654,0.75108457
test_04655,0.7579859
test_04656,0.01
test_04657,0.020652454
test_04658,0.4459542
test_04659,0.01
test_04660,0.918082
test_04661,0.99
test_04662,0.921864
test_04663,0.5635563
test_04664,0.61463225
test_04665,0.85489076
test_04666,0.01
test_04667,0.8840421
test_04668,0.01
test_04669,0.7091536
test_04670,0.66612023
test_04671,0.99
test_04672,0.40080085
test_04673,0.9637564
test_04674,0.06109455
test_04675,0.3732764
test_04676,0.063418
test_04677,0.8782248
test_04678,0.89067245
test_04679,0.16212183
test_04680,0.4992046
test_04681,0.99
test_04682,0.01
test_04683,0.17251655
test_04684,0.08613222
test_04685,0.99
test_04686,0.99
test_04687,0.5121544
test_04688,0.07905526
test_04689,0.99
test_04690,0.8525864
test_04691,0.120445155
test_04692,0.01
test_04693,0.01
test_04694,0.01
test_04695,0.056531474
test_04696,0.1331381
test_04697,0.08325345
test_04698,0.2289215
test_04699,0.57945013
test_04700,0.4104782
test_04701,0.3862908
test_04702,0.95458853
test_04703,0.70261085
test_04704,0.8178632
test_04705,0.29816446
test_04706,0.01
test_04707,0.9855774
test_04708,0.01
test_04709,0.53479755
test_04710,0.99
test_04711,0.87926376
test_04712,0.6631696
test_04713,0.9817167
test_04714,0.90820664
test_04715,0.99
test_04716,0.6746066
test_04717,0.01
test_04718,0.01
test_04719,0.586189
test_04720,0.9611008
test_04721,0.91705817
test_04722,0.53948134
test_04723,0.7389149
test_04724,0.01
test_04725,0.46691146
test_04726,0.980789
test_04727,0.9497579
test_04728,0.34876525
test_04729,0.01
test_04730,0.01
test_04731,0.01
test_04732,0.75869346
test_04733,0.13947718
test_04734,0.01
test_04735,0.99
test_04736,0.01
test_04737,0.21654053
test_04738,0.403644
test_04739,0.1780031
test_04740,0.94241136
test_04741,0.949197
test_04742,0.97402227
test_04743,0.99
test_04744,0.97986835
test_04745,0.6647818
test_04746,0.01
test_04747,0.031957705
test_04748,0.10796433
test_04749,0.97145396
test_04750,0.01
test_04751,0.99
test_04752,0.1986027
test_04753,0.3401703
test_04754,0.42901012
test_04755,0.66000545
test_04756,0.01
test_04757,0.01
test_04758,0.15745322
test_04759,0.9706683
test_04760,0.99
test_04761,0.53881407
test_04762,0.01
test_04763,0.58427477
test_04764,0.31460908
test_04765,0.99
test_04766,0.01
test_04767,0.99
test_04768,0.038126662
test_04769,0.99
test_04770,0.98327774
test_04771,0.01
test_04772,0.7240151
test_04773,0.99
test_04774,0.05142531
test_04775,0.77447224
test_04776,0.81343913
test_04777,0.08693813
test_04778,0.01
test_04779,0.9662606
test_04780,0.01
test_04781,0.51983005
test_04782,0.88637954
test_04783,0.9661916
test_04784,0.6022011
test_04785,0.37545112
test_04786,0.059460323
test_04787,0.97481143
test_04788,0.01
test_04789,0.019030735
test_04790,0.14655253
test_04791,0.6637464
test_04792,0.9752185
test_04793,0.018563854
test_04794,0.39607257
test_04795,0.01
test_04796,0.9152016
test_04797,0.9559797
test_04798,0.6647067
test_04799,0.24148132
test_04800,0.99
test_04801,0.99
test_04802,0.01738143
test_04803,0.13502027
test_04804,0.47712052
test_04805,0.61408526
test_04806,0.36600387
test_04807,0.70952326
test_04808,0.941909
test_04809,0.99
test_04810,0.3192399
test_04811,0.01
test_04812,0.8904962
test_04813,0.9347258
test_04814,0.09454717
test_04815,0.29784268
test_04816,0.99
test_04817,0.062440705
test_04818,0.05360361
test_04819,0.02165553
test_04820,0.090564445
test_04821,0.9391255
test_04822,0.059577473
test_04823,0.9844881
test_04824,0.01
test_04825,0.9474036
test_04826,0.99
test_04827,0.0203172
test_04828,0.98381674
test_04829,0.99
test_04830,0.010876961
test_04831,0.59213984
test_04832,0.057641126
test_04833,0.06447839
test_04834,0.10222375
test_04835,0.99
test_04836,0.01
test_04837,0.9635911
test_04838,0.01
test_04839,0.01
test_04840,0.01
test_04841,0.01
test_04842,0.99
test_04843,0.01
test_04844,0.01
test_04845,0.99
test_04846,0.09085988
test_04847,0.99
test_04848,0.01
test_04849,0.99
test_04850,0.39100903
test_04851,0.81514907
test_04852,0.17136677
test_04853,0.01
test_04854,0.25976634
test_04855,0.99
test_04856,0.66255563
test_04857,0.43341962
test_04858,0.99
test_04859,0.988274
test_04860,0.01
test_04861,0.052971724
test_04862,0.01
test_04863,0.5061392
test_04864,0.63123363
test_04865,0.0638988
test_04866,0.2724569
test_04867,0.8864581
test_04868,0.01
test_04869,0.01
test_04870,0.25599855
test_04871,0.99
test_04872,0.99
test_04873,0.18172091
test_04874,0.04849738
test_04875,0.99
test_04876,0.01
test_04877,0.01
test_04878,0.02022071
test_04879,0.01
test_04880,0.9110142
test_04881,0.01
test_04882,0.49138176
test_04883,0.99
test_04884,0.30737656
test_04885,0.01
test_04886,0.7497886
test_04887,0.9824013
test_04888,0.15714444
test_04889,0.99
test_04890,0.01
test_04891,0.98783153
test_04892,0.01
test_04893,0.95557064
test_04894,0.017654607
test_04895,0.82778233
test_04896,0.01
test_04897,0.29780102
test_04898,0.14277083
test_04899,0.08526711
test_04900,0.8947022
test_04901,0.7249784
test_04902,0.01
test_04903,0.99
test_04904,0.99
test_04905,0.6410753
test_04906,0.01
test_04907,0.99
test_04908,0.01
test_04909,0.99
test_04910,0.94145393
test_04911,0.9452827
test_04912,0.24417837
test_04913,0.99
test_04914,0.01
test_04915,0.99
test_04916,0.01
test_04917,0.6051797
test_04918,0.7775248
test_04919,0.01
test_04920,0.9572698
test_04921,0.99
test_04922,0.7426809
test_04923,0.9000467
test_04924,0.8409855
test_04925,0.6881523
test_04926,0.99
test_04927,0.01
test_04928,0.49993843
test_04929,0.99
test_04930,0.07830414
test_04931,0.99
test_04932,0.99
test_04933,0.011881661
test_04934,0.53921884
test_04935,0.99
test_04936,0.99
test_04937,0.46249542
test_04938,0.1342284
test_04939,0.99
test_04940,0.99
test_04941,0.99
test_04942,0.4787215
test_04943,0.9777543
test_04944,0.99
test_04945,0.09576865
test_04946,0.01
test_04947,0.01
test_04948,0.99
test_04949,0.99
test_04950,0.15031548
test_04951,0.92598426
test_04952,0.99
test_04953,0.17975482
test_04954,0.8149114
test_04955,0.99
test_04956,0.4005184
test_04957,0.99
test_04958,0.01
test_04959,0.01
test_04960,0.99
test_04961,0.90573287
test_04962,0.01
test_04963,0.8370147
test_04964,0.01
test_04965,0.99
test_04966,0.6517102
test_04967,0.056786366
test_04968,0.01
test_04969,0.9807053
test_04970,0.14176184
test_04971,0.99
test_04972,0.01
test_04973,0.99
test_04974,0.99
test_04975,0.01
test_04976,0.04716273
test_04977,0.085020855
test_04978,0.01
test_04979,0.80904204
test_04980,0.9554167
test_04981,0.5116053
test_04982,0.52486205
test_04983,0.6755464
test_04984,0.9445721
test_04985,0.8500061
test_04986,0.01
test_04987,0.01
test_04988,0.019187747
test_04989,0.05340575
test_04990,0.9898754
test_04991,0.01
test_04992,0.01
test_04993,0.99
test_04994,0.01
test_04995,0.98742527
test_04996,0.44126618
test_04997,0.01
test_04998,0.99
test_04999,0.73432493
test_05000,0.44874665
test_05001,0.060973894
test_05002,0.9136901
test_05003,0.01
test_05004,0.01
test_05005,0.01
test_05006,0.9843019
test_05007,0.7364099
test_05008,0.99
test_05009,0.16097832
test_05010,0.01
test_05011,0.026729824
test_05012,0.33821213
test_05013,0.99
test_05014,0.99
test_05015,0.99
test_05016,0.39774498
test_05017,0.020329852
test_05018,0.014192873
test_05019,0.99
test_05020,0.03120426
test_05021,0.71482563
test_05022,0.99
test_05023,0.07692343
test_05024,0.26594642
test_05025,0.16181874
test_05026,0.99
test_05027,0.01
test_05028,0.74309266
test_05029,0.99
test_05030,0.41022187
test_05031,0.01
test_05032,0.99
test_05033,0.99
test_05034,0.94526356
test_05035,0.39804813
test_05036,0.17031097
test_05037,0.023401793
test_05038,0.72077763
test_05039,0.295204
test_05040,0.69178385
test_05041,0.99
test_05042,0.9381624
test_05043,0.8590583
test_05044,0.01
test_05045,0.18959148
test_05046,0.109984286
test_05047,0.99
test_05048,0.01640839
test_05049,0.9105052
test_05050,0.1307977
test_05051,0.01
test_05052,0.9819551
test_05053,0.016253076
test_05054,0.043632932
test_05055,0.01
test_05056,0.01
test_05057,0.9874792
test_05058,0.9412428
test_05059,0.99
test_05060,0.9677203
test_05061,0.8497484
test_05062,0.80347943
test_05063,0.99
test_05064,0.9864096
test_05065,0.01
test_05066,0.15298916
test_05067,0.03753878
test_05068,0.01
test_05069,0.13067386
test_05070,0.9344328
test_05071,0.01
test_05072,0.08945954
test_05073,0.08040167
test_05074,0.79567564
test_05075,0.99
test_05076,0.9765189
test_05077,0.01
test_05078,0.38729703
test_05079,0.01
test_05080,0.5528123
test_05081,0.069838345
test_05082,0.032948613
test_05083,0.4237728
test_05084,0.99
test_05085,0.99
test_05086,0.8921822
test_05087,0.31244668
test_05088,0.23376885
test_05089,0.9136721
test_05090,0.040374026
test_05091,0.01
test_05092,0.8892142
test_05093,0.7753908
test_05094,0.22282782
test_05095,0.9188675
test_05096,0.01
test_05097,0.98504525
test_05098,0.35915443
test_05099,0.99
test_05100,0.01
test_05101,0.07438684
test_05102,0.013916094
test_05103,0.99
test_05104,0.01
test_05105,0.17708775
test_05106,0.989961
test_05107,0.036853883
test_05108,0.01
test_05109,0.01
test_05110,0.9691349
test_05111,0.9674392
test_05112,0.9675299
test_05113,0.8165566
test_05114,0.92673534
test_05115,0.01
test_05116,0.01
test_05117,0.99
test_05118,0.01
test_05119,0.99
test_05120,0.9849688
test_05121,0.79935646
test_05122,0.12715144
test_05123,0.01
test_05124,0.01
test_05125,0.4814676
test_05126,0.99
test_05127,0.23523304
test_05128,0.31408897
test_05129,0.043437466
test_05130,0.99
test_05131,0.11321089
test_05132,0.01
test_05133,0.16675916
test_05134,0.7509346
test_05135,0.28754282
test_05136,0.96079844
test_05137,0.99
test_05138,0.8303465
test_05139,0.12213877
test_05140,0.9059957
test_05141,0.99
test_05142,0.01
test_05143,0.8588917
test_05144,0.46222362
test_05145,0.99
test_05146,0.99
test_05147,0.06555203
test_05148,0.0991968
test_05149,0.149059
test_05150,0.030817883
test_05151,0.9393614
test_05152,0.13546257
test_05153,0.37547258
test_05154,0.95663065
test_05155,0.56306624
test_05156,0.99
test_05157,0.82039136
test_05158,0.94895923
test_05159,0.62721753
test_05160,0.83734965
test_05161,0.05630626
test_05162,0.14673129
test_05163,0.3419103
test_05164,0.31500006
test_05165,0.1803026
test_05166,0.99
test_05167,0.01
test_05168,0.8452498
test_05169,0.43047935
test_05170,0.025328143
test_05171,0.18728603
test_05172,0.23115572
test_05173,0.043340825
test_05174,0.9896219
test_05175,0.5557349
test_05176,0.17008503
test_05177,0.01
test_05178,0.66888785
test_05179,0.019348286
test_05180,0.0151029555
test_05181,0.4974477
test_05182,0.01
test_05183,0.03862722
test_05184,0.99
test_05185,0.99
test_05186,0.99
test_05187,0.9119528
test_05188,0.99
test_05189,0.25607467
test_05190,0.98770636
test_05191,0.29766485
test_05192,0.3520938
test_05193,0.019983443
test_05194,0.5727387
test_05195,0.11292995
test_05196,0.01
test_05197,0.01
test_05198,0.99
test_05199,0.9032528
test_05200,0.9500402
test_05201,0.5656484
test_05202,0.7888748
test_05203,0.98688346
test_05204,0.01
test_05205,0.023594646
test_05206,0.99
test_05207,0.115863115
test_05208,0.98462576
test_05209,0.048448894
test_05210,0.4143983
test_05211,0.31973115
test_05212,0.99
test_05213,0.01
test_05214,0.01
test_05215,0.01
test_05216,0.21776411
test_05217,0.43165183
test_05218,0.9888494
test_05219,0.26298138
test_05220,0.99
test_05221,0.01
test_05222,0.01
test_05223,0.99
test_05224,0.01
test_05225,0.01
test_05226,0.01
test_05227,0.99
test_05228,0.48096585
test_05229,0.985343
test_05230,0.01
test_05231,0.010590806
test_05232,0.9636314
test_05233,0.028577661
test_05234,0.11448717
test_05235,0.04492035
test_05236,0.14506072
test_05237,0.99
test_05238,0.01
test_05239,0.5267381
test_05240,0.99
test_05241,0.106338404
test_05242,0.99
test_05243,0.99
test_05244,0.80475193
test_05245,0.01
test_05246,0.4670698
test_05247,0.01
test_05248,0.99
test_05249,0.62732464
test_05250,0.88168865
test_05251,0.01
test_05252,0.82672065
test_05253,0.01
test_05254,0.81515795
test_05255,0.81517524
test_05256,0.7190543
test_05257,0.99
test_05258,0.36328128
test_05259,0.9668519
test_05260,0.99
test_05261,0.99
test_05262,0.33071697
test_05263,0.99
test_05264,0.57230616
test_05265,0.011351301
test_05266,0.99
test_05267,0.99
test_05268,0.99
test_05269,0.99
test_05270,0.8438931
test_05271,0.6900148
test_05272,0.97959703
test_05273,0.02027926
test_05274,0.024279851
test_05275,0.61268705
test_05276,0.9843546
test_05277,0.8521342
test_05278,0.58901757
test_05279,0.01
test_05280,0.99
test_05281,0.99
test_05282,0.01
test_05283,0.2645809
test_05284,0.9141304
test_05285,0.62699276
test_05286,0.18820727
test_05287,0.017661588
test_05288,0.9169403
test_05289,0.99
test_05290,0.99
test_05291,0.7122906
test_05292,0.679771
test_05293,0.37741658
test_05294,0.09275497
test_05295,0.47524416
test_05296,0.06292686
test_05297,0.06433842
test_05298,0.99
test_05299,0.0405912
test_05300,0.04361774
test_05301,0.7178796
test_05302,0.01
test_05303,0.99
test_05304,0.72996485
test_05305,0.99
test_05306,0.018207107
test_05307,0.99
test_05308,0.99
test_05309,0.01
test_05310,0.99
test_05311,0.92035806
test_05312,0.99
test_05313,0.97131526
test_05314,0.70668256
test_05315,0.01
test_05316,0.11904161
test_05317,0.99
test_05318,0.060618114
test_05319,0.99
test_05320,0.9191822
test_05321,0.57835436
test_05322,0.11613478
test_05323,0.017523754
test_05324,0.99
test_05325,0.12507561
test_05326,0.99
test_05327,0.99
test_05328,0.03421739
test_05329,0.99
test_05330,0.99
test_05331,0.093300946
test_05332,0.62895036
test_05333,0.01
test_05334,0.99
test_05335,0.86678857
test_05336,0.99
test_05337,0.08105906
test_05338,0.99
test_05339,0.64230704
test_05340,0.99
test_05341,0.102087006
test_05342,0.01
test_05343,0.9178601
test_05344,0.01764295
test_05345,0.01
test_05346,0.7265243
test_05347,0.02254125
test_05348,0.8931545
test_05349,0.99
test_05350,0.10111931
test_05351,0.85355544
test_05352,0.4829791
test_05353,0.99
test_05354,0.2507627
test_05355,0.692167
test_05356,0.01
test_05357,0.14283337
test_05358,0.06889277
test_05359,0.9150833
test_05360,0.99
test_05361,0.42083085
test_05362,0.9876506
test_05363,0.052118756
test_05364,0.5428979
test_05365,0.01
test_05366,0.4936287
test_05367,0.012262651
test_05368,0.71047944
test_05369,0.01
test_05370,0.99
test_05371,0.01
test_05372,0.22469412
test_05373,0.81515604
test_05374,0.8739633
test_05375,0.01
test_05376,0.01
test_05377,0.74634945
test_05378,0.99
test_05379,0.99
test_05380,0.94570524
test_05381,0.17039448
test_05382,0.31356576
test_05383,0.99
test_05384,0.8682421
test_05385,0.13256411
test_05386,0.01
test_05387,0.642775
test_05388,0.99
test_05389,0.076381996
test_05390,0.80505896
test_05391,0.96666425
test_05392,0.762357
test_05393,0.99
test_05394,0.9354518
test_05395,0.9028525
test_05396,0.012308297
test_05397,0.89334804
test_05398,0.99
test_05399,0.03243491
test_05400,0.25380394
test_05401,0.01
test_05402,0.99
test_05403,0.99
test_05404,0.34999818
test_05405,0.4790433
test_05406,0.9865984
test_05407,0.99
test_05408,0.99
test_05409,0.01
test_05410,0.023579843
test_05411,0.3680738
test_05412,0.5978805
test_05413,0.9799054
test_05414,0.8862461
test_05415,0.01
test_05416,0.99
test_05417,0.01
test_05418,0.51564604
test_05419,0.99
test_05420,0.99
test_05421,0.99
test_05422,0.99
test_05423,0.74736184
test_05424,0.8555676
test_05425,0.42329815
test_05426,0.8671888
test_05427,0.01
test_05428,0.99
test_05429,0.9441647
test_05430,0.99
test_05431,0.03281819
test_05432,0.8964722
test_05433,0.98162866
test_05434,0.99
test_05435,0.99
test_05436,0.01
test_05437,0.99
test_05438,0.020385029
test_05439,0.01
test_05440,0.37691304
test_05441,0.99
test_05442,0.019870834
test_05443,0.19368052
test_05444,0.99
test_05445,0.9524132
test_05446,0.01
test_05447,0.505656
test_05448,0.42844644
test_05449,0.01
test_05450,0.01
test_05451,0.01
test_05452,0.9393731
test_05453,0.9337272
test_05454,0.46211946
test_05455,0.08361353
test_05456,0.01
test_05457,0.01
test_05458,0.01
test_05459,0.01
test_05460,0.32405514
test_05461,0.01
test_05462,0.99
test_05463,0.99
test_05464,0.99
test_05465,0.20222718
test_05466,0.99
test_05467,0.01
test_05468,0.2326494
test_05469,0.99
test_05470,0.2519553
test_05471,0.01
test_05472,0.95582634
test_05473,0.01
test_05474,0.26439658
test_05475,0.01
test_05476,0.01
test_05477,0.057054017
test_05478,0.51172155
test_05479,0.07935063
test_05480,0.01
test_05481,0.71694887
test_05482,0.01
test_05483,0.01
test_05484,0.08046214
test_05485,0.08289469
test_05486,0.32333204
test_05487,0.01
test_05488,0.90659994
test_05489,0.01
test_05490,0.03790119
test_05491,0.34126782
test_05492,0.98984325
test_05493,0.1382613
test_05494,0.99
test_05495,0.01
test_05496,0.19261323
test_05497,0.8417889
test_05498,0.54888266
test_05499,0.4057838
test_05500,0.9566606
test_05501,0.99
test_05502,0.01
test_05503,0.21881813
test_05504,0.97394085
test_05505,0.23653975
test_05506,0.19473892
test_05507,0.032051746
test_05508,0.99
test_05509,0.02709697
test_05510,0.99
test_05511,0.01
test_05512,0.016049398
test_05513,0.83738375
test_05514,0.32700193
test_05515,0.24427709
test_05516,0.050567392
test_05517,0.43941104
test_05518,0.01
test_05519,0.9709473
test_05520,0.7999759
test_05521,0.9128166
test_05522,0.06806886
test_05523,0.9829957
test_05524,0.9889804
test_05525,0.01
test_05526,0.01
test_05527,0.99
test_05528,0.01
test_05529,0.99
test_05530,0.014011543
test_05531,0.01
test_05532,0.93871355
test_05533,0.99
test_05534,0.22896168
test_05535,0.7949968
test_05536,0.01
test_05537,0.99
test_05538,0.01
test_05539,0.8890792
test_05540,0.9354789
test_05541,0.012661562
test_05542,0.33517545
test_05543,0.01
test_05544,0.046270274
test_05545,0.18242875
test_05546,0.49026507
test_05547,0.01
test_05548,0.9773501
test_05549,0.29156673
test_05550,0.01
test_05551,0.32173422
test_05552,0.16439258
test_05553,0.668845
test_05554,0.07924961
test_05555,0.99
test_05556,0.99
test_05557,0.7978969
test_05558,0.08895417
test_05559,0.01
test_05560,0.9578387
test_05561,0.44345918
test_05562,0.99
test_05563,0.93795365
test_05564,0.9789882
test_05565,0.9515678
test_05566,0.01
test_05567,0.019307472
test_05568,0.98694986
test_05569,0.57993966
test_05570,0.6959712
test_05571,0.99
test_05572,0.01
test_05573,0.4004438
test_05574,0.50630784
test_05575,0.99
test_05576,0.15419868
test_05577,0.99
test_05578,0.8835869
test_05579,0.01
test_05580,0.9884437
test_05581,0.01
test_05582,0.99
test_05583,0.99
test_05584,0.99
test_05585,0.01
test_05586,0.01
test_05587,0.01
test_05588,0.969258
test_05589,0.60646164
test_05590,0.99
test_05591,0.5671685
test_05592,0.01
test_05593,0.99
test_05594,0.01
test_05595,0.07268451
test_05596,0.99
test_05597,0.041224044
test_05598,0.99
test_05599,0.078676075
test_05600,0.99
test_05601,0.99
test_05602,0.054628287
test_05603,0.033464175
test_05604,0.99
test_05605,0.01
test_05606,0.99
test_05607,0.7426406
test_05608,0.23271085
test_05609,0.01
test_05610,0.99
test_05611,0.01
test_05612,0.4677629
test_05613,0.01
test_05614,0.41805863
test_05615,0.99
test_05616,0.041018926
test_05617,0.01
test_05618,0.011410258
test_05619,0.5703889
test_05620,0.35106522
test_05621,0.01
test_05622,0.4025635
test_05623,0.8644727
test_05624,0.87548506
test_05625,0.89055955
test_05626,0.99
test_05627,0.25299552
test_05628,0.99
test_05629,0.01
test_05630,0.01
test_05631,0.01
test_05632,0.9721905
test_05633,0.99
test_05634,0.99
test_05635,0.01
test_05636,0.99
test_05637,0.99
test_05638,0.013974207
test_05639,0.9327124
test_05640,0.030545523
test_05641,0.020705067
test_05642,0.99
test_05643,0.01
test_05644,0.23321243
test_05645,0.99
test_05646,0.06389526
test_05647,0.019620478
test_05648,0.025641792
test_05649,0.38491887
test_05650,0.9457509
test_05651,0.41432622
test_05652,0.99
test_05653,0.110793
test_05654,0.99
test_05655,0.26630127
test_05656,0.01
test_05657,0.7136429
test_05658,0.44047847
test_05659,0.99
test_05660,0.99
test_05661,0.45287704
test_05662,0.99
test_05663,0.11312436
test_05664,0.99
test_05665,0.01
test_05666,0.01
test_05667,0.96912885
test_05668,0.4059439
test_05669,0.9396104
test_05670,0.028212575
test_05671,0.01
test_05672,0.99
test_05673,0.01
test_05674,0.1678532
test_05675,0.9753161
test_05676,0.9215947
test_05677,0.01
test_05678,0.024271382
test_05679,0.0123518845
test_05680,0.733739
test_05681,0.01
test_05682,0.99
test_05683,0.01
test_05684,0.101218514
test_05685,0.01
test_05686,0.99
test_05687,0.01
test_05688,0.01
test_05689,0.9313011
test_05690,0.061996717
test_05691,0.84053195
test_05692,0.16830176
test_05693,0.95020765
test_05694,0.598428
test_05695,0.1407192
test_05696,0.9097113
test_05697,0.9121693
test_05698,0.06700697
test_05699,0.86504304
test_05700,0.99
test_05701,0.98338795
test_05702,0.5246248
test_05703,0.99
test_05704,0.99
test_05705,0.7894841
test_05706,0.41377246
test_05707,0.99
test_05708,0.33494923
test_05709,0.230679
test_05710,0.6735892
test_05711,0.70875627
test_05712,0.07840936
test_05713,0.01
test_05714,0.97687304
test_05715,0.26868832
test_05716,0.873248
test_05717,0.65863967
test_05718,0.99
test_05719,0.68419874
test_05720,0.01
test_05721,0.29382092
test_05722,0.23328818
test_05723,0.01
test_05724,0.99
test_05725,0.38153407
test_05726,0.01
test_05727,0.025343016
test_05728,0.88355964
test_05729,0.01
test_05730,0.66733336
test_05731,0.99
test_05732,0.01
test_05733,0.99
test_05734,0.13546512
test_05735,0.01
test_05736,0.01
test_05737,0.04469616
test_05738,0.01
test_05739,0.01
test_05740,0.01264249
test_05741,0.23133616
test_05742,0.18969618
test_05743,0.010374206
test_05744,0.9880614
test_05745,0.8422087
test_05746,0.97744054
test_05747,0.038162272
test_05748,0.25039914
test_05749,0.99
test_05750,0.01
test_05751,0.01
test_05752,0.01
test_05753,0.64538586
test_05754,0.8917564
test_05755,0.92906094
test_05756,0.2184624
test_05757,0.053833738
test_05758,0.05128098
test_05759,0.01
test_05760,0.99
test_05761,0.96094316
test_05762,0.01
test_05763,0.89397746
test_05764,0.89251477
test_05765,0.46734688
test_05766,0.050609626
test_05767,0.6977931
test_05768,0.01
test_05769,0.023443524
test_05770,0.9889846
test_05771,0.19956863
test_05772,0.5210972
test_05773,0.6441231
test_05774,0.68938345
test_05775,0.46000475
test_05776,0.01
test_05777,0.32712325
test_05778,0.98852205
test_05779,0.7751377
test_05780,0.17183988
test_05781,0.01877426
test_05782,0.99
test_05783,0.98007935
test_05784,0.13919514
test_05785,0.36211655
test_05786,0.73595124
test_05787,0.5323908
test_05788,0.99
test_05789,0.81519866
test_05790,0.01
test_05791,0.5078057
test_05792,0.086529806
test_05793,0.0666379
test_05794,0.99
test_05795,0.98796034
test_05796,0.99
test_05797,0.99
test_05798,0.087869786
test_05799,0.85595113
test_05800,0.99
test_05801,0.56801164
test_05802,0.32645172
test_05803,0.99
test_05804,0.99
test_05805,0.57757133
test_05806,0.6592293
test_05807,0.028026406
test_05808,0.06295977
test_05809,0.9780149
test_05810,0.99
test_05811,0.81182444
test_05812,0.48976028
test_05813,0.99
test_05814,0.82592607
test_05815,0.91089827
test_05816,0.07646144
test_05817,0.99
test_05818,0.99
test_05819,0.99
test_05820,0.08332652
test_05821,0.99
test_05822,0.013527427
test_05823,0.013797999
test_05824,0.01
test_05825,0.0772081
test_05826,0.63553905
test_05827,0.01
test_05828,0.2317897
test_05829,0.379962
test_05830,0.01
test_05831,0.27576357
test_05832,0.22840872
test_05833,0.08306196
test_05834,0.049122125
test_05835,0.99
test_05836,0.99
test_05837,0.01
test_05838,0.01
test_05839,0.99
test_05840,0.99
test_05841,0.40950987
test_05842,0.15529728
test_05843,0.35784546
test_05844,0.01
test_05845,0.03988956
test_05846,0.29439592
test_05847,0.9713179
test_05848,0.032304104
test_05849,0.01
test_05850,0.5645487
test_05851,0.3476261
test_05852,0.97599274
test_05853,0.5269525
test_05854,0.9174159
test_05855,0.7601592
test_05856,0.30136046
test_05857,0.99
test_05858,0.01
test_05859,0.9078535
test_05860,0.01
test_05861,0.01
test_05862,0.8205969
test_05863,0.067504115
test_05864,0.9802405
test_05865,0.20354715
test_05866,0.83473414
test_05867,0.99
test_05868,0.9577341
test_05869,0.7490881
test_05870,0.038843423
test_05871,0.99
test_05872,0.6645147
test_05873,0.01
test_05874,0.01
test_05875,0.01
test_05876,0.014781755
test_05877,0.99
test_05878,0.99
test_05879,0.99
test_05880,0.99
test_05881,0.9866435
test_05882,0.7716542
test_05883,0.99
test_05884,0.99
test_05885,0.023967857
test_05886,0.01
test_05887,0.9803012
test_05888,0.027677502
test_05889,0.95024467
test_05890,0.01
test_05891,0.01
test_05892,0.9687109
test_05893,0.02878644
test_05894,0.99
test_05895,0.01
test_05896,0.99
test_05897,0.99
test_05898,0.32174534
test_05899,0.99
test_05900,0.035665497
test_05901,0.6751547
test_05902,0.981951
test_05903,0.01
test_05904,0.8329138
test_05905,0.01
test_05906,0.01
test_05907,0.94140345
test_05908,0.17747018
test_05909,0.99
test_05910,0.99
test_05911,0.01
test_05912,0.01
test_05913,0.05933816
test_05914,0.09984686
test_05915,0.9561378
test_05916,0.72158533
test_05917,0.01
test_05918,0.99
test_05919,0.9679874
test_05920,0.07099032
test_05921,0.99
test_05922,0.6456673
test_05923,0.99
test_05924,0.01
test_05925,0.060590107
test_05926,0.01
test_05927,0.99
test_05928,0.91110617
test_05929,0.01
test_05930,0.023368482
test_05931,0.99
test_05932,0.13208318
test_05933,0.06793624
test_05934,0.06308952
test_05935,0.064720824
test_05936,0.94378334
test_05937,0.95569867
test_05938,0.114542335
test_05939,0.5158401
test_05940,0.38912627
test_05941,0.84831864
test_05942,0.024012802
test_05943,0.99
test_05944,0.9549557
test_05945,0.02615288
test_05946,0.049711972
test_05947,0.956761
test_05948,0.99
test_05949,0.99
test_05950,0.09316503
test_05951,0.92313385
test_05952,0.044322114
test_05953,0.99
test_05954,0.4460955
test_05955,0.99
test_05956,0.1917159
test_05957,0.01
test_05958,0.01
test_05959,0.7573692
test_05960,0.01
test_05961,0.42828733
test_05962,0.99
test_05963,0.99
test_05964,0.6681465
test_05965,0.01
test_05966,0.48752666
test_05967,0.235417
test_05968,0.017894603
test_05969,0.12338897
test_05970,0.04090652
test_05971,0.2947578
test_05972,0.99
test_05973,0.01
test_05974,0.01
test_05975,0.99
test_05976,0.01
test_05977,0.99
test_05978,0.78647214
test_05979,0.01
test_05980,0.9742221
test_05981,0.42473483
test_05982,0.9814295
test_05983,0.01
test_05984,0.72457504
test_05985,0.01
test_05986,0.2261012
test_05987,0.818458
test_05988,0.20034671
test_05989,0.9203005
test_05990,0.99
test_05991,0.8922976
test_05992,0.62504244
test_05993,0.9895789
test_05994,0.01
test_05995,0.18379013
test_05996,0.9796276
test_05997,0.7219716
test_05998,0.09261328
test_05999,0.071520776
test_06000,0.99
test_06001,0.99
test_06002,0.99
test_06003,0.69695795
test_06004,0.018771823
test_06005,0.3139929
test_06006,0.99
test_06007,0.01
test_06008,0.01
test_06009,0.024191853
test_06010,0.99
test_06011,0.03101146
test_06012,0.9616001
test_06013,0.21920937
test_06014,0.5030772
test_06015,0.01
test_06016,0.01339743
test_06017,0.14724468
test_06018,0.01
test_06019,0.6230415
test_06020,0.01
test_06021,0.23563145
test_06022,0.01
test_06023,0.010414731
test_06024,0.98316634
test_06025,0.48803106
test_06026,0.0534955
test_06027,0.99
test_06028,0.017145986
test_06029,0.01
test_06030,0.13802257
test_06031,0.01
test_06032,0.8635044
test_06033,0.13083787
test_06034,0.36400124
test_06035,0.010811022
test_06036,0.01
test_06037,0.96651345
test_06038,0.99
test_06039,0.61309254
test_06040,0.01
test_06041,0.06321161
test_06042,0.01372101
test_06043,0.38298795
test_06044,0.99
test_06045,0.31032348
test_06046,0.8550047
test_06047,0.01
test_06048,0.83382154
test_06049,0.2321068
test_06050,0.03283951
test_06051,0.1237193
test_06052,0.99
test_06053,0.21130642
test_06054,0.01
test_06055,0.0107983975
test_06056,0.011889887
test_06057,0.99
test_06058,0.99
test_06059,0.106746346
test_06060,0.372283
test_06061,0.18827525
test_06062,0.9578568
test_06063,0.99
test_06064,0.97764194
test_06065,0.99
test_06066,0.01
test_06067,0.2290501
test_06068,0.99
test_06069,0.04214564
test_06070,0.01
test_06071,0.8433123
test_06072,0.6811018
test_06073,0.90322596
test_06074,0.01
test_06075,0.01
test_06076,0.99
test_06077,0.99
test_06078,0.6436937
test_06079,0.6898021
test_06080,0.99
test_06081,0.9639453
test_06082,0.99
test_06083,0.01
test_06084,0.01
test_06085,0.99
test_06086,0.05896569
test_06087,0.99
test_06088,0.030973108
test_06089,0.99
test_06090,0.97079843
test_06091,0.99
test_06092,0.40552023
test_06093,0.6271675
test_06094,0.924537
test_06095,0.9618182
test_06096,0.99
test_06097,0.5778221
test_06098,0.055782415
test_06099,0.01
test_06100,0.01
test_06101,0.9736226
test_06102,0.98194045
test_06103,0.10034233
test_06104,0.96704394
test_06105,0.99
test_06106,0.889983
test_06107,0.073717155
test_06108,0.04363481
test_06109,0.1518591
test_06110,0.99
test_06111,0.13736022
test_06112,0.01
test_06113,0.13392314
test_06114,0.91785216
test_06115,0.26173472
test_06116,0.99
test_06117,0.01
test_06118,0.97832036
test_06119,0.01462019
test_06120,0.9063812
test_06121,0.99
test_06122,0.01
test_06123,0.01
test_06124,0.68738264
test_06125,0.27611005
test_06126,0.80003005
test_06127,0.010939211
test_06128,0.106184915
test_06129,0.48455644
test_06130,0.6280201
test_06131,0.43584874
test_06132,0.8153581
test_06133,0.99
test_06134,0.040821407
test_06135,0.023285182
test_06136,0.9773591
test_06137,0.47995305
test_06138,0.24039485
test_06139,0.98980904
test_06140,0.99
test_06141,0.07575206
test_06142,0.80942523
test_06143,0.01
test_06144,0.92626727
test_06145,0.46022725
test_06146,0.01
test_06147,0.99
test_06148,0.11128553
test_06149,0.08595244
test_06150,0.5504913
test_06151,0.121361084
test_06152,0.030191353
test_06153,0.33925474
test_06154,0.98587716
test_06155,0.99
test_06156,0.058314644
test_06157,0.01
test_06158,0.01
test_06159,0.2325097
test_06160,0.99
test_06161,0.01
test_06162,0.5556589
test_06163,0.99
test_06164,0.99
test_06165,0.011533889
test_06166,0.044689097
test_06167,0.99
test_06168,0.016889526
test_06169,0.99
test_06170,0.99
test_06171,0.01
test_06172,0.8206694
test_06173,0.9466865
test_06174,0.023006853
test_06175,0.01
test_06176,0.93013626
test_06177,0.99
test_06178,0.99
test_06179,0.99
test_06180,0.06896732
test_06181,0.17360425
test_06182,0.01
test_06183,0.99
test_06184,0.37303787
test_06185,0.9452816
test_06186,0.5879096
test_06187,0.01
test_06188,0.06245299
test_06189,0.06695776
test_06190,0.06430671
test_06191,0.01
test_06192,0.04350631
test_06193,0.7885781
test_06194,0.060166474
test_06195,0.24909705
test_06196,0.4196775
test_06197,0.9164278
test_06198,0.01
test_06199,0.99
test_06200,0.99
test_06201,0.5409003
test_06202,0.87404513
test_06203,0.72271824
test_06204,0.43281558
test_06205,0.24688984
test_06206,0.017173281
test_06207,0.99
test_06208,0.01
test_06209,0.812823
test_06210,0.33881006
test_06211,0.01
test_06212,0.99
test_06213,0.01
test_06214,0.1276306
test_06215,0.88143766
test_06216,0.24631633
test_06217,0.022309523
test_06218,0.074554935
test_06219,0.82218164
test_06220,0.7683375
test_06221,0.6281164
test_06222,0.9342146
test_06223,0.30214077
test_06224,0.4472244
test_06225,0.9869687
test_06226,0.99
test_06227,0.01
test_06228,0.97028315
test_06229,0.01
test_06230,0.01
test_06231,0.99
test_06232,0.04280634
test_06233,0.01
test_06234,0.99
test_06235,0.99
test_06236,0.01
test_06237,0.7889742
test_06238,0.030272428
test_06239,0.9099911
test_06240,0.82273746
test_06241,0.6658015
test_06242,0.92151344
test_06243,0.98365515
test_06244,0.99
test_06245,0.01
test_06246,0.99
test_06247,0.99
test_06248,0.91524935
test_06249,0.46096677
test_06250,0.99
test_06251,0.01
test_06252,0.1779786
test_06253,0.35154292
test_06254,0.99
test_06255,0.24720092
test_06256,0.99
test_06257,0.99
test_06258,0.9109243
test_06259,0.99
test_06260,0.5718223
test_06261,0.55222046
test_06262,0.98645175
test_06263,0.012671421
test_06264,0.99
test_06265,0.2712389
test_06266,0.9841298
test_06267,0.99
test_06268,0.99
test_06269,0.01
test_06270,0.6034618
test_06271,0.5266288
test_06272,0.28319928
test_06273,0.8576711
test_06274,0.62670857
test_06275,0.93444663
test_06276,0.037892565
test_06277,0.16350739
test_06278,0.77116346
test_06279,0.01
test_06280,0.010541602
test_06281,0.91775966
test_06282,0.5886641
test_06283,0.97178733
test_06284,0.06585822
test_06285,0.13229635
test_06286,0.99
test_06287,0.47508377
test_06288,0.99
test_06289,0.9469639
test_06290,0.3831774
test_06291,0.01
test_06292,0.01
test_06293,0.01
test_06294,0.01840281
test_06295,0.01
test_06296,0.01
test_06297,0.016781248
test_06298,0.78777367
test_06299,0.13463144
test_06300,0.9638803
test_06301,0.01
test_06302,0.92203254
test_06303,0.393145
test_06304,0.20290934
test_06305,0.40912622
test_06306,0.06048556
test_06307,0.5480605
test_06308,0.99
test_06309,0.05051488
test_06310,0.01
test_06311,0.01
test_06312,0.03567381
test_06313,0.01
test_06314,0.27003786
test_06315,0.99
test_06316,0.7438974
test_06317,0.967751
test_06318,0.99
test_06319,0.77506703
test_06320,0.99
test_06321,0.84942096
test_06322,0.99
test_06323,0.26085255
test_06324,0.067630395
test_06325,0.99
test_06326,0.908603
test_06327,0.06733362
test_06328,0.95615673
test_06329,0.99
test_06330,0.953822
test_06331,0.24182552
test_06332,0.01
test_06333,0.16672756
test_06334,0.9838487
test_06335,0.01
test_06336,0.01
test_06337,0.091600865
test_06338,0.36645895
test_06339,0.83806187
test_06340,0.99
test_06341,0.011619684
test_06342,0.53253496
test_06343,0.02126305
test_06344,0.01
test_06345,0.078272015
test_06346,0.07850003
test_06347,0.03889011
test_06348,0.99
test_06349,0.01
test_06350,0.01
test_06351,0.99
test_06352,0.01
test_06353,0.01
test_06354,0.78787476
test_06355,0.01
test_06356,0.99
test_06357,0.044171773
test_06358,0.40513965
test_06359,0.9712232
test_06360,0.90758896
test_06361,0.5385746
test_06362,0.01
test_06363,0.57321185
test_06364,0.98252976
test_06365,0.01
test_06366,0.33141276
test_06367,0.900393
test_06368,0.99
test_06369,0.99
test_06370,0.9857174
test_06371,0.01
test_06372,0.3588091
test_06373,0.99
test_06374,0.99
test_06375,0.027901512
test_06376,0.10435403
test_06377,0.99
test_06378,0.01
test_06379,0.01
test_06380,0.0102900155
test_06381,0.01
test_06382,0.8832458
test_06383,0.99
test_06384,0.9599663
test_06385,0.01
test_06386,0.99
test_06387,0.99
test_06388,0.99
test_06389,0.9605395
test_06390,0.99
test_06391,0.073887706
test_06392,0.09071505
test_06393,0.99
test_06394,0.6537217
test_06395,0.33644223
test_06396,0.01
test_06397,0.01
test_06398,0.2648497
test_06399,0.17094545
test_06400,0.01
test_06401,0.42501998
test_06402,0.99
test_06403,0.54349333
test_06404,0.027757283
test_06405,0.99
test_06406,0.01
test_06407,0.4082627
test_06408,0.01
test_06409,0.025392119
test_06410,0.5658366
test_06411,0.99
test_06412,0.26638713
test_06413,0.17970115
test_06414,0.725031
test_06415,0.91811967
test_06416,0.026757099
test_06417,0.06694608
test_06418,0.8798646
test_06419,0.2959258
test_06420,0.112885766
test_06421,0.99
test_06422,0.9781185
test_06423,0.01
test_06424,0.99
test_06425,0.18071537
test_06426,0.21603222
test_06427,0.07635701
test_06428,0.024199327
test_06429,0.01
test_06430,0.99
test_06431,0.07829809
test_06432,0.02403597
test_06433,0.052350614
test_06434,0.99
test_06435,0.99
test_06436,0.028839888
test_06437,0.3113805
test_06438,0.4105638
test_06439,0.99
test_06440,0.14980835
test_06441,0.99
test_06442,0.12446056
test_06443,0.01
test_06444,0.01
test_06445,0.01
test_06446,0.41454068
test_06447,0.14607863
test_06448,0.9511662
test_06449,0.023498952
test_06450,0.99
test_06451,0.98470193
test_06452,0.47039533
test_06453,0.01
test_06454,0.99
test_06455,0.01
test_06456,0.017932758
test_06457,0.9896993
test_06458,0.99
test_06459,0.99
test_06460,0.01
test_06461,0.01
test_06462,0.96783006
test_06463,0.11851817
test_06464,0.9825251
test_06465,0.01
test_06466,0.97995526
test_06467,0.95456606
test_06468,0.25651485
test_06469,0.3882737
test_06470,0.9803668
test_06471,0.01
test_06472,0.5319814
test_06473,0.9870597
test_06474,0.08020118
test_06475,0.02040068
test_06476,0.2848124
test_06477,0.01
test_06478,0.99
test_06479,0.906294
test_06480,0.99
test_06481,0.06873103
test_06482,0.99
test_06483,0.01
test_06484,0.01
test_06485,0.9169375
test_06486,0.99
test_06487,0.01
test_06488,0.9400674
test_06489,0.01
test_06490,0.01
test_06491,0.73989815
test_06492,0.9727501
test_06493,0.8686377
test_06494,0.6329828
test_06495,0.34015957
test_06496,0.013038678
test_06497,0.976495
test_06498,0.045356564
test_06499,0.99
test_06500,0.5513238
test_06501,0.64820784
test_06502,0.9107922
test_06503,0.01
test_06504,0.01
test_06505,0.01
test_06506,0.07835282
test_06507,0.28980756
test_06508,0.9725202
test_06509,0.021029336
test_06510,0.99
test_06511,0.01
test_06512,0.99
test_06513,0.0110727865
test_06514,0.012911634
test_06515,0.92024726
test_06516,0.99
test_06517,0.99
test_06518,0.18463224
test_06519,0.09504135
test_06520,0.01
test_06521,0.99
test_06522,0.99
test_06523,0.95130396
test_06524,0.9768306
test_06525,0.01
test_06526,0.99
test_06527,0.047761064
test_06528,0.99
test_06529,0.8838172
test_06530,0.01
test_06531,0.99
test_06532,0.34496784
test_06533,0.8469974
test_06534,0.01
test_06535,0.99
test_06536,0.01
test_06537,0.01
test_06538,0.08274845
test_06539,0.11290448
test_06540,0.01
test_06541,0.039819118
test_06542,0.8040213
test_06543,0.0958251
test_06544,0.802609
test_06545,0.53888094
test_06546,0.01
test_06547,0.9784721
test_06548,0.9489974
test_06549,0.14321166
test_06550,0.08644535
test_06551,0.1317428
test_06552,0.85837597
test_06553,0.99
test_06554,0.67278874
test_06555,0.5723506
test_06556,0.99
test_06557,0.01
test_06558,0.11912036
test_06559,0.24500452
test_06560,0.87945557
test_06561,0.99
test_06562,0.3165799
test_06563,0.4832466
test_06564,0.8662512
test_06565,0.10753473
test_06566,0.9849759
test_06567,0.958758
test_06568,0.9848845
test_06569,0.3957302
test_06570,0.01
test_06571,0.033152554
test_06572,0.101134084
test_06573,0.022492556
test_06574,0.99
test_06575,0.01
test_06576,0.46336755
test_06577,0.045776356
test_06578,0.99
test_06579,0.6861935
test_06580,0.99
test_06581,0.01
test_06582,0.9884593
test_06583,0.010240286
test_06584,0.43617412
test_06585,0.01
test_06586,0.88837916
test_06587,0.8905296
test_06588,0.01
test_06589,0.99
test_06590,0.01
test_06591,0.01
test_06592,0.99
test_06593,0.99
test_06594,0.99
test_06595,0.029863318
test_06596,0.87575513
test_06597,0.14589727
test_06598,0.7588619
test_06599,0.01
test_06600,0.92607874
test_06601,0.01
test_06602,0.38442022
test_06603,0.01
test_06604,0.8990011
test_06605,0.63374126
test_06606,0.99
test_06607,0.01
test_06608,0.99
test_06609,0.88957787
test_06610,0.21591258
test_06611,0.01
test_06612,0.026375972
test_06613,0.01
test_06614,0.01
test_06615,0.08650682
test_06616,0.9886736
test_06617,0.8698874
test_06618,0.01
test_06619,0.9871524
test_06620,0.01
test_06621,0.01
test_06622,0.8884754
test_06623,0.87447476
test_06624,0.11148101
test_06625,0.99
test_06626,0.93278974
test_06627,0.01
test_06628,0.056655854
test_06629,0.01
test_06630,0.2941976
test_06631,0.01
test_06632,0.01
test_06633,0.01
test_06634,0.24129647
test_06635,0.01
test_06636,0.01
test_06637,0.016924337
test_06638,0.6574327
test_06639,0.08235479
test_06640,0.99
test_06641,0.054983158
test_06642,0.92813826
test_06643,0.99
test_06644,0.99
test_06645,0.59616697
test_06646,0.0407845
test_06647,0.4326037
test_06648,0.01
test_06649,0.01767484
test_06650,0.01
test_06651,0.01
test_06652,0.16872317
test_06653,0.96355826
test_06654,0.01
test_06655,0.01
test_06656,0.6736103
test_06657,0.99
test_06658,0.016310243
test_06659,0.7833172
test_06660,0.38801587
test_06661,0.01
test_06662,0.8098969
test_06663,0.01
test_06664,0.023624782
test_06665,0.01
test_06666,0.7191024
test_06667,0.99
test_06668,0.77376467
test_06669,0.01
test_06670,0.5919644
test_06671,0.99
test_06672,0.019020662
test_06673,0.01
test_06674,0.99
test_06675,0.4560877
test_06676,0.7338764
test_06677,0.99
test_06678,0.9804576
test_06679,0.01
test_06680,0.01
test_06681,0.9327728
test_06682,0.04475673
test_06683,0.99
test_06684,0.9679111
test_06685,0.99
test_06686,0.015542642
test_06687,0.01
test_06688,0.88764787
test_06689,0.027172536
test_06690,0.08993988
test_06691,0.95800203
test_06692,0.5127939
test_06693,0.7106605
test_06694,0.98529863
test_06695,0.01
test_06696,0.8858122
test_06697,0.014468365
test_06698,0.18693584
test_06699,0.068892606
test_06700,0.99
test_06701,0.06305766
test_06702,0.5724997
test_06703,0.9518821
test_06704,0.014377253
test_06705,0.93210506
test_06706,0.7444154
test_06707,0.01
test_06708,0.9899671
test_06709,0.21304177
test_06710,0.7501934
test_06711,0.17357394
test_06712,0.99
test_06713,0.99
test_06714,0.40544263
test_06715,0.01
test_06716,0.71952736
test_06717,0.99
test_06718,0.9722563
test_06719,0.16017628
test_06720,0.531667
test_06721,0.36085853
test_06722,0.9033739
test_06723,0.34365672
test_06724,0.45670652
test_06725,0.01
test_06726,0.99
test_06727,0.89696044
test_06728,0.01
test_06729,0.23448183
test_06730,0.03306754
test_06731,0.19280732
test_06732,0.6323713
test_06733,0.35649917
test_06734,0.031136107
test_06735,0.99
test_06736,0.43801352
test_06737,0.99
test_06738,0.9742367
test_06739,0.9710052
test_06740,0.99
test_06741,0.9800805
test_06742,0.99
test_06743,0.99
test_06744,0.02384405
test_06745,0.37495625
test_06746,0.0139083415
test_06747,0.95597774
test_06748,0.96713114
test_06749,0.99
test_06750,0.06838426
test_06751,0.01
test_06752,0.01
test_06753,0.80713797
test_06754,0.99
test_06755,0.8166698
test_06756,0.01
test_06757,0.99
test_06758,0.016217282
test_06759,0.8636109
test_06760,0.01
test_06761,0.96309495
test_06762,0.99
test_06763,0.010354729
test_06764,0.63404304
test_06765,0.99
test_06766,0.01
test_06767,0.01
test_06768,0.41669074
test_06769,0.01
test_06770,0.01
test_06771,0.4497808
test_06772,0.01
test_06773,0.9815429
test_06774,0.9079606
test_06775,0.01
test_06776,0.79291576
test_06777,0.99
test_06778,0.7641709
test_06779,0.01
test_06780,0.99
test_06781,0.061192054
test_06782,0.6307014
test_06783,0.99
test_06784,0.113900006
test_06785,0.99
test_06786,0.98171645
test_06787,0.06739891
test_06788,0.01
test_06789,0.014625136
test_06790,0.99
test_06791,0.010940996
test_06792,0.82691234
test_06793,0.37935644
test_06794,0.89360166
test_06795,0.01
test_06796,0.32107896
test_06797,0.99
test_06798,0.9481354
test_06799,0.01
test_06800,0.25735393
test_06801,0.024097858
test_06802,0.04928153
test_06803,0.018129647
test_06804,0.26649106
test_06805,0.55124825
test_06806,0.9617055
test_06807,0.58733946
test_06808,0.60546607
test_06809,0.95458263
test_06810,0.6433934
test_06811,0.9519676
test_06812,0.047997627
test_06813,0.9856167
test_06814,0.90149474
test_06815,0.99
test_06816,0.99
test_06817,0.21132405
test_06818,0.99
test_06819,0.9178564
test_06820,0.95469785
test_06821,0.83958954
test_06822,0.022748636
test_06823,0.8835585
test_06824,0.99
test_06825,0.5279026
test_06826,0.8126919
test_06827,0.01
test_06828,0.99
test_06829,0.99
test_06830,0.52881324
test_06831,0.99
test_06832,0.5015114
test_06833,0.96955913
test_06834,0.6068033
test_06835,0.01
test_06836,0.07742655
test_06837,0.940423
test_06838,0.01
test_06839,0.93823224
test_06840,0.9223438
test_06841,0.8564102
test_06842,0.55224824
test_06843,0.45866683
test_06844,0.01
test_06845,0.01
test_06846,0.96609104
test_06847,0.99
test_06848,0.88209146
test_06849,0.9695767
test_06850,0.01
test_06851,0.8730307
test_06852,0.9198138
test_06853,0.01
test_06854,0.60401464
test_06855,0.01
test_06856,0.9113747
test_06857,0.01
test_06858,0.01
test_06859,0.16571419
test_06860,0.41814318
test_06861,0.42476958
test_06862,0.99
test_06863,0.6165137
test_06864,0.9779869
test_06865,0.01
test_06866,0.16975325
test_06867,0.9899621
test_06868,0.7531824
test_06869,0.13731436
test_06870,0.99
test_06871,0.18396434
test_06872,0.5894895
test_06873,0.9424617
test_06874,0.020999571
test_06875,0.86464816
test_06876,0.01
test_06877,0.99
test_06878,0.01
test_06879,0.9192904
test_06880,0.99
test_06881,0.99
test_06882,0.3247291
test_06883,0.9820504
test_06884,0.01
test_06885,0.01
test_06886,0.01
test_06887,0.99
test_06888,0.17194913
test_06889,0.99
test_06890,0.01
test_06891,0.01
test_06892,0.01
test_06893,0.5804662
test_06894,0.41689435
test_06895,0.30546117
test_06896,0.99
test_06897,0.24522968
test_06898,0.36478457
test_06899,0.01
test_06900,0.01
test_06901,0.99
test_06902,0.29727307
test_06903,0.86008805
test_06904,0.99
test_06905,0.6557783
test_06906,0.01
test_06907,0.96839565
test_06908,0.99
test_06909,0.01
test_06910,0.99
test_06911,0.99
test_06912,0.04399494
test_06913,0.106248826
test_06914,0.99
test_06915,0.8177314
test_06916,0.8679122
test_06917,0.14401133
test_06918,0.2094638
test_06919,0.15569392
test_06920,0.01
test_06921,0.5365414
test_06922,0.99
test_06923,0.018632082
test_06924,0.92754424
test_06925,0.01
test_06926,0.17471753
test_06927,0.020368459
test_06928,0.01
test_06929,0.88022727
test_06930,0.01
test_06931,0.13415763
test_06932,0.9242691
test_06933,0.49395916
test_06934,0.01
test_06935,0.019621076
test_06936,0.6532737
test_06937,0.522752
test_06938,0.01
test_06939,0.8580655
test_06940,0.01
test_06941,0.6821851
test_06942,0.8870001
test_06943,0.17182639
test_06944,0.093963325
test_06945,0.03926269
test_06946,0.48007864
test_06947,0.6553922
test_06948,0.47471306
test_06949,0.9354008
test_06950,0.01
test_06951,0.37445155
test_06952,0.75595105
test_06953,0.66269803
test_06954,0.11127368
test_06955,0.99
test_06956,0.09704608
test_06957,0.6607539
test_06958,0.99
test_06959,0.01
test_06960,0.026197882
test_06961,0.13394074
test_06962,0.81583995
test_06963,0.70003176
test_06964,0.99
test_06965,0.91829807
test_06966,0.01
test_06967,0.2106871
test_06968,0.06981164
test_06969,0.7275895
test_06970,0.99
test_06971,0.99
test_06972,0.3813697
test_06973,0.9205644
test_06974,0.9873745
test_06975,0.17092846
test_06976,0.025594631
test_06977,0.99
test_06978,0.19991952
test_06979,0.38875434
test_06980,0.06665709
test_06981,0.86130494
test_06982,0.71960664
test_06983,0.01
test_06984,0.11286013
test_06985,0.57511693
test_06986,0.01
test_06987,0.01
test_06988,0.01
test_06989,0.05208435
test_06990,0.53214407
test_06991,0.04726137
test_06992,0.68918985
test_06993,0.01
test_06994,0.01
test_06995,0.08564783
test_06996,0.026792932
test_06997,0.2975569
test_06998,0.01
test_06999,0.01
test_07000,0.40915328
test_07001,0.62946177
test_07002,0.99
test_07003,0.99
test_07004,0.9885859
test_07005,0.4377108
test_07006,0.01
test_07007,0.041270252
test_07008,0.010809277
test_07009,0.019453373
test_07010,0.99
test_07011,0.7207014
test_07012,0.03915308
test_07013,0.99
test_07014,0.99
test_07015,0.028550241
test_07016,0.5868918
test_07017,0.01
test_07018,0.97407556
test_07019,0.852103
test_07020,0.01
test_07021,0.7893246
test_07022,0.01
test_07023,0.091806665
test_07024,0.01
test_07025,0.99
test_07026,0.99
test_07027,0.096963935
test_07028,0.7353603
test_07029,0.99
test_07030,0.20640126
test_07031,0.6073658
test_07032,0.38924
test_07033,0.99
test_07034,0.01629089
test_07035,0.01
test_07036,0.01
test_07037,0.01
test_07038,0.95179707
test_07039,0.108084194
test_07040,0.77371186
test_07041,0.45438752
test_07042,0.01
test_07043,0.49371222
test_07044,0.95576274
test_07045,0.012932556
test_07046,0.69263756
test_07047,0.99
test_07048,0.15171611
test_07049,0.9542277
test_07050,0.10769649
test_07051,0.01
test_07052,0.5345843
test_07053,0.59068996
test_07054,0.99
test_07055,0.9826947
test_07056,0.47513697
test_07057,0.05550351
test_07058,0.4680274
test_07059,0.48685178
test_07060,0.99
test_07061,0.99
test_07062,0.01
test_07063,0.01
test_07064,0.01
test_07065,0.267051
test_07066,0.06217222
test_07067,0.99
test_07068,0.37976086
test_07069,0.767005
test_07070,0.8588411
test_07071,0.14950942
test_07072,0.99
test_07073,0.86974204
test_07074,0.01
test_07075,0.8064774
test_07076,0.0659677
test_07077,0.023325017
test_07078,0.94144696
test_07079,0.99
test_07080,0.09832172
test_07081,0.99
test_07082,0.4495649
test_07083,0.031080985
test_07084,0.6697718
test_07085,0.99
test_07086,0.97667605
test_07087,0.01
test_07088,0.99
test_07089,0.017349241
test_07090,0.98972535
test_07091,0.01
test_07092,0.5989547
test_07093,0.68157303
test_07094,0.7298737
test_07095,0.9855952
test_07096,0.9899783
test_07097,0.01
test_07098,0.01
test_07099,0.7092529
test_07100,0.99
test_07101,0.99
test_07102,0.98982567
test_07103,0.95887536
test_07104,0.33758622
test_07105,0.4634887
test_07106,0.9823705
test_07107,0.1499018
test_07108,0.1442342
test_07109,0.082358904
test_07110,0.5372862
test_07111,0.01
test_07112,0.99
test_07113,0.01
test_07114,0.28340527
test_07115,0.95531493
test_07116,0.047985855
test_07117,0.4046176
test_07118,0.7656094
test_07119,0.23338634
test_07120,0.053960428
test_07121,0.14326374
test_07122,0.6317679
test_07123,0.7040522
test_07124,0.34224755
test_07125,0.9653184
test_07126,0.33660886
test_07127,0.8642439
test_07128,0.01
test_07129,0.036256935
test_07130,0.9484318
test_07131,0.9756133
test_07132,0.01
test_07133,0.010435293
test_07134,0.01
test_07135,0.055039614
test_07136,0.99
test_07137,0.7871879
test_07138,0.2990612
test_07139,0.6078891
test_07140,0.20534416
test_07141,0.01
test_07142,0.8401242
test_07143,0.04452016
test_07144,0.9676413
test_07145,0.01
test_07146,0.041428108
test_07147,0.99
test_07148,0.99
test_07149,0.99
test_07150,0.60716814
test_07151,0.81631714
test_07152,0.8462602
test_07153,0.972098
test_07154,0.9420947
test_07155,0.01
test_07156,0.2588673
test_07157,0.99
test_07158,0.21607956
test_07159,0.6572925
test_07160,0.987689
test_07161,0.7577638
test_07162,0.66521996
test_07163,0.9078201
test_07164,0.27056327
test_07165,0.78363484
test_07166,0.99
test_07167,0.023562625
test_07168,0.99
test_07169,0.93426025
test_07170,0.9551944
test_07171,0.99
test_07172,0.42288393
test_07173,0.08381322
test_07174,0.9774026
test_07175,0.9862424
test_07176,0.29717925
test_07177,0.01
test_07178,0.99
test_07179,0.36693853
test_07180,0.9435611
test_07181,0.50313604
test_07182,0.09748932
test_07183,0.95216525
test_07184,0.01
test_07185,0.99
test_07186,0.98755616
test_07187,0.034075838
test_07188,0.47113726
test_07189,0.016617605
test_07190,0.9288493
test_07191,0.022428289
test_07192,0.01
test_07193,0.50977224
test_07194,0.01180508
test_07195,0.14803234
test_07196,0.99
test_07197,0.04935682
test_07198,0.13758746
test_07199,0.081824765
test_07200,0.8767824
test_07201,0.9803699
test_07202,0.98375803
test_07203,0.99
test_07204,0.021933887
test_07205,0.01
test_07206,0.46289596
test_07207,0.91447806
test_07208,0.04775187
test_07209,0.6734763
test_07210,0.99
test_07211,0.01
test_07212,0.9472801
test_07213,0.7728817
test_07214,0.2003469
test_07215,0.01021373
test_07216,0.9844344
test_07217,0.01
test_07218,0.01177154
test_07219,0.98882115
test_07220,0.01
test_07221,0.99
test_07222,0.051324733
test_07223,0.8583437
test_07224,0.05758529
test_07225,0.46720055
test_07226,0.01
test_07227,0.99
test_07228,0.01
test_07229,0.01
test_07230,0.011372148
test_07231,0.01
test_07232,0.4348604
test_07233,0.99
test_07234,0.9797069
test_07235,0.018397603
test_07236,0.09681408
test_07237,0.99
test_07238,0.01
test_07239,0.74869156
test_07240,0.01
test_07241,0.91299945
test_07242,0.024256937
test_07243,0.08413733
test_07244,0.99
test_07245,0.01
test_07246,0.01
test_07247,0.6950654
test_07248,0.9325691
test_07249,0.01
test_07250,0.01
test_07251,0.01
test_07252,0.23371215
test_07253,0.01
test_07254,0.817386
test_07255,0.52326274
test_07256,0.035762183
test_07257,0.06754667
test_07258,0.01
test_07259,0.5987124
test_07260,0.64647776
test_07261,0.070028275
test_07262,0.01
test_07263,0.99
test_07264,0.94117343
test_07265,0.023741102
test_07266,0.020569157
test_07267,0.10694435
test_07268,0.9891406
test_07269,0.676408
test_07270,0.08682466
test_07271,0.964596
test_07272,0.08351863
test_07273,0.876137
test_07274,0.99
test_07275,0.99
test_07276,0.54528975
test_07277,0.99
test_07278,0.320218
test_07279,0.96979934
test_07280,0.33417702
test_07281,0.01
test_07282,0.6423585
test_07283,0.01
test_07284,0.040381804
test_07285,0.99
test_07286,0.79691714
test_07287,0.9693945
test_07288,0.06262293
test_07289,0.01
test_07290,0.078170046
test_07291,0.5490126
test_07292,0.03915224
test_07293,0.01
test_07294,0.99
test_07295,0.01
test_07296,0.6527311
test_07297,0.30509615
test_07298,0.40230364
test_07299,0.5082865
test_07300,0.046253033
test_07301,0.16066436
test_07302,0.01
test_07303,0.9870013
test_07304,0.012559725
test_07305,0.46918723
test_07306,0.9144623
test_07307,0.01
test_07308,0.08652878
test_07309,0.01
test_07310,0.62630355
test_07311,0.01
test_07312,0.01
test_07313,0.049835514
test_07314,0.8968198
test_07315,0.12697715
test_07316,0.70210564
test_07317,0.63271606
test_07318,0.029927872
test_07319,0.233987
test_07320,0.40523955
test_07321,0.2484688
test_07322,0.35742307
test_07323,0.70663786
test_07324,0.7527762
test_07325,0.01
test_07326,0.92779493
test_07327,0.52756596
test_07328,0.99
test_07329,0.21207614
test_07330,0.019192746
test_07331,0.027088044
test_07332,0.01
test_07333,0.20086178
test_07334,0.7218146
test_07335,0.99
test_07336,0.01
test_07337,0.03171354
test_07338,0.99
test_07339,0.71479315
test_07340,0.99
test_07341,0.039160173
test_07342,0.022480939
test_07343,0.99
test_07344,0.91646105
test_07345,0.9101239
test_07346,0.01
test_07347,0.01
test_07348,0.9881472
test_07349,0.01
test_07350,0.30571333
test_07351,0.9330181
test_07352,0.01
test_07353,0.96260136
test_07354,0.16848548
test_07355,0.8887868
test_07356,0.99
test_07357,0.77445495
test_07358,0.95438284
test_07359,0.9855408
test_07360,0.9894298
test_07361,0.015166575
test_07362,0.4056832
test_07363,0.99
test_07364,0.53408027
test_07365,0.15132897
test_07366,0.99
test_07367,0.99
test_07368,0.15194009
test_07369,0.98340815
test_07370,0.9877435
test_07371,0.44925654
test_07372,0.44324985
test_07373,0.99
test_07374,0.05940336
test_07375,0.4852564
test_07376,0.10489985
test_07377,0.01
test_07378,0.99
test_07379,0.01
test_07380,0.01
test_07381,0.2125914
test_07382,0.10531841
test_07383,0.96906304
test_07384,0.99
test_07385,0.9491086
test_07386,0.128301
test_07387,0.012522777
test_07388,0.17537975
test_07389,0.35265225
test_07390,0.51965934
test_07391,0.99
test_07392,0.95350987
test_07393,0.44526023
test_07394,0.25690135
test_07395,0.01
test_07396,0.5986869
test_07397,0.75999326
test_07398,0.38807777
test_07399,0.8227777
test_07400,0.11192719
test_07401,0.14059445
test_07402,0.96503544
test_07403,0.032331455
test_07404,0.27500424
test_07405,0.99
test_07406,0.060110696
test_07407,0.01
test_07408,0.01
test_07409,0.9883001
test_07410,0.26955152
test_07411,0.01
test_07412,0.83234715
test_07413,0.34531248
test_07414,0.01
test_07415,0.99
test_07416,0.91796315
test_07417,0.96846503
test_07418,0.99
test_07419,0.014543982
test_07420,0.27150613
test_07421,0.013142999
test_07422,0.97827816
test_07423,0.01
test_07424,0.01
test_07425,0.9644803
test_07426,0.01
test_07427,0.13446851
test_07428,0.01
test_07429,0.01
test_07430,0.01
test_07431,0.99
test_07432,0.01
test_07433,0.88572633
test_07434,0.01
test_07435,0.99
test_07436,0.01
test_07437,0.9297734
test_07438,0.2935228
test_07439,0.010312631
test_07440,0.01
test_07441,0.01
test_07442,0.8808325
test_07443,0.99
test_07444,0.5515194
test_07445,0.01
test_07446,0.11319776
test_07447,0.52164185
test_07448,0.01
test_07449,0.22611384
test_07450,0.99
test_07451,0.28345853
test_07452,0.016390428
test_07453,0.17092252
test_07454,0.99
test_07455,0.01
test_07456,0.7443386
test_07457,0.058494642
test_07458,0.39327082
test_07459,0.92078507
test_07460,0.01
test_07461,0.07742181
test_07462,0.6667937
test_07463,0.01
test_07464,0.01
test_07465,0.99
test_07466,0.8812943
test_07467,0.31066802
test_07468,0.99
test_07469,0.13547553
test_07470,0.99
test_07471,0.23199333
test_07472,0.7275752
test_07473,0.039166823
test_07474,0.1576376
test_07475,0.3551736
test_07476,0.026074931
test_07477,0.9491613
test_07478,0.99
test_07479,0.99
test_07480,0.21340144
test_07481,0.016497202
test_07482,0.024947038
test_07483,0.95618725
test_07484,0.01
test_07485,0.31305286
test_07486,0.99
test_07487,0.01
test_07488,0.85273546
test_07489,0.99
test_07490,0.01
test_07491,0.35472584
test_07492,0.5376989
test_07493,0.039590854
test_07494,0.96304774
test_07495,0.8814833
test_07496,0.55695766
test_07497,0.21362875
test_07498,0.2615293
test_07499,0.99
test_07500,0.03428479
test_07501,0.018952716
test_07502,0.9643787
test_07503,0.27501372
test_07504,0.94879675
test_07505,0.9638358
test_07506,0.99
test_07507,0.01
test_07508,0.01
test_07509,0.99
test_07510,0.8787464
test_07511,0.99
test_07512,0.01
test_07513,0.25194737
test_07514,0.99
test_07515,0.9892686
test_07516,0.99
test_07517,0.9850975
test_07518,0.06344798
test_07519,0.67980325
test_07520,0.011961582
test_07521,0.01
test_07522,0.104225464
test_07523,0.01
test_07524,0.0292887
test_07525,0.9757638
test_07526,0.2345931
test_07527,0.060838725
test_07528,0.015263773
test_07529,0.19395539
test_07530,0.46535322
test_07531,0.7351418
test_07532,0.77477807
test_07533,0.99
test_07534,0.0703941
test_07535,0.96066725
test_07536,0.10896923
test_07537,0.0760478
test_07538,0.50250554
test_07539,0.98581785
test_07540,0.01
test_07541,0.012265088
test_07542,0.9219912
test_07543,0.01
test_07544,0.029895253
test_07545,0.50654054
test_07546,0.99
test_07547,0.35791627
test_07548,0.7008668
test_07549,0.99
test_07550,0.12425862
test_07551,0.42051277
test_07552,0.01
test_07553,0.99
test_07554,0.99
test_07555,0.5465005
test_07556,0.121014036
test_07557,0.99
test_07558,0.022173837
test_07559,0.01
test_07560,0.99
test_07561,0.013291468
test_07562,0.67285895
test_07563,0.74867004
test_07564,0.99
test_07565,0.01
test_07566,0.34016263
test_07567,0.01
test_07568,0.01
test_07569,0.31418827
test_07570,0.99
test_07571,0.09139204
test_07572,0.9642866
test_07573,0.44745567
test_07574,0.9786952
test_07575,0.99
test_07576,0.049082894
test_07577,0.27670118
test_07578,0.01
test_07579,0.70501757
test_07580,0.99
test_07581,0.01
test_07582,0.92916363
test_07583,0.6483976
test_07584,0.74387383
test_07585,0.1156182
test_07586,0.05934863
test_07587,0.042793024
test_07588,0.99
test_07589,0.9751741
test_07590,0.10736427
test_07591,0.9870162
test_07592,0.01
test_07593,0.99
test_07594,0.29075086
test_07595,0.09861925
test_07596,0.5071801
test_07597,0.99
test_07598,0.33416095
test_07599,0.01
test_07600,0.116473556
test_07601,0.834795
test_07602,0.01
test_07603,0.01
test_07604,0.8870703
test_07605,0.021863548
test_07606,0.52757835
test_07607,0.01
test_07608,0.01
test_07609,0.3993026
test_07610,0.05487695
test_07611,0.40496475
test_07612,0.01
test_07613,0.97697747
test_07614,0.99
test_07615,0.6061009
test_07616,0.99
test_07617,0.20127803
test_07618,0.5362576
test_07619,0.20659159
test_07620,0.99
test_07621,0.53950894
test_07622,0.6712141
test_07623,0.5879481
test_07624,0.01462937
test_07625,0.111513674
test_07626,0.01
test_07627,0.16472109
test_07628,0.99
test_07629,0.9151597
test_07630,0.9426486
test_07631,0.0454974
test_07632,0.6345529
test_07633,0.823023
test_07634,0.99
test_07635,0.99
test_07636,0.01
test_07637,0.5615201
test_07638,0.7169745
test_07639,0.79147786
test_07640,0.17181082
test_07641,0.44701678
test_07642,0.043538626
test_07643,0.17007904
test_07644,0.18257016
test_07645,0.68930644
test_07646,0.01
test_07647,0.99
test_07648,0.01
test_07649,0.9574758
test_07650,0.01
test_07651,0.99
test_07652,0.7817601
test_07653,0.99
test_07654,0.94785064
test_07655,0.01
test_07656,0.01
test_07657,0.99
test_07658,0.060345642
test_07659,0.99
test_07660,0.39555305
test_07661,0.99
test_07662,0.99
test_07663,0.01
test_07664,0.07894754
test_07665,0.033090435
test_07666,0.791362
test_07667,0.9046045
test_07668,0.01
test_07669,0.99
test_07670,0.3416546
test_07671,0.118713886
test_07672,0.09635944
test_07673,0.28905377
test_07674,0.99
test_07675,0.01
test_07676,0.056869403
test_07677,0.01
test_07678,0.9668015
test_07679,0.33260596
test_07680,0.24992673
test_07681,0.7288576
test_07682,0.089264706
test_07683,0.99
test_07684,0.01
test_07685,0.74106693
test_07686,0.34383294
test_07687,0.48423383
test_07688,0.7031149
test_07689,0.9688665
test_07690,0.99
test_07691,0.5250337
test_07692,0.9656912
test_07693,0.3120853
test_07694,0.33405578
test_07695,0.74342984
test_07696,0.12236028
test_07697,0.44533274
test_07698,0.96416193
test_07699,0.1025961
test_07700,0.72608745
test_07701,0.01
test_07702,0.11331478
test_07703,0.99
test_07704,0.23694229
test_07705,0.56328166
test_07706,0.92670965
test_07707,0.8364849
test_07708,0.99
test_07709,0.99
test_07710,0.9197063
test_07711,0.99
test_07712,0.01
test_07713,0.99
test_07714,0.7881496
test_07715,0.99
test_07716,0.99
test_07717,0.01
test_07718,0.01
test_07719,0.01
test_07720,0.01
test_07721,0.23696071
test_07722,0.028648183
test_07723,0.12613133
test_07724,0.9054125
test_07725,0.49906215
test_07726,0.67734134
test_07727,0.01
test_07728,0.40654093
test_07729,0.99
test_07730,0.5560762
test_07731,0.01
test_07732,0.19735564
test_07733,0.98835295
test_07734,0.16687088
test_07735,0.01
test_07736,0.108955234
test_07737,0.61795026
test_07738,0.83398837
test_07739,0.44086435
test_07740,0.031514995
test_07741,0.2772986
test_07742,0.9325331
test_07743,0.98499715
test_07744,0.23054148
test_07745,0.01
test_07746,0.01
test_07747,0.01
test_07748,0.351905
test_07749,0.85722786
test_07750,0.9896814
test_07751,0.91888934
test_07752,0.03444662
test_07753,0.079187095
test_07754,0.94317013
test_07755,0.017590245
test_07756,0.23796444
test_07757,0.7116702
test_07758,0.020370342
test_07759,0.47949445
test_07760,0.01
test_07761,0.99
test_07762,0.99
test_07763,0.99
test_07764,0.043620706
test_07765,0.01
test_07766,0.97595996
test_07767,0.01
test_07768,0.56140935
test_07769,0.11824087
test_07770,0.01
test_07771,0.8662236
test_07772,0.99
test_07773,0.9739242
test_07774,0.01
test_07775,0.29337722
test_07776,0.019191597
test_07777,0.99
test_07778,0.98194045
test_07779,0.99
test_07780,0.9025212
test_07781,0.9428496
test_07782,0.73213714
test_07783,0.01
test_07784,0.9783352
test_07785,0.01
test_07786,0.91436535
test_07787,0.99
test_07788,0.10887054
test_07789,0.06360636
test_07790,0.01
test_07791,0.5765124
test_07792,0.01
test_07793,0.9141535
test_07794,0.34911087
test_07795,0.9049356
test_07796,0.244179
test_07797,0.9202034
test_07798,0.95566994
test_07799,0.99
test_07800,0.983102
test_07801,0.01
test_07802,0.84967685
test_07803,0.99
test_07804,0.99
test_07805,0.01
test_07806,0.11552718
test_07807,0.29662895
test_07808,0.01
test_07809,0.9842769
test_07810,0.01
test_07811,0.99
test_07812,0.12671663
test_07813,0.97967577
test_07814,0.36210147
test_07815,0.01
test_07816,0.01
test_07817,0.98580056
test_07818,0.01
test_07819,0.01
test_07820,0.03591473
test_07821,0.95843285
test_07822,0.01
test_07823,0.9650186
test_07824,0.031454634
test_07825,0.733351
test_07826,0.9727255
test_07827,0.99
test_07828,0.04067208
test_07829,0.9542578
test_07830,0.017053157
test_07831,0.99
test_07832,0.090700544
test_07833,0.14164323
test_07834,0.9776659
test_07835,0.01
test_07836,0.034061763
test_07837,0.90752375
test_07838,0.99
test_07839,0.31644547
test_07840,0.55007285
test_07841,0.6461587
test_07842,0.19564582
test_07843,0.01
test_07844,0.018225282
test_07845,0.99
test_07846,0.4061848
test_07847,0.52654386
test_07848,0.03101269
test_07849,0.8992725
test_07850,0.99
test_07851,0.0528327
test_07852,0.90914875
test_07853,0.01
test_07854,0.9779432
test_07855,0.025214966
test_07856,0.011608911
test_07857,0.01
test_07858,0.01
test_07859,0.079582244
test_07860,0.013958722
test_07861,0.068689585
test_07862,0.02196952
test_07863,0.40528828
test_07864,0.96723026
test_07865,0.99
test_07866,0.99
test_07867,0.050177556
test_07868,0.99
test_07869,0.032868356
test_07870,0.08491052
test_07871,0.9802793
test_07872,0.75589114
test_07873,0.01
test_07874,0.43602222
test_07875,0.79011035
test_07876,0.01
test_07877,0.01
test_07878,0.01
test_07879,0.86968476
test_07880,0.9702712
test_07881,0.10855623
test_07882,0.01
test_07883,0.99
test_07884,0.7782293
test_07885,0.99
test_07886,0.99
test_07887,0.05003272
test_07888,0.14991467
test_07889,0.99
test_07890,0.975969
test_07891,0.31478748
test_07892,0.6607333
test_07893,0.99
test_07894,0.022419274
test_07895,0.03230544
test_07896,0.57249755
test_07897,0.01953122
test_07898,0.9473444
test_07899,0.715841
test_07900,0.35032907
test_07901,0.99
test_07902,0.01
test_07903,0.01
test_07904,0.24741293
test_07905,0.046268497
test_07906,0.28287092
test_07907,0.19714439
test_07908,0.39172906
test_07909,0.9646806
test_07910,0.21476756
test_07911,0.99
test_07912,0.01
test_07913,0.9863885
test_07914,0.6316148
test_07915,0.0147661725
test_07916,0.99
test_07917,0.01
test_07918,0.01
test_07919,0.012806189
test_07920,0.01
test_07921,0.99
test_07922,0.9887995
test_07923,0.99
test_07924,0.01
test_07925,0.17618959
test_07926,0.01
test_07927,0.974686
test_07928,0.01
test_07929,0.01
test_07930,0.23092969
test_07931,0.99
test_07932,0.99
test_07933,0.99
test_07934,0.01
test_07935,0.01
test_07936,0.17588277
test_07937,0.96179557
test_07938,0.53806365
test_07939,0.01
test_07940,0.01
test_07941,0.8434791
test_07942,0.01
test_07943,0.961555
test_07944,0.879099
test_07945,0.01
test_07946,0.01
test_07947,0.77977693
test_07948,0.039653473
test_07949,0.99
test_07950,0.99
test_07951,0.01
test_07952,0.48684272
test_07953,0.01
test_07954,0.05932191
test_07955,0.01
test_07956,0.01
test_07957,0.01
test_07958,0.0885156
test_07959,0.05820737
test_07960,0.022575213
test_07961,0.99
test_07962,0.75489736
test_07963,0.99
test_07964,0.01
test_07965,0.92195344
test_07966,0.8507873
test_07967,0.99
test_07968,0.01
test_07969,0.73639935
test_07970,0.01
test_07971,0.019269371
test_07972,0.96909046
test_07973,0.39336684
test_07974,0.96436334
test_07975,0.78719497
test_07976,0.86527514
test_07977,0.01
test_07978,0.53659445
test_07979,0.048117217
test_07980,0.082153864
test_07981,0.11290315
test_07982,0.9807922
test_07983,0.035057507
test_07984,0.99
test_07985,0.9859357
test_07986,0.01
test_07987,0.019066527
test_07988,0.7265274
test_07989,0.01
test_07990,0.99
test_07991,0.99
test_07992,0.2190625
test_07993,0.5447938
test_07994,0.58458215
test_07995,0.28446364
test_07996,0.99
test_07997,0.01
test_07998,0.8553264
test_07999,0.9642682
test_08000,0.7451281
test_08001,0.01
test_08002,0.01
test_08003,0.99
test_08004,0.013213711
test_08005,0.99
test_08006,0.28878626
test_08007,0.01
test_08008,0.99
test_08009,0.01
test_08010,0.15787506
test_08011,0.99
test_08012,0.99
test_08013,0.01
test_08014,0.7198145
test_08015,0.01
test_08016,0.21741337
test_08017,0.6272694
test_08018,0.28207597
test_08019,0.3908703
test_08020,0.8714082
test_08021,0.99
test_08022,0.99
test_08023,0.01
test_08024,0.015360992
test_08025,0.949362
test_08026,0.99
test_08027,0.95191014
test_08028,0.6086424
test_08029,0.79820186
test_08030,0.01
test_08031,0.99
test_08032,0.7051652
test_08033,0.01
test_08034,0.9530722
test_08035,0.01
test_08036,0.70157534
test_08037,0.01
test_08038,0.10094685
test_08039,0.11661991
test_08040,0.98639804
test_08041,0.99
test_08042,0.8994853
test_08043,0.07223233
test_08044,0.5477919
test_08045,0.8444113
test_08046,0.99
test_08047,0.01
test_08048,0.99
test_08049,0.082510404
test_08050,0.01
test_08051,0.15204264
test_08052,0.9878691
test_08053,0.01
test_08054,0.9253486
test_08055,0.99
test_08056,0.82882786
test_08057,0.97957295
test_08058,0.59999835
test_08059,0.20909801
test_08060,0.97272545
test_08061,0.19015585
test_08062,0.3097854
test_08063,0.98878795
test_08064,0.01
test_08065,0.99
test_08066,0.5234202
test_08067,0.32816175
test_08068,0.09614215
test_08069,0.047447506
test_08070,0.04299845
test_08071,0.644931
test_08072,0.01
test_08073,0.99
test_08074,0.27247432
test_08075,0.13961993
test_08076,0.01
test_08077,0.010855809
test_08078,0.99
test_08079,0.01
test_08080,0.036934797
test_08081,0.037818134
test_08082,0.01
test_08083,0.9414922
test_08084,0.01
test_08085,0.146657
test_08086,0.9574939
test_08087,0.16460505
test_08088,0.7552894
test_08089,0.9638061
test_08090,0.22059612
test_08091,0.99
test_08092,0.93151504
test_08093,0.80642074
test_08094,0.9638761
test_08095,0.99
test_08096,0.01
test_08097,0.99
test_08098,0.023575682
test_08099,0.45028144
test_08100,0.99
test_08101,0.10690205
test_08102,0.013609577
test_08103,0.031981923
test_08104,0.13934368
test_08105,0.12786551
test_08106,0.99
test_08107,0.9535648
test_08108,0.2502777
test_08109,0.21496917
test_08110,0.99
test_08111,0.12654471
test_08112,0.99
test_08113,0.01
test_08114,0.021144064
test_08115,0.01
test_08116,0.5683
test_08117,0.51042485
test_08118,0.37939176
test_08119,0.01
test_08120,0.042728174
test_08121,0.8027203
test_08122,0.05415726
test_08123,0.043736946
test_08124,0.01
test_08125,0.017570412
test_08126,0.8511268
test_08127,0.2795158
test_08128,0.20103021
test_08129,0.01
test_08130,0.07599831
test_08131,0.99
test_08132,0.01
test_08133,0.04185364
test_08134,0.026016407
test_08135,0.5383053
test_08136,0.01
test_08137,0.03131902
test_08138,0.01
test_08139,0.99
test_08140,0.99
test_08141,0.24306835
test_08142,0.99
test_08143,0.54499036
test_08144,0.52768856
test_08145,0.01
test_08146,0.9836849
test_08147,0.01
test_08148,0.02051014
test_08149,0.01
test_08150,0.99
test_08151,0.9694629
test_08152,0.026115287
test_08153,0.01
test_08154,0.01
test_08155,0.1172887
test_08156,0.01
test_08157,0.01
test_08158,0.01
test_08159,0.39897576
test_08160,0.99
test_08161,0.87988704
test_08162,0.07544393
test_08163,0.9573688
test_08164,0.01
test_08165,0.012753075
test_08166,0.87637776
test_08167,0.5020084
test_08168,0.99
test_08169,0.9893295
test_08170,0.025227325
test_08171,0.65204495
test_08172,0.99
test_08173,0.01
test_08174,0.21936585
test_08175,0.051238958
test_08176,0.62432593
test_08177,0.99
test_08178,0.81024146
test_08179,0.99
test_08180,0.8809849
test_08181,0.907409
test_08182,0.18908742
test_08183,0.01
test_08184,0.11168156
test_08185,0.9784399
test_08186,0.78614026
test_08187,0.99
test_08188,0.012304849
test_08189,0.04763014
test_08190,0.047523703
test_08191,0.1183305
test_08192,0.14034867
test_08193,0.01
test_08194,0.12515715
test_08195,0.9221274
test_08196,0.042641584
test_08197,0.60832864
test_08198,0.99
test_08199,0.32485577
test_08200,0.99
test_08201,0.01
test_08202,0.99
test_08203,0.9713269
test_08204,0.8154943
test_08205,0.12868942
test_08206,0.107495695
test_08207,0.99
test_08208,0.99
test_08209,0.01
test_08210,0.97542
test_08211,0.01
test_08212,0.972874
test_08213,0.2677333
test_08214,0.01
test_08215,0.41104582
test_08216,0.015902579
test_08217,0.99
test_08218,0.7329503
test_08219,0.01
test_08220,0.18732828
test_08221,0.99
test_08222,0.99
test_08223,0.31780148
test_08224,0.01
test_08225,0.01
test_08226,0.69011325
test_08227,0.9890336
test_08228,0.46478486
test_08229,0.01
test_08230,0.01
test_08231,0.01
test_08232,0.23480242
test_08233,0.01
test_08234,0.01
test_08235,0.088225946
test_08236,0.01
test_08237,0.99
test_08238,0.99
test_08239,0.99
test_08240,0.22514826
test_08241,0.7831464
test_08242,0.99
test_08243,0.01
test_08244,0.95899814
test_08245,0.9252249
test_08246,0.99
test_08247,0.015007246
test_08248,0.049375884
test_08249,0.5707026
test_08250,0.08034929
test_08251,0.35613546
test_08252,0.8179649
test_08253,0.01
test_08254,0.0810113
test_08255,0.9434893
test_08256,0.39738348
test_08257,0.051826343
test_08258,0.06143824
test_08259,0.9871085
test_08260,0.9070597
test_08261,0.99
test_08262,0.06523207
test_08263,0.99
test_08264,0.91780406
test_08265,0.08091695
test_08266,0.99
test_08267,0.23171914
test_08268,0.01
test_08269,0.95547944
test_08270,0.55332506
test_08271,0.9057814
test_08272,0.99
test_08273,0.9199756
test_08274,0.99
test_08275,0.29389903
test_08276,0.99
test_08277,0.25817928
test_08278,0.01
test_08279,0.47478023
test_08280,0.01
test_08281,0.9201191
test_08282,0.88466895
test_08283,0.99
test_08284,0.23154984
test_08285,0.0831013
test_08286,0.23067012
test_08287,0.01
test_08288,0.04026727
test_08289,0.99
test_08290,0.01
test_08291,0.76371783
test_08292,0.01
test_08293,0.4293376
test_08294,0.33473614
test_08295,0.98863167
test_08296,0.99
test_08297,0.99
test_08298,0.057592243
test_08299,0.01
test_08300,0.9643029
test_08301,0.99
test_08302,0.022165297
test_08303,0.99
test_08304,0.73114854
test_08305,0.72976375
test_08306,0.01
test_08307,0.98660916
test_08308,0.99
test_08309,0.01200442
test_08310,0.99
test_08311,0.014438709
test_08312,0.99
test_08313,0.99
test_08314,0.11630339
test_08315,0.99
test_08316,0.99
test_08317,0.94448394
test_08318,0.020656386
test_08319,0.99
test_08320,0.017998755
test_08321,0.99
test_08322,0.99
test_08323,0.20813031
test_08324,0.5006733
test_08325,0.9863929
test_08326,0.01
test_08327,0.6893988
test_08328,0.015351713
test_08329,0.99
test_08330,0.10000047
test_08331,0.99
test_08332,0.18059021
test_08333,0.5419049
test_08334,0.99
test_08335,0.50046366
test_08336,0.01
test_08337,0.01
test_08338,0.98698795
test_08339,0.09114416
test_08340,0.01
test_08341,0.99
test_08342,0.6256258
test_08343,0.29436523
test_08344,0.6762614
test_08345,0.01
test_08346,0.26344427
test_08347,0.061808165
test_08348,0.01
test_08349,0.041914213
test_08350,0.98503286
test_08351,0.99
test_08352,0.01
test_08353,0.01
test_08354,0.9846303
test_08355,0.01
test_08356,0.20253146
test_08357,0.037183065
test_08358,0.48492646
test_08359,0.9883795
test_08360,0.15681994
test_08361,0.9716123
test_08362,0.04490501
test_08363,0.9679303
test_08364,0.011153845
test_08365,0.10970763
test_08366,0.035062622
test_08367,0.8568437
test_08368,0.99
test_08369,0.01
test_08370,0.88921916
test_08371,0.26051512
test_08372,0.01
test_08373,0.8878522
test_08374,0.99
test_08375,0.01
test_08376,0.14411071
test_08377,0.22425126
test_08378,0.9687028
test_08379,0.99
test_08380,0.99
test_08381,0.77484083
test_08382,0.99
test_08383,0.6717907
test_08384,0.7975158
test_08385,0.01
test_08386,0.01
test_08387,0.020218007
test_08388,0.01232815
test_08389,0.9071553
test_08390,0.029307336
test_08391,0.9380925
test_08392,0.98512995
test_08393,0.99
test_08394,0.01
test_08395,0.76618046
test_08396,0.039674345
test_08397,0.6409619
test_08398,0.99
test_08399,0.01
test_08400,0.01664149
test_08401,0.017327104
test_08402,0.02468095
test_08403,0.01
test_08404,0.67196095
test_08405,0.01
test_08406,0.2530554
test_08407,0.98299026
test_08408,0.01
test_08409,0.01
test_08410,0.15497798
test_08411,0.99
test_08412,0.99
test_08413,0.01
test_08414,0.9002984
test_08415,0.64016664
test_08416,0.61172086
test_08417,0.99
test_08418,0.63964844
test_08419,0.01
test_08420,0.124824055
test_08421,0.9626984
test_08422,0.9843837
test_08423,0.99
test_08424,0.01
test_08425,0.03764822
test_08426,0.7802299
test_08427,0.86220706
test_08428,0.9610494
test_08429,0.01
test_08430,0.30771846
test_08431,0.01
test_08432,0.6732013
test_08433,0.01
test_08434,0.19634326
test_08435,0.01
test_08436,0.99
test_08437,0.01
test_08438,0.98519564
test_08439,0.10291547
test_08440,0.83448184
test_08441,0.01694041
test_08442,0.9082812
test_08443,0.02131356
test_08444,0.2680338
test_08445,0.5881924
test_08446,0.99
test_08447,0.21912958
test_08448,0.7439005
test_08449,0.99
test_08450,0.31167325
test_08451,0.7431042
test_08452,0.8170737
test_08453,0.18533665
test_08454,0.23364222
test_08455,0.038734615
test_08456,0.98342174
test_08457,0.21086136
test_08458,0.87923235
test_08459,0.7783736
test_08460,0.62970304
test_08461,0.01
test_08462,0.79267573
test_08463,0.60158074
test_08464,0.84568703
test_08465,0.99
test_08466,0.25306338
test_08467,0.01
test_08468,0.99
test_08469,0.01
test_08470,0.3935556
test_08471,0.01
test_08472,0.6112713
test_08473,0.9352689
test_08474,0.99
test_08475,0.10227984
test_08476,0.9794257
test_08477,0.99
test_08478,0.9687843
test_08479,0.01
test_08480,0.01
test_08481,0.01
test_08482,0.99
test_08483,0.13690816
test_08484,0.99
test_08485,0.74767137
test_08486,0.9848113
test_08487,0.01
test_08488,0.59599566
test_08489,0.5983422
test_08490,0.12525937
test_08491,0.4157116
test_08492,0.99
test_08493,0.86458194
test_08494,0.99
test_08495,0.033770643
test_08496,0.0983631
test_08497,0.7264849
test_08498,0.01
test_08499,0.5971402
test_08500,0.01187443
test_08501,0.8013153
test_08502,0.40434805
test_08503,0.011091108
test_08504,0.11936656
test_08505,0.1020777
test_08506,0.4260289
test_08507,0.09894719
test_08508,0.99
test_08509,0.1761099
test_08510,0.99
test_08511,0.01
test_08512,0.29968923
test_08513,0.95937246
test_08514,0.7032737
test_08515,0.99
test_08516,0.9545925
test_08517,0.27687776
test_08518,0.99
test_08519,0.23787805
test_08520,0.01
test_08521,0.6980576
test_08522,0.23588847
test_08523,0.01
test_08524,0.01061992
test_08525,0.99
test_08526,0.01
test_08527,0.01
test_08528,0.01
test_08529,0.01
test_08530,0.61361986
test_08531,0.99
test_08532,0.43407446
test_08533,0.9890153
test_08534,0.25617278
test_08535,0.8516793
test_08536,0.01
test_08537,0.4765177
test_08538,0.12940612
test_08539,0.99
test_08540,0.99
test_08541,0.01
test_08542,0.99
test_08543,0.01
test_08544,0.89873356
test_08545,0.6655675
test_08546,0.7680693
test_08547,0.99
test_08548,0.01
test_08549,0.35251895
test_08550,0.01
test_08551,0.99
test_08552,0.99
test_08553,0.01845092
test_08554,0.027790193
test_08555,0.9444054
test_08556,0.01
test_08557,0.99
test_08558,0.72398096
test_08559,0.07141186
test_08560,0.18069859
test_08561,0.99
test_08562,0.5040962
test_08563,0.01
test_08564,0.050792538
test_08565,0.99
test_08566,0.19473948
test_08567,0.014411153
test_08568,0.77480954
test_08569,0.01
test_08570,0.01
test_08571,0.9460518
test_08572,0.99
test_08573,0.01
test_08574,0.01
test_08575,0.9632251
test_08576,0.07362155
test_08577,0.01
test_08578,0.01
test_08579,0.15053417
test_08580,0.99
test_08581,0.7992704
test_08582,0.9894392
test_08583,0.99
test_08584,0.066435
test_08585,0.71636117
test_08586,0.9465836
test_08587,0.9433964
test_08588,0.7969031
test_08589,0.56107455
test_08590,0.04242387
test_08591,0.01
test_08592,0.99
test_08593,0.01
test_08594,0.01
test_08595,0.79061514
test_08596,0.97023284
test_08597,0.9611958
test_08598,0.6680563
test_08599,0.06000567
test_08600,0.5332162
test_08601,0.99
test_08602,0.18936537
test_08603,0.99
test_08604,0.99
test_08605,0.01
test_08606,0.99
test_08607,0.978147
test_08608,0.99
test_08609,0.01
test_08610,0.32081458
test_08611,0.40039966
test_08612,0.9073465
test_08613,0.2085187
test_08614,0.9890086
test_08615,0.01
test_08616,0.99
test_08617,0.01
test_08618,0.01
test_08619,0.99
test_08620,0.99
test_08621,0.99
test_08622,0.38432986
test_08623,0.01
test_08624,0.9839998
test_08625,0.29948542
test_08626,0.05886919
test_08627,0.01
test_08628,0.99
test_08629,0.01
test_08630,0.99
test_08631,0.063631944
test_08632,0.99
test_08633,0.5935866
test_08634,0.95409596
test_08635,0.029994372
test_08636,0.01
test_08637,0.95370597
test_08638,0.99
test_08639,0.10309649
test_08640,0.93438065
test_08641,0.34395143
test_08642,0.99
test_08643,0.01
test_08644,0.09982808
test_08645,0.01
test_08646,0.7929746
test_08647,0.99
test_08648,0.010919134
test_08649,0.16042463
test_08650,0.7550587
test_08651,0.8207087
test_08652,0.07767952
test_08653,0.9507773
test_08654,0.9899414
test_08655,0.33698815
test_08656,0.99
test_08657,0.99
test_08658,0.99
test_08659,0.01
test_08660,0.9646651
test_08661,0.01
test_08662,0.8120082
test_08663,0.24853547
test_08664,0.99
test_08665,0.99
test_08666,0.99
test_08667,0.99
test_08668,0.47033542
test_08669,0.99
test_08670,0.9627492
test_08671,0.99
test_08672,0.99
test_08673,0.99
test_08674,0.99
test_08675,0.99
test_08676,0.98221624
test_08677,0.03273846
test_08678,0.32098362
test_08679,0.5149562
test_08680,0.9132865
test_08681,0.01
test_08682,0.01
test_08683,0.07672551
test_08684,0.071526505
test_08685,0.99
test_08686,0.99
test_08687,0.25772718
test_08688,0.99
test_08689,0.99
test_08690,0.910157
test_08691,0.99
test_08692,0.99
test_08693,0.13070714
test_08694,0.82761437
test_08695,0.1377719
test_08696,0.19949062
test_08697,0.041699354
test_08698,0.064263925
test_08699,0.8694105
test_08700,0.99
test_08701,0.03291557
test_08702,0.0135417
test_08703,0.01
test_08704,0.01
test_08705,0.6556993
test_08706,0.9515093
test_08707,0.39838523
test_08708,0.6484657
test_08709,0.98627263
test_08710,0.01193481
test_08711,0.99
test_08712,0.01
test_08713,0.99
test_08714,0.6417972
test_08715,0.01
test_08716,0.99
test_08717,0.9877565
test_08718,0.01
test_08719,0.7247359
test_08720,0.9463713
test_08721,0.99
test_08722,0.869932
test_08723,0.802938
test_08724,0.01
test_08725,0.99
test_08726,0.99
test_08727,0.2726404
test_08728,0.01
test_08729,0.01
test_08730,0.459761
test_08731,0.99
test_08732,0.01
test_08733,0.04018094
test_08734,0.05985243
test_08735,0.46254078
test_08736,0.99
test_08737,0.99
test_08738,0.3219149
test_08739,0.01
test_08740,0.01
test_08741,0.36363393
test_08742,0.99
test_08743,0.01
test_08744,0.5523265
test_08745,0.95365286
test_08746,0.21020241
test_08747,0.99
test_08748,0.01
test_08749,0.27328402
test_08750,0.77900994
test_08751,0.01
test_08752,0.023083381
test_08753,0.9546999
test_08754,0.01
test_08755,0.47147778
test_08756,0.99
test_08757,0.99
test_08758,0.7572139
test_08759,0.01
test_08760,0.46767908
test_08761,0.01
test_08762,0.29814887
test_08763,0.6575124
test_08764,0.9880482
test_08765,0.01
test_08766,0.99
test_08767,0.013144829
test_08768,0.42936188
test_08769,0.01
test_08770,0.4152758
test_08771,0.01
test_08772,0.01
test_08773,0.01
test_08774,0.01
test_08775,0.24594565
test_08776,0.25108352
test_08777,0.99
test_08778,0.9296102
test_08779,0.32841924
test_08780,0.034497656
test_08781,0.9607489
test_08782,0.276229
test_08783,0.99
test_08784,0.011898797
test_08785,0.6143704
test_08786,0.79489523
test_08787,0.180789
test_08788,0.01
test_08789,0.95454836
test_08790,0.01
test_08791,0.95871776
test_08792,0.01
test_08793,0.01
test_08794,0.01
test_08795,0.55222476
test_08796,0.99
test_08797,0.9697759
test_08798,0.5485069
test_08799,0.922676
test_08800,0.021953106
test_08801,0.95207167
test_08802,0.8352153
test_08803,0.956032
test_08804,0.01
test_08805,0.99
test_08806,0.32001427
test_08807,0.38644823
test_08808,0.99
test_08809,0.99
test_08810,0.9736128
test_08811,0.99
test_08812,0.9042206
test_08813,0.99
test_08814,0.31825107
test_08815,0.01
test_08816,0.01
test_08817,0.48494446
test_08818,0.99
test_08819,0.12962557
test_08820,0.9811801
test_08821,0.78110933
test_08822,0.6988127
test_08823,0.24515174
test_08824,0.01
test_08825,0.99
test_08826,0.01
test_08827,0.99
test_08828,0.99
test_08829,0.10156899
test_08830,0.9527885
test_08831,0.048878632
test_08832,0.01
test_08833,0.99
test_08834,0.99
test_08835,0.99
test_08836,0.70148474
test_08837,0.5548953
test_08838,0.99
test_08839,0.9842738
test_08840,0.99
test_08841,0.24272856
test_08842,0.50387007
test_08843,0.015959287
test_08844,0.01
test_08845,0.014046778
test_08846,0.5722962
test_08847,0.64163965
test_08848,0.040006097
test_08849,0.07197216
test_08850,0.5556671
test_08851,0.34085792
test_08852,0.78018886
test_08853,0.97014254
test_08854,0.6435281
test_08855,0.66715
test_08856,0.99
test_08857,0.99
test_08858,0.02016629
test_08859,0.01
test_08860,0.99
test_08861,0.99
test_08862,0.18874535
test_08863,0.21321142
test_08864,0.41754326
test_08865,0.547822
test_08866,0.99
test_08867,0.99
test_08868,0.99
test_08869,0.055338115
test_08870,0.99
test_08871,0.7195377
test_08872,0.35245097
test_08873,0.78563225
test_08874,0.01
test_08875,0.88475454
test_08876,0.99
test_08877,0.99
test_08878,0.89076024
test_08879,0.40321797
test_08880,0.98847735
test_08881,0.9430122
test_08882,0.99
test_08883,0.01
test_08884,0.03860675
test_08885,0.071761675
test_08886,0.01
test_08887,0.01
test_08888,0.91174984
test_08889,0.99
test_08890,0.9611541
test_08891,0.13223165
test_08892,0.03774786
test_08893,0.01
test_08894,0.79781497
test_08895,0.8960407
test_08896,0.99
test_08897,0.062382028
test_08898,0.8245957
test_08899,0.01
test_08900,0.99
test_08901,0.18069674
test_08902,0.285066
test_08903,0.9189938
test_08904,0.9345489
test_08905,0.95461893
test_08906,0.99
test_08907,0.43017796
test_08908,0.99
test_08909,0.6233041
test_08910,0.01
test_08911,0.99
test_08912,0.1265492
test_08913,0.01
test_08914,0.80017513
test_08915,0.1300736
test_08916,0.2742154
test_08917,0.43805724
test_08918,0.7948181
test_08919,0.041266695
test_08920,0.033121813
test_08921,0.99
test_08922,0.80680203
test_08923,0.1209059
test_08924,0.99
test_08925,0.9492247
test_08926,0.01
test_08927,0.011297882
test_08928,0.4233866
test_08929,0.99
test_08930,0.61890894
test_08931,0.5408257
test_08932,0.30797005
test_08933,0.39207304
test_08934,0.99
test_08935,0.99
test_08936,0.9795242
test_08937,0.95004815
test_08938,0.01
test_08939,0.9868802
test_08940,0.981029
test_08941,0.3157643
test_08942,0.38731152
test_08943,0.99
test_08944,0.6313842
test_08945,0.99
test_08946,0.01
test_08947,0.97782475
test_08948,0.99
test_08949,0.9734674
test_08950,0.01
test_08951,0.99
test_08952,0.99
test_08953,0.01
test_08954,0.9717423
test_08955,0.99
test_08956,0.6892272
test_08957,0.031183867
test_08958,0.94974583
test_08959,0.01
test_08960,0.0167893
test_08961,0.016461974
test_08962,0.01
test_08963,0.01
test_08964,0.01
test_08965,0.031806547
test_08966,0.99
test_08967,0.90357727
test_08968,0.05842522
test_08969,0.96376437
test_08970,0.99
test_08971,0.01
test_08972,0.01
test_08973,0.99
test_08974,0.9536818
test_08975,0.97482
test_08976,0.18329781
test_08977,0.99
test_08978,0.1797428
test_08979,0.99
test_08980,0.05601159
test_08981,0.556665
test_08982,0.99
test_08983,0.99
test_08984,0.039551713
test_08985,0.078373685
test_08986,0.3461606
test_08987,0.01
test_08988,0.079415336
test_08989,0.22326623
test_08990,0.01
test_08991,0.01
test_08992,0.53721565
test_08993,0.025481015
test_08994,0.21947512
test_08995,0.48321548
test_08996,0.99
test_08997,0.20767125
test_08998,0.98927736
test_08999,0.9195281
test_09000,0.0667815
test_09001,0.8003007
test_09002,0.41684207
test_09003,0.6946211
test_09004,0.0628073
test_09005,0.01
test_09006,0.14848547
test_09007,0.05642681
test_09008,0.22358803
test_09009,0.6191416
test_09010,0.7288995
test_09011,0.01
test_09012,0.99
test_09013,0.99
test_09014,0.01884452
test_09015,0.33564675
test_09016,0.99
test_09017,0.99
test_09018,0.13088417
test_09019,0.99
test_09020,0.23515834
test_09021,0.99
test_09022,0.7373566
test_09023,0.30833983
test_09024,0.72294396
test_09025,0.99
test_09026,0.2628147
test_09027,0.99
test_09028,0.01
test_09029,0.01
test_09030,0.99
test_09031,0.8080037
test_09032,0.4968023
test_09033,0.94811255
test_09034,0.01
test_09035,0.01
test_09036,0.01
test_09037,0.01
test_09038,0.35143843
test_09039,0.032994024
test_09040,0.01
test_09041,0.01
test_09042,0.01
test_09043,0.69472146
test_09044,0.63235646
test_09045,0.08100405
test_09046,0.98086977
test_09047,0.9520059
test_09048,0.3820803
test_09049,0.99
test_09050,0.017503463
test_09051,0.79597473
test_09052,0.99
test_09053,0.99
test_09054,0.9681175
test_09055,0.97791755
test_09056,0.5065897
test_09057,0.01
test_09058,0.10284654
test_09059,0.012364101
test_09060,0.99
test_09061,0.01
test_09062,0.7987058
test_09063,0.28683466
test_09064,0.78385234
test_09065,0.8540122
test_09066,0.01
test_09067,0.98230207
test_09068,0.93116266
test_09069,0.07711052
test_09070,0.01
test_09071,0.99
test_09072,0.99
test_09073,0.01
test_09074,0.01
test_09075,0.5001462
test_09076,0.01
test_09077,0.7589042
test_09078,0.99
test_09079,0.96036446
test_09080,0.99
test_09081,0.9407545
test_09082,0.01
test_09083,0.97542894
test_09084,0.016870756
test_09085,0.9783966
test_09086,0.99
test_09087,0.03753844
test_09088,0.01
test_09089,0.4178839
test_09090,0.04871365
test_09091,0.01
test_09092,0.057902273
test_09093,0.9495234
test_09094,0.98212343
test_09095,0.96753925
test_09096,0.01
test_09097,0.66464484
test_09098,0.28817084
test_09099,0.8804974
test_09100,0.3487873
test_09101,0.99
test_09102,0.01
test_09103,0.020952921
test_09104,0.9795725
test_09105,0.012698264
test_09106,0.99
test_09107,0.01
test_09108,0.7141791
test_09109,0.38595483
test_09110,0.9845575
test_09111,0.081186146
test_09112,0.99
test_09113,0.99
test_09114,0.01
test_09115,0.01
test_09116,0.9103554
test_09117,0.95520085
test_09118,0.105063945
test_09119,0.01
test_09120,0.02397144
test_09121,0.01
test_09122,0.99
test_09123,0.01
test_09124,0.99
test_09125,0.66499966
test_09126,0.059710257
test_09127,0.8843086
test_09128,0.9549608
test_09129,0.036557835
test_09130,0.7601265
test_09131,0.061342187
test_09132,0.01
test_09133,0.01
test_09134,0.48194376
test_09135,0.033879057
test_09136,0.99
test_09137,0.99
test_09138,0.029951407
test_09139,0.8948476
test_09140,0.98836434
test_09141,0.01
test_09142,0.01
test_09143,0.9579107
test_09144,0.99
test_09145,0.99
test_09146,0.85023147
test_09147,0.01
test_09148,0.029345585
test_09149,0.14162137
test_09150,0.01
test_09151,0.018206747
test_09152,0.01
test_09153,0.4586764
test_09154,0.9199301
test_09155,0.061272923
test_09156,0.9588772
test_09157,0.01
test_09158,0.15693425
test_09159,0.28140816
test_09160,0.121618755
test_09161,0.013144137
test_09162,0.01
test_09163,0.99
test_09164,0.14143126
test_09165,0.16913642
test_09166,0.99
test_09167,0.73653233
test_09168,0.33739877
test_09169,0.99
test_09170,0.11307907
test_09171,0.01
test_09172,0.2850951
test_09173,0.8491918
test_09174,0.21073082
test_09175,0.8839463
test_09176,0.01
test_09177,0.88454723
test_09178,0.069236636
test_09179,0.01
test_09180,0.5297428
test_09181,0.2569341
test_09182,0.14404155
test_09183,0.01
test_09184,0.01
test_09185,0.01
test_09186,0.73700565
test_09187,0.9023416
test_09188,0.9741077
test_09189,0.08668894
test_09190,0.4497428
test_09191,0.033099957
test_09192,0.01
test_09193,0.99
test_09194,0.010980182
test_09195,0.9405583
test_09196,0.99
test_09197,0.3144304
test_09198,0.8917463
test_09199,0.99
test_09200,0.01
test_09201,0.461919
test_09202,0.69388914
test_09203,0.99
test_09204,0.19656071
test_09205,0.0121858185
test_09206,0.9090035
test_09207,0.018496376
test_09208,0.99
test_09209,0.14265198
test_09210,0.62212396
test_09211,0.5910261
test_09212,0.12337992
test_09213,0.58344793
test_09214,0.99
test_09215,0.944394
test_09216,0.01
test_09217,0.08243062
test_09218,0.99
test_09219,0.99
test_09220,0.99
test_09221,0.03207236
test_09222,0.01
test_09223,0.6715377
test_09224,0.99
test_09225,0.36673462
test_09226,0.99
test_09227,0.01
test_09228,0.8865297
test_09229,0.01
test_09230,0.99
test_09231,0.040484477
test_09232,0.17076702
test_09233,0.45899242
test_09234,0.8374884
test_09235,0.01
test_09236,0.01
test_09237,0.031767536
test_09238,0.99
test_09239,0.01
test_09240,0.9773123
test_09241,0.070467524
test_09242,0.9814237
test_09243,0.01
test_09244,0.03550274
test_09245,0.99
test_09246,0.9765896
test_09247,0.06830304
test_09248,0.99
test_09249,0.99
test_09250,0.01
test_09251,0.01
test_09252,0.01
test_09253,0.94016427
test_09254,0.99
test_09255,0.99
test_09256,0.98693407
test_09257,0.13899136
test_09258,0.4850814
test_09259,0.9579884
test_09260,0.19607154
test_09261,0.45833197
test_09262,0.99
test_09263,0.780993
test_09264,0.12213226
test_09265,0.80540144
test_09266,0.2694582
test_09267,0.5378291
test_09268,0.01
test_09269,0.047458157
test_09270,0.01
test_09271,0.99
test_09272,0.99
test_09273,0.99
test_09274,0.99
test_09275,0.32858315
test_09276,0.87694854
test_09277,0.99
test_09278,0.18477409
test_09279,0.99
test_09280,0.01
test_09281,0.63297427
test_09282,0.60871017
test_09283,0.963982
test_09284,0.93363523
test_09285,0.8828368
test_09286,0.95909375
test_09287,0.6594327
test_09288,0.13284218
test_09289,0.24157558
test_09290,0.01
test_09291,0.82772833
test_09292,0.9532563
test_09293,0.01
test_09294,0.14210477
test_09295,0.01
test_09296,0.01
test_09297,0.14267975
test_09298,0.029019395
test_09299,0.01
test_09300,0.6428246
test_09301,0.01
test_09302,0.055570643
test_09303,0.01
test_09304,0.56347495
test_09305,0.93160766
test_09306,0.025607215
test_09307,0.8414963
test_09308,0.01
test_09309,0.95202386
test_09310,0.99
test_09311,0.03836682
test_09312,0.25247616
test_09313,0.02362628
test_09314,0.99
test_09315,0.023099706
test_09316,0.9826775
test_09317,0.99
test_09318,0.62968934
test_09319,0.99
test_09320,0.96979606
test_09321,0.35439646
test_09322,0.091315575
test_09323,0.97875446
test_09324,0.8196502
test_09325,0.99
test_09326,0.98754287
test_09327,0.99
test_09328,0.08493674
test_09329,0.72281235
test_09330,0.03545063
test_09331,0.44437236
test_09332,0.9788253
test_09333,0.9712867
test_09334,0.99
test_09335,0.8775717
test_09336,0.07567483
test_09337,0.32877612
test_09338,0.06330498
test_09339,0.19223641
test_09340,0.015868057
test_09341,0.04863596
test_09342,0.031783786
test_09343,0.01
test_09344,0.99
test_09345,0.99
test_09346,0.77111304
test_09347,0.06534889
test_09348,0.56634325
test_09349,0.0709773
test_09350,0.99
test_09351,0.9686289
test_09352,0.3806525
test_09353,0.062074825
test_09354,0.9691526
test_09355,0.99
test_09356,0.70037264
test_09357,0.8877729
test_09358,0.01
test_09359,0.01
test_09360,0.9677413
test_09361,0.038723458
test_09362,0.01
test_09363,0.1857463
test_09364,0.01
test_09365,0.99
test_09366,0.99
test_09367,0.9515037
test_09368,0.01
test_09369,0.01
test_09370,0.01
test_09371,0.885115
test_09372,0.99
test_09373,0.16882224
test_09374,0.99
test_09375,0.01
test_09376,0.35608217
test_09377,0.22053185
test_09378,0.016367704
test_09379,0.84747684
test_09380,0.053471904
test_09381,0.99
test_09382,0.9700705
test_09383,0.99
test_09384,0.57779384
test_09385,0.99
test_09386,0.2801962
test_09387,0.99
test_09388,0.83827543
test_09389,0.01
test_09390,0.059424985
test_09391,0.01
test_09392,0.01
test_09393,0.65668374
test_09394,0.9240795
test_09395,0.9371495
test_09396,0.99
test_09397,0.75385165
test_09398,0.07164501
test_09399,0.7177766
test_09400,0.86110514
test_09401,0.022478968
test_09402,0.99
test_09403,0.44602785
test_09404,0.9111512
test_09405,0.86751795
test_09406,0.99
test_09407,0.01
test_09408,0.015900318
test_09409,0.58489424
test_09410,0.99
test_09411,0.99
test_09412,0.99
test_09413,0.99
test_09414,0.12717958
test_09415,0.99
test_09416,0.99
test_09417,0.37720475
test_09418,0.99
test_09419,0.034761287
test_09420,0.99
test_09421,0.01
test_09422,0.014870572
test_09423,0.01
test_09424,0.29814896
test_09425,0.01
test_09426,0.03612422
test_09427,0.98937804
test_09428,0.9804795
test_09429,0.9803689
test_09430,0.01
test_09431,0.33132464
test_09432,0.01
test_09433,0.99
test_09434,0.99
test_09435,0.16089477
test_09436,0.05363337
test_09437,0.98081905
test_09438,0.99
test_09439,0.3167877
test_09440,0.5691433
test_09441,0.04331969
test_09442,0.97628945
test_09443,0.99
test_09444,0.99
test_09445,0.2520199
test_09446,0.03660076
test_09447,0.0575196
test_09448,0.757342
test_09449,0.34649438
test_09450,0.99
test_09451,0.022178784
test_09452,0.99
test_09453,0.9470715
test_09454,0.61857903
test_09455,0.99
test_09456,0.48188058
test_09457,0.8943998
test_09458,0.01
test_09459,0.99
test_09460,0.753661
test_09461,0.012773792
test_09462,0.95275795
test_09463,0.9742643
test_09464,0.01
test_09465,0.988108
test_09466,0.01
test_09467,0.92390233
test_09468,0.2512682
test_09469,0.01
test_09470,0.2878168
test_09471,0.965027
test_09472,0.99
test_09473,0.11376966
test_09474,0.99
test_09475,0.23634739
test_09476,0.89858276
test_09477,0.8561584
test_09478,0.40615904
test_09479,0.99
test_09480,0.01
test_09481,0.01
test_09482,0.01
test_09483,0.99
test_09484,0.20307413
test_09485,0.35015708
test_09486,0.96330875
test_09487,0.99
test_09488,0.01
test_09489,0.99
test_09490,0.08252264
test_09491,0.98852915
test_09492,0.99
test_09493,0.63862544
test_09494,0.973231
test_09495,0.01
test_09496,0.01
test_09497,0.3829332
test_09498,0.95729584
test_09499,0.2907186
test_09500,0.99
test_09501,0.9511645
test_09502,0.98313427
test_09503,0.99
test_09504,0.01
test_09505,0.99
test_09506,0.04161043
test_09507,0.99
test_09508,0.85972255
test_09509,0.01
test_09510,0.48828265
test_09511,0.012032731
test_09512,0.01
test_09513,0.13739228
test_09514,0.8308355
test_09515,0.99
test_09516,0.98992705
test_09517,0.5097166
test_09518,0.6637213
test_09519,0.99
test_09520,0.042869344
test_09521,0.43572143
test_09522,0.71982616
test_09523,0.01
test_09524,0.058125958
test_09525,0.99
test_09526,0.99
test_09527,0.20246962
test_09528,0.01
test_09529,0.99
test_09530,0.31543165
test_09531,0.91038114
test_09532,0.01
test_09533,0.7665801
test_09534,0.9895112
test_09535,0.9766237
test_09536,0.01
test_09537,0.7282183
test_09538,0.08848748
test_09539,0.9697455
test_09540,0.97936445
test_09541,0.08960865
test_09542,0.01
test_09543,0.9864933
test_09544,0.9836416
test_09545,0.20650852
test_09546,0.072570495
test_09547,0.01
test_09548,0.030663023
test_09549,0.99
test_09550,0.98175883
test_09551,0.01
test_09552,0.88156855
test_09553,0.01
test_09554,0.45182833
test_09555,0.01
test_09556,0.5439077
test_09557,0.01
test_09558,0.026292177
test_09559,0.17225268
test_09560,0.9356034
test_09561,0.01
test_09562,0.050589196
test_09563,0.39868036
test_09564,0.99
test_09565,0.72184396
test_09566,0.97429323
test_09567,0.99
test_09568,0.99
test_09569,0.15514025
test_09570,0.4898311
test_09571,0.080248326
test_09572,0.01
test_09573,0.8332282
test_09574,0.020697517
test_09575,0.012838153
test_09576,0.9847675
test_09577,0.01
test_09578,0.01
test_09579,0.025030106
test_09580,0.01
test_09581,0.080522604
test_09582,0.31377187
test_09583,0.78453916
test_09584,0.8994637
test_09585,0.01
test_09586,0.9809302
test_09587,0.021826535
test_09588,0.98630524
test_09589,0.99
test_09590,0.96433496
test_09591,0.860645
test_09592,0.99
test_09593,0.01
test_09594,0.072390296
test_09595,0.22825424
test_09596,0.99
test_09597,0.85511345
test_09598,0.032461572
test_09599,0.021627456
test_09600,0.01
test_09601,0.99
test_09602,0.01
test_09603,0.81497896
test_09604,0.4231139
test_09605,0.62797856
test_09606,0.9583768
test_09607,0.9681294
test_09608,0.4071909
test_09609,0.32414615
test_09610,0.97016966
test_09611,0.9458283
test_09612,0.9672747
test_09613,0.98198825
test_09614,0.01
test_09615,0.056161694
test_09616,0.9809729
test_09617,0.97735584
test_09618,0.9260826
test_09619,0.01
test_09620,0.015730908
test_09621,0.99
test_09622,0.01
test_09623,0.63166046
test_09624,0.11719043
test_09625,0.01
test_09626,0.01
test_09627,0.01
test_09628,0.24255474
test_09629,0.85251987
test_09630,0.99
test_09631,0.01
test_09632,0.33170426
test_09633,0.99
test_09634,0.9743266
test_09635,0.75965494
test_09636,0.12666307
test_09637,0.49663627
test_09638,0.95878136
test_09639,0.99
test_09640,0.9125142
test_09641,0.01
test_09642,0.9239301
test_09643,0.010977439
test_09644,0.01
test_09645,0.01
test_09646,0.01
test_09647,0.99
test_09648,0.6153867
test_09649,0.046613287
test_09650,0.01
test_09651,0.4191029
test_09652,0.83648103
test_09653,0.01
test_09654,0.06281037
test_09655,0.99
test_09656,0.9574902
test_09657,0.01
test_09658,0.01
test_09659,0.99
test_09660,0.97289306
test_09661,0.98191136
test_09662,0.8747386
test_09663,0.99
test_09664,0.7391507
test_09665,0.01
test_09666,0.060368974
test_09667,0.1986896
test_09668,0.01
test_09669,0.6166058
test_09670,0.01
test_09671,0.03520042
test_09672,0.78125083
test_09673,0.01
test_09674,0.01
test_09675,0.034947015
test_09676,0.99
test_09677,0.10612905
test_09678,0.99
test_09679,0.46242267
test_09680,0.4685255
test_09681,0.01
test_09682,0.68620056
test_09683,0.01
test_09684,0.69321865
test_09685,0.99
test_09686,0.01
test_09687,0.01
test_09688,0.086156785
test_09689,0.9889986
test_09690,0.99
test_09691,0.9431983
test_09692,0.85237026
test_09693,0.09559901
test_09694,0.85064626
test_09695,0.0232349
test_09696,0.017441323
test_09697,0.14485441
test_09698,0.99
test_09699,0.99
test_09700,0.01
test_09701,0.2073655
test_09702,0.9687936
test_09703,0.99
test_09704,0.05849992
test_09705,0.94872814
test_09706,0.03847227
test_09707,0.99
test_09708,0.1638684
test_09709,0.35860717
test_09710,0.5257464
test_09711,0.31961873
test_09712,0.01
test_09713,0.09411339
test_09714,0.6579335
test_09715,0.01
test_09716,0.062487338
test_09717,0.99
test_09718,0.99
test_09719,0.70217395
test_09720,0.01
test_09721,0.09840793
test_09722,0.21287929
test_09723,0.91912234
test_09724,0.5861246
test_09725,0.9628914
test_09726,0.37418407
test_09727,0.984321
test_09728,0.043606594
test_09729,0.9094204
test_09730,0.95804
test_09731,0.01
test_09732,0.27766073
test_09733,0.6799321
test_09734,0.01
test_09735,0.27844134
test_09736,0.01
test_09737,0.9259371
test_09738,0.01
test_09739,0.73225296
test_09740,0.01
test_09741,0.8177008
test_09742,0.01
test_09743,0.98489916
test_09744,0.99
test_09745,0.012967969
test_09746,0.99
test_09747,0.9855672
test_09748,0.44170338
test_09749,0.9784228
test_09750,0.99
test_09751,0.023031738
test_09752,0.019233778
test_09753,0.99
test_09754,0.01
test_09755,0.30733195
test_09756,0.7039258
test_09757,0.010650707
test_09758,0.36581448
test_09759,0.99
test_09760,0.84638226
test_09761,0.01
test_09762,0.01
test_09763,0.9826134
test_09764,0.01
test_09765,0.7412874
test_09766,0.07683221
test_09767,0.01
test_09768,0.9349968
test_09769,0.01
test_09770,0.01
test_09771,0.54024845
test_09772,0.99
test_09773,0.13251
test_09774,0.01
test_09775,0.01
test_09776,0.1238395
test_09777,0.99
test_09778,0.01
test_09779,0.99
test_09780,0.10889979
test_09781,0.01
test_09782,0.99
test_09783,0.8423119
test_09784,0.47525358
test_09785,0.6999036
test_09786,0.01
test_09787,0.15404728
test_09788,0.24654739
test_09789,0.51992774
test_09790,0.48518097
test_09791,0.24567804
test_09792,0.09018292
test_09793,0.9556411
test_09794,0.835919
test_09795,0.49726778
test_09796,0.013946108
test_09797,0.9576733
test_09798,0.989164
test_09799,0.99
test_09800,0.9813866
test_09801,0.01
test_09802,0.8617199
test_09803,0.48598272
test_09804,0.9053484
test_09805,0.99
test_09806,0.9732545
test_09807,0.99
test_09808,0.90781015
test_09809,0.4334674
test_09810,0.54087216
test_09811,0.01
test_09812,0.99
test_09813,0.01
test_09814,0.99
test_09815,0.7724133
test_09816,0.20265456
test_09817,0.010370443
test_09818,0.9271028
test_09819,0.9868563
test_09820,0.98214805
test_09821,0.9772275
test_09822,0.99
test_09823,0.27666825
test_09824,0.99
test_09825,0.87026167
test_09826,0.86502594
test_09827,0.99
test_09828,0.99
test_09829,0.55732644
test_09830,0.99
test_09831,0.96303326
test_09832,0.1650458
test_09833,0.21493952
test_09834,0.99
test_09835,0.32512912
test_09836,0.99
test_09837,0.99
test_09838,0.80505294
test_09839,0.99
test_09840,0.76882964
test_09841,0.9541042
test_09842,0.025152292
test_09843,0.01
test_09844,0.108966246
test_09845,0.99
test_09846,0.32463714
test_09847,0.053705785
test_09848,0.10994778
test_09849,0.9014893
test_09850,0.9145237
test_09851,0.01
test_09852,0.18304133
test_09853,0.9019988
test_09854,0.99
test_09855,0.01
test_09856,0.019338958
test_09857,0.9578261
test_09858,0.92308307
test_09859,0.01
test_09860,0.01
test_09861,0.99
test_09862,0.2953475
test_09863,0.9711865
test_09864,0.99
test_09865,0.01
test_09866,0.01
test_09867,0.01
test_09868,0.99
test_09869,0.99
test_09870,0.08136514
test_09871,0.45140523
test_09872,0.01
test_09873,0.9595215
test_09874,0.28939012
test_09875,0.98249555
test_09876,0.99
test_09877,0.71932644
test_09878,0.01
test_09879,0.01
test_09880,0.8298167
test_09881,0.99
test_09882,0.01
test_09883,0.01
test_09884,0.02843012
test_09885,0.97215086
test_09886,0.98941237
test_09887,0.9885428
test_09888,0.01
test_09889,0.9802869
test_09890,0.01
test_09891,0.015191103
test_09892,0.97519624
test_09893,0.0373249
test_09894,0.99
test_09895,0.19865076
test_09896,0.20783514
test_09897,0.9837303
test_09898,0.11644363
test_09899,0.41536215
test_09900,0.01
test_09901,0.83529806
test_09902,0.9149265
test_09903,0.01
test_09904,0.58013904
test_09905,0.9696286
test_09906,0.99
test_09907,0.78732914
test_09908,0.01
test_09909,0.5837436
test_09910,0.01
test_09911,0.99
test_09912,0.023270825
test_09913,0.90111256
test_09914,0.035853323
test_09915,0.01
test_09916,0.99
test_09917,0.01
test_09918,0.9352649
test_09919,0.03313184
test_09920,0.99
test_09921,0.99
test_09922,0.042073745
test_09923,0.40879625
test_09924,0.99
test_09925,0.99
test_09926,0.9489585
test_09927,0.01
test_09928,0.99
test_09929,0.5549792
test_09930,0.99
test_09931,0.05757625
test_09932,0.23740815
test_09933,0.01
test_09934,0.03955877
test_09935,0.09574926
test_09936,0.973435
test_09937,0.01
test_09938,0.58099943
test_09939,0.84945863
test_09940,0.4787722
test_09941,0.7462953
test_09942,0.01
test_09943,0.89340603
test_09944,0.98150957
test_09945,0.8606949
test_09946,0.01600875
test_09947,0.7998855
test_09948,0.6299726
test_09949,0.9620207
test_09950,0.84180546
test_09951,0.968263
test_09952,0.034599993
test_09953,0.2009189
test_09954,0.99
test_09955,0.01
test_09956,0.029635755
test_09957,0.01
test_09958,0.79249644
test_09959,0.64220726
test_09960,0.025517803
test_09961,0.01
test_09962,0.28988528
test_09963,0.971835
test_09964,0.11001512
test_09965,0.11716725
test_09966,0.99
test_09967,0.01
test_09968,0.99
test_09969,0.14107254
test_09970,0.01
test_09971,0.01
test_09972,0.99
test_09973,0.50461054
test_09974,0.01
test_09975,0.01
test_09976,0.5685894
test_09977,0.01
test_09978,0.03259703
test_09979,0.9451846
test_09980,0.19649327
test_09981,0.7433502
test_09982,0.99
test_09983,0.7759482
test_09984,0.0102429055
test_09985,0.01
test_09986,0.99
test_09987,0.10119825
test_09988,0.13916577
test_09989,0.96606266
test_09990,0.01
test_09991,0.670188
test_09992,0.014167602
test_09993,0.01
test_09994,0.8787936
test_09995,0.99
test_09996,0.7533613
test_09997,0.99
test_09998,0.99
test_09999,0.32736206
test_10000,0.6240311
test_10001,0.082748055
test_10002,0.99
test_10003,0.9887221
test_10004,0.98876333
test_10005,0.01
test_10006,0.06240465
test_10007,0.85564446
test_10008,0.016925415
test_10009,0.01
test_10010,0.43082255
test_10011,0.24678363
test_10012,0.22707747
test_10013,0.035050135
test_10014,0.01
test_10015,0.01
test_10016,0.7545676
test_10017,0.99
test_10018,0.99
test_10019,0.06171233
test_10020,0.30335626
test_10021,0.6126314
test_10022,0.6135923
test_10023,0.01
test_10024,0.99
test_10025,0.01
test_10026,0.31516835
test_10027,0.01
test_10028,0.21206926
test_10029,0.99
test_10030,0.21857756
test_10031,0.8833221
test_10032,0.2811616
test_10033,0.045171004
test_10034,0.15482448
test_10035,0.8097674
test_10036,0.01
test_10037,0.73010623
test_10038,0.99
test_10039,0.011835987
test_10040,0.86554146
test_10041,0.2489995
test_10042,0.9216285
test_10043,0.16656908
test_10044,0.060664404
test_10045,0.052980013
test_10046,0.99
test_10047,0.01
test_10048,0.6242425
test_10049,0.97708863
test_10050,0.99
test_10051,0.9872988
test_10052,0.5281102
test_10053,0.41900778
test_10054,0.99
test_10055,0.15784454
test_10056,0.4936192
test_10057,0.97084326
test_10058,0.9779685
test_10059,0.41280398
test_10060,0.06409944
test_10061,0.99
test_10062,0.062357467
test_10063,0.016698172
test_10064,0.01
test_10065,0.922767
test_10066,0.93508255
test_10067,0.60280645
test_10068,0.9894208
test_10069,0.01
test_10070,0.01
test_10071,0.21213192
test_10072,0.01
test_10073,0.04273001
test_10074,0.01
test_10075,0.9668889
test_10076,0.01
test_10077,0.66508853
test_10078,0.23946868
test_10079,0.99
test_10080,0.059080817
test_10081,0.25264883
test_10082,0.93337905
test_10083,0.99
test_10084,0.8730925
test_10085,0.01
test_10086,0.98559904
test_10087,0.2821315
test_10088,0.107381746
test_10089,0.01
test_10090,0.08230099
test_10091,0.99
test_10092,0.99
test_10093,0.99
test_10094,0.7519273
test_10095,0.18827401
test_10096,0.01
test_10097,0.99
test_10098,0.74410236
test_10099,0.8432744
test_10100,0.8621537
test_10101,0.6599833
test_10102,0.3476219
test_10103,0.01
test_10104,0.99
test_10105,0.99
test_10106,0.57253206
test_10107,0.28204095
test_10108,0.96926457
test_10109,0.1289222
test_10110,0.01
test_10111,0.906401
test_10112,0.06405297
test_10113,0.99
test_10114,0.99
test_10115,0.015099019
test_10116,0.01
test_10117,0.5628434
test_10118,0.9374579
test_10119,0.9465395
test_10120,0.01
test_10121,0.98906356
test_10122,0.04156991
test_10123,0.01
test_10124,0.98794067
test_10125,0.017421952
test_10126,0.01
test_10127,0.01
test_10128,0.01
test_10129,0.7201958
test_10130,0.012066835
test_10131,0.022052618
test_10132,0.01
test_10133,0.01
test_10134,0.8234065
test_10135,0.03475567
test_10136,0.01
test_10137,0.29586485
test_10138,0.99
test_10139,0.01
test_10140,0.74905336
test_10141,0.01
test_10142,0.10314075
test_10143,0.9775163
test_10144,0.8271017
test_10145,0.01
test_10146,0.63669807
test_10147,0.01
test_10148,0.99
test_10149,0.101780854
test_10150,0.92337894
test_10151,0.01
test_10152,0.14991222
test_10153,0.99
test_10154,0.99
test_10155,0.01
test_10156,0.99
test_10157,0.36290967
test_10158,0.011690783
test_10159,0.01
test_10160,0.15154387
test_10161,0.8996544
test_10162,0.9418365
test_10163,0.17046249
test_10164,0.11767943
test_10165,0.021888893
test_10166,0.99
test_10167,0.99
test_10168,0.9451549
test_10169,0.99
test_10170,0.43767834
test_10171,0.011653828
test_10172,0.01
test_10173,0.99
test_10174,0.5996173
test_10175,0.01
test_10176,0.01
test_10177,0.01
test_10178,0.01
test_10179,0.01
test_10180,0.53772604
test_10181,0.01
test_10182,0.97401446
test_10183,0.01
test_10184,0.01
test_10185,0.99
test_10186,0.028383868
test_10187,0.97159696
test_10188,0.99
test_10189,0.2793648
test_10190,0.99
test_10191,0.99
test_10192,0.03961301
test_10193,0.9386342
test_10194,0.4966724
test_10195,0.17636651
test_10196,0.01
test_10197,0.21729407
test_10198,0.15908507
test_10199,0.17700917
test_10200,0.9887517
test_10201,0.01
test_10202,0.010323845
test_10203,0.39044258
test_10204,0.01
test_10205,0.95550567
test_10206,0.0152039565
test_10207,0.018390927
test_10208,0.99
test_10209,0.18432084
test_10210,0.99
test_10211,0.7331283
test_10212,0.96298707
test_10213,0.10149918
test_10214,0.99
test_10215,0.21579385
test_10216,0.020569574
test_10217,0.026424041
test_10218,0.50036407
test_10219,0.03343603
test_10220,0.059532374
test_10221,0.9889075
test_10222,0.96751094
test_10223,0.645167
test_10224,0.699032
test_10225,0.04764794
test_10226,0.01
test_10227,0.6697529
test_10228,0.17689069
test_10229,0.19864391
test_10230,0.960367
test_10231,0.82655627
test_10232,0.014217626
test_10233,0.9716485
test_10234,0.01
test_10235,0.16073763
test_10236,0.28974667
test_10237,0.95871395
test_10238,0.9293901
test_10239,0.7028224
test_10240,0.95301557
test_10241,0.012867659
test_10242,0.99
test_10243,0.99
test_10244,0.5890054
test_10245,0.16526923
test_10246,0.23122515
test_10247,0.99
test_10248,0.9338745
test_10249,0.04880135
test_10250,0.9330556
test_10251,0.99
test_10252,0.63772726
test_10253,0.92318094
test_10254,0.01
test_10255,0.9837107
test_10256,0.91974884
test_10257,0.01
test_10258,0.92994833
test_10259,0.96921945
test_10260,0.18857318
test_10261,0.6569117
test_10262,0.16989455
test_10263,0.91289276
test_10264,0.99
test_10265,0.1341145
test_10266,0.8501162
test_10267,0.99
test_10268,0.91880834
test_10269,0.01
test_10270,0.024206918
test_10271,0.21138471
test_10272,0.8559631
test_10273,0.07950896
test_10274,0.99
test_10275,0.9833937
test_10276,0.046038978
test_10277,0.1565149
test_10278,0.89216685
test_10279,0.94717544
test_10280,0.06149726
test_10281,0.98546904
test_10282,0.01
test_10283,0.040687144
test_10284,0.914723
test_10285,0.022638313
test_10286,0.7653339
test_10287,0.014932399
test_10288,0.99
test_10289,0.04042975
test_10290,0.9159708
test_10291,0.01
test_10292,0.4375134
test_10293,0.99
test_10294,0.014784525
test_10295,0.94525737
test_10296,0.98322946
test_10297,0.01
test_10298,0.061408345
test_10299,0.0786881
test_10300,0.6670208
test_10301,0.2193257
test_10302,0.9800245
test_10303,0.99
test_10304,0.99
test_10305,0.97579795
test_10306,0.01
test_10307,0.01
test_10308,0.045755535
test_10309,0.99
test_10310,0.96423954
test_10311,0.13931122
test_10312,0.01
test_10313,0.01
test_10314,0.8543813
test_10315,0.67098373
test_10316,0.9801195
test_10317,0.01
test_10318,0.88267076
test_10319,0.27946818
test_10320,0.8147189
test_10321,0.34725747
test_10322,0.5771912
test_10323,0.11369557
test_10324,0.07183254
test_10325,0.99
test_10326,0.15831214
test_10327,0.29387888
test_10328,0.052621663
test_10329,0.33593303
test_10330,0.01
test_10331,0.67704
test_10332,0.41411164
test_10333,0.99
test_10334,0.32506892
test_10335,0.01
test_10336,0.99
test_10337,0.8846123
test_10338,0.01
test_10339,0.19307345
test_10340,0.7682991
test_10341,0.44781116
test_10342,0.91044176
test_10343,0.99
test_10344,0.01
test_10345,0.95306885
test_10346,0.99
test_10347,0.73491335
test_10348,0.06868414
test_10349,0.2624749
test_10350,0.978519
test_10351,0.01
test_10352,0.01
test_10353,0.93414366
test_10354,0.99
test_10355,0.09515599
test_10356,0.11173225
test_10357,0.01
test_10358,0.8721925
test_10359,0.01
test_10360,0.924406
test_10361,0.01
test_10362,0.99
test_10363,0.99
test_10364,0.97465396
test_10365,0.43921795
test_10366,0.01
test_10367,0.6705354
test_10368,0.01
test_10369,0.23174253
test_10370,0.9456801
test_10371,0.4521442
test_10372,0.9095961
test_10373,0.90001607
test_10374,0.016286181
test_10375,0.99
test_10376,0.024557149
test_10377,0.012774591
test_10378,0.01
test_10379,0.80947965
test_10380,0.828127
test_10381,0.8739033
test_10382,0.99
test_10383,0.40035257
test_10384,0.12548701
test_10385,0.5767051
test_10386,0.99
test_10387,0.99
test_10388,0.01
test_10389,0.01
test_10390,0.01
test_10391,0.01
test_10392,0.61372846
test_10393,0.01
test_10394,0.95105505
test_10395,0.79299176
test_10396,0.01
test_10397,0.01
test_10398,0.99
test_10399,0.01
test_10400,0.99
test_10401,0.9216408
test_10402,0.01
test_10403,0.01
test_10404,0.9576913
test_10405,0.9881755
test_10406,0.99
test_10407,0.79292107
test_10408,0.99
test_10409,0.01
test_10410,0.7359291
test_10411,0.99
test_10412,0.9536988
test_10413,0.7217354
test_10414,0.01
test_10415,0.99
test_10416,0.11263783
test_10417,0.99
test_10418,0.32469237
test_10419,0.9897092
test_10420,0.09497577
test_10421,0.023910234
test_10422,0.01
test_10423,0.99
test_10424,0.99
test_10425,0.047537345
test_10426,0.01
test_10427,0.99
test_10428,0.07056585
test_10429,0.030670736
test_10430,0.01
test_10431,0.014493842
test_10432,0.5945692
test_10433,0.99
test_10434,0.7702828
test_10435,0.058125462
test_10436,0.020728817
test_10437,0.4011441
test_10438,0.99
test_10439,0.01
test_10440,0.98534137
test_10441,0.5846049
test_10442,0.14886414
test_10443,0.6364737
test_10444,0.010532037
test_10445,0.01195155
test_10446,0.99
test_10447,0.99
test_10448,0.90426403
test_10449,0.011946213
test_10450,0.6988419
test_10451,0.99
test_10452,0.5461474
test_10453,0.9512249
test_10454,0.42503572
test_10455,0.01
test_10456,0.016054776
test_10457,0.93909764
test_10458,0.044329323
test_10459,0.8902996
test_10460,0.97742414
test_10461,0.4126369
test_10462,0.6200269
test_10463,0.1622982
test_10464,0.9389938
test_10465,0.960191
test_10466,0.9604225
test_10467,0.99
test_10468,0.99
test_10469,0.42245653
test_10470,0.99
test_10471,0.8823786
test_10472,0.99
test_10473,0.99
test_10474,0.99
test_10475,0.92854404
test_10476,0.01
test_10477,0.99
test_10478,0.5505087
test_10479,0.15457325
test_10480,0.40770385
test_10481,0.01
test_10482,0.9559616
test_10483,0.8421248
test_10484,0.99
test_10485,0.01
test_10486,0.01
test_10487,0.99
test_10488,0.01
test_10489,0.33961162
test_10490,0.98907787
test_10491,0.040829424
test_10492,0.90635467
test_10493,0.99
test_10494,0.01
test_10495,0.99
test_10496,0.25478604
test_10497,0.01
test_10498,0.01
test_10499,0.60584915
test_10500,0.99
test_10501,0.01
test_10502,0.01
test_10503,0.01
test_10504,0.01
test_10505,0.20774083
test_10506,0.80167586
test_10507,0.35487783
test_10508,0.99
test_10509,0.8657968
test_10510,0.014107484
test_10511,0.025493981
test_10512,0.01
test_10513,0.99
test_10514,0.9859918
test_10515,0.5858503
test_10516,0.01
test_10517,0.9867971
test_10518,0.03885096
test_10519,0.35093915
test_10520,0.99
test_10521,0.99
test_10522,0.01
test_10523,0.8556024
test_10524,0.99
test_10525,0.9265707
test_10526,0.99
test_10527,0.37920508
test_10528,0.9628739
test_10529,0.99
test_10530,0.59429026
test_10531,0.99
test_10532,0.01
test_10533,0.99
test_10534,0.01
test_10535,0.031767048
test_10536,0.07877429
test_10537,0.02665552
test_10538,0.018045709
test_10539,0.9856877
test_10540,0.09333893
test_10541,0.98908895
test_10542,0.99
test_10543,0.99
test_10544,0.01
test_10545,0.89133334
test_10546,0.99
test_10547,0.99
test_10548,0.12405495
test_10549,0.01
test_10550,0.99
test_10551,0.0970811
test_10552,0.08861512
test_10553,0.098023735
test_10554,0.7041402
test_10555,0.99
test_10556,0.024377916
test_10557,0.029704114
test_10558,0.01
test_10559,0.88901967
test_10560,0.9380989
test_10561,0.18813914
test_10562,0.01
test_10563,0.87392074
test_10564,0.9416789
test_10565,0.96270066
test_10566,0.9679882
test_10567,0.012747325
test_10568,0.99
test_10569,0.022729633
test_10570,0.34149835
test_10571,0.33260667
test_10572,0.99
test_10573,0.9480605
test_10574,0.98563415
test_10575,0.9756339
test_10576,0.014966181
test_10577,0.714898
test_10578,0.61652035
test_10579,0.01
test_10580,0.6629737
test_10581,0.18138674
test_10582,0.11480771
test_10583,0.014799842
test_10584,0.89928645
test_10585,0.83982086
test_10586,0.01
test_10587,0.091133885
test_10588,0.3667965
test_10589,0.017969778
test_10590,0.6848388
test_10591,0.01
test_10592,0.89810985
test_10593,0.99
test_10594,0.76864064
test_10595,0.01
test_10596,0.99
test_10597,0.47985598
test_10598,0.6161303
test_10599,0.5716901
test_10600,0.09209417
test_10601,0.01
test_10602,0.89429885
test_10603,0.99
test_10604,0.2481849
test_10605,0.976972
test_10606,0.01
test_10607,0.99
test_10608,0.58776057
test_10609,0.8340938
test_10610,0.01
test_10611,0.027934924
test_10612,0.43182018
test_10613,0.01
test_10614,0.8075517
test_10615,0.99
test_10616,0.98690736
test_10617,0.043756183
test_10618,0.3795318
test_10619,0.9520161
test_10620,0.77177775
test_10621,0.99
test_10622,0.99
test_10623,0.01
test_10624,0.97851574
test_10625,0.99
test_10626,0.031064404
test_10627,0.579416
test_10628,0.42177385
test_10629,0.044032216
test_10630,0.99
test_10631,0.03476423
test_10632,0.99
test_10633,0.99
test_10634,0.01
test_10635,0.01
test_10636,0.99
test_10637,0.9726978
test_10638,0.01
test_10639,0.99
test_10640,0.01
test_10641,0.78795725
test_10642,0.28041545
test_10643,0.99
test_10644,0.8850942
test_10645,0.01
test_10646,0.01
test_10647,0.23989879
test_10648,0.07211216
test_10649,0.22101797
test_10650,0.023997203
test_10651,0.7072386
test_10652,0.9780335
test_10653,0.99
test_10654,0.4918546
test_10655,0.05771897
test_10656,0.7209776
test_10657,0.01
test_10658,0.61749095
test_10659,0.01
test_10660,0.108495876
test_10661,0.6967264
test_10662,0.014547277
test_10663,0.03383663
test_10664,0.9865731
test_10665,0.026565704
test_10666,0.99
test_10667,0.01
test_10668,0.99
test_10669,0.35715503
test_10670,0.32041985
test_10671,0.01
test_10672,0.5212159
test_10673,0.010851181
test_10674,0.67619
test_10675,0.01
test_10676,0.99
test_10677,0.99
test_10678,0.99
test_10679,0.99
test_10680,0.7741436
test_10681,0.99
test_10682,0.99
test_10683,0.01
test_10684,0.01
test_10685,0.01
test_10686,0.99
test_10687,0.06092987
test_10688,0.3039966
test_10689,0.027248202
test_10690,0.01
test_10691,0.81721187
test_10692,0.99
test_10693,0.9212106
test_10694,0.99
test_10695,0.01
test_10696,0.019460179
test_10697,0.99
test_10698,0.2593631
test_10699,0.97340393
test_10700,0.01
test_10701,0.925205
test_10702,0.53508556
test_10703,0.6825751
test_10704,0.9324083
test_10705,0.2380626
test_10706,0.01
test_10707,0.9879288
test_10708,0.01
test_10709,0.99
test_10710,0.9273563
test_10711,0.99
test_10712,0.9880006
test_10713,0.075847514
test_10714,0.9595359
test_10715,0.01
test_10716,0.9596065
test_10717,0.016593816
test_10718,0.01
test_10719,0.98010755
test_10720,0.99
test_10721,0.96414375
test_10722,0.99
test_10723,0.02898055
test_10724,0.01
test_10725,0.023793256
test_10726,0.99
test_10727,0.01
test_10728,0.01
test_10729,0.01
test_10730,0.18546458
test_10731,0.05825046
test_10732,0.9090312
test_10733,0.01
test_10734,0.91568464
test_10735,0.99
test_10736,0.01
test_10737,0.6393626
test_10738,0.99
test_10739,0.1641155
test_10740,0.99
test_10741,0.48711616
test_10742,0.061053596
test_10743,0.8738639
test_10744,0.01
test_10745,0.01
test_10746,0.061684556
test_10747,0.99
test_10748,0.9345541
test_10749,0.34615123
test_10750,0.38888547
test_10751,0.01
test_10752,0.054602202
test_10753,0.99
test_10754,0.99
test_10755,0.93904054
test_10756,0.09492568
test_10757,0.8790792
test_10758,0.044737913
test_10759,0.94361097
test_10760,0.01
test_10761,0.01
test_10762,0.92538834
test_10763,0.99
test_10764,0.99
test_10765,0.44850576
test_10766,0.99
test_10767,0.01
test_10768,0.8064747
test_10769,0.042836268
test_10770,0.01
test_10771,0.43035787
test_10772,0.01
test_10773,0.99
test_10774,0.10153285
test_10775,0.5043119
test_10776,0.03938655
test_10777,0.7757115
test_10778,0.37002817
test_10779,0.97478217
test_10780,0.99
test_10781,0.1707486
test_10782,0.96824574
test_10783,0.49028644
test_10784,0.01
test_10785,0.99
test_10786,0.9445242
test_10787,0.99
test_10788,0.101861954
test_10789,0.18928367
test_10790,0.44452962
test_10791,0.31482652
test_10792,0.01
test_10793,0.99
test_10794,0.29224885
test_10795,0.01
test_10796,0.9565175
test_10797,0.8757604
test_10798,0.99
test_10799,0.12930152
test_10800,0.92816556
test_10801,0.8850255
test_10802,0.99
test_10803,0.3240494
test_10804,0.9519861
test_10805,0.01
test_10806,0.99
test_10807,0.99
test_10808,0.99
test_10809,0.99
test_10810,0.43770438
test_10811,0.01
test_10812,0.01
test_10813,0.01
test_10814,0.13628459
test_10815,0.8057248
test_10816,0.18917589
test_10817,0.99
test_10818,0.99
test_10819,0.99
test_10820,0.01
test_10821,0.01
test_10822,0.973585
test_10823,0.94625825
test_10824,0.97146565
test_10825,0.99
test_10826,0.99
test_10827,0.5697189
test_10828,0.9823072
test_10829,0.01
test_10830,0.99
test_10831,0.8468911
test_10832,0.63592935
test_10833,0.4384736
test_10834,0.8010955
test_10835,0.18011639
test_10836,0.01
test_10837,0.15151912
test_10838,0.01
test_10839,0.46166503
test_10840,0.7798993
test_10841,0.01
test_10842,0.061501566
test_10843,0.694494
test_10844,0.05072821
test_10845,0.01
test_10846,0.99
test_10847,0.01
test_10848,0.13651292
test_10849,0.98953515
test_10850,0.01
test_10851,0.03165649
test_10852,0.2495751
test_10853,0.6499694
test_10854,0.01
test_10855,0.02978561
test_10856,0.13983867
test_10857,0.82322377
test_10858,0.01
test_10859,0.99
test_10860,0.02238209
test_10861,0.5741534
test_10862,0.01
test_10863,0.08284434
test_10864,0.69464177
test_10865,0.95511276
test_10866,0.8934884
test_10867,0.942912
test_10868,0.01
test_10869,0.37803775
test_10870,0.07668758
test_10871,0.014925405
test_10872,0.96721196
test_10873,0.5851591
test_10874,0.01
test_10875,0.05262496
test_10876,0.01
test_10877,0.9298588
test_10878,0.99
test_10879,0.019699346
test_10880,0.065573275
test_10881,0.01
test_10882,0.01
test_10883,0.17439842
test_10884,0.9575198
test_10885,0.6319622
test_10886,0.24928252
test_10887,0.99
test_10888,0.99
test_10889,0.010136056
test_10890,0.08884361
test_10891,0.8160958
test_10892,0.7468143
test_10893,0.01
test_10894,0.01
test_10895,0.01
test_10896,0.01
test_10897,0.8901442
test_10898,0.6154277
test_10899,0.99
test_10900,0.01
test_10901,0.99
test_10902,0.8827157
test_10903,0.99
test_10904,0.99
test_10905,0.9164449
test_10906,0.99
test_10907,0.2699839
test_10908,0.012515515
test_10909,0.2899082
test_10910,0.22537182
test_10911,0.01
test_10912,0.98298025
test_10913,0.01
test_10914,0.8906861
test_10915,0.19837582
test_10916,0.96570265
test_10917,0.6081055
test_10918,0.9756168
test_10919,0.3275749
test_10920,0.99
test_10921,0.32499117
test_10922,0.33430314
test_10923,0.712223
test_10924,0.9432496
test_10925,0.4153491
test_10926,0.01
test_10927,0.99
test_10928,0.01
test_10929,0.5995984
test_10930,0.99
test_10931,0.99
test_10932,0.032174837
test_10933,0.99
test_10934,0.01
test_10935,0.034124848
test_10936,0.99
test_10937,0.01
test_10938,0.01
test_10939,0.99
test_10940,0.01
test_10941,0.011712383
test_10942,0.82461685
test_10943,0.06258
test_10944,0.99
test_10945,0.010222825
test_10946,0.01
test_10947,0.7595698
test_10948,0.76396066
test_10949,0.08153768
test_10950,0.16303007
test_10951,0.60529125
test_10952,0.7051356
test_10953,0.17153502
test_10954,0.99
test_10955,0.90288335
test_10956,0.01
test_10957,0.01
test_10958,0.01
test_10959,0.039335582
test_10960,0.86335886
test_10961,0.032133
test_10962,0.49044415
test_10963,0.6895321
test_10964,0.112324916
test_10965,0.013390701
test_10966,0.21484798
test_10967,0.99
test_10968,0.0135905985
test_10969,0.92464167
test_10970,0.9850102
test_10971,0.67445815
test_10972,0.99
test_10973,0.046905696
test_10974,0.029700875
test_10975,0.84906745
test_10976,0.91457915
test_10977,0.11883688
test_10978,0.99
test_10979,0.99
test_10980,0.03658066
test_10981,0.710573
test_10982,0.16531888
test_10983,0.01
test_10984,0.99
test_10985,0.21069044
test_10986,0.7570932
test_10987,0.99
test_10988,0.105951376
test_10989,0.87837404
test_10990,0.08678057
test_10991,0.035640024
test_10992,0.98695546
test_10993,0.99
test_10994,0.99
test_10995,0.01
test_10996,0.053773288
test_10997,0.99
test_10998,0.28828257
test_10999,0.01
test_11000,0.9518407
test_11001,0.99
test_11002,0.01
test_11003,0.01
test_11004,0.01
test_11005,0.7831597
test_11006,0.40468365
test_11007,0.32224312
test_11008,0.191748
test_11009,0.01
test_11010,0.89435786
test_11011,0.5496813
test_11012,0.060296796
test_11013,0.7179178
test_11014,0.13945779
test_11015,0.68228656
test_11016,0.01
test_11017,0.38372523
test_11018,0.99
test_11019,0.554664
test_11020,0.09375764
test_11021,0.99
test_11022,0.01
test_11023,0.030099478
test_11024,0.99
test_11025,0.99
test_11026,0.9763776
test_11027,0.49968812
test_11028,0.99
test_11029,0.09573849
test_11030,0.99
test_11031,0.87059605
test_11032,0.01
test_11033,0.6103078
test_11034,0.18560077
test_11035,0.7587571
test_11036,0.96936685
test_11037,0.318513
test_11038,0.96775293
test_11039,0.31110257
test_11040,0.99
test_11041,0.31458429
test_11042,0.9749018
test_11043,0.99
test_11044,0.27745712
test_11045,0.99
test_11046,0.99
test_11047,0.9566748
test_11048,0.99
test_11049,0.6069993
test_11050,0.9817784
test_11051,0.01
test_11052,0.30630568
test_11053,0.99
test_11054,0.3350865
test_11055,0.98981434
test_11056,0.5527804
test_11057,0.01
test_11058,0.037069034
test_11059,0.13382103
test_11060,0.020708045
test_11061,0.01
test_11062,0.99
test_11063,0.6427527
test_11064,0.9601415
test_11065,0.99
test_11066,0.99
test_11067,0.01
test_11068,0.01
test_11069,0.99
test_11070,0.99
test_11071,0.99
test_11072,0.22769167
test_11073,0.73607767
test_11074,0.99
test_11075,0.90984005
test_11076,0.8982381
test_11077,0.4382923
test_11078,0.025594007
test_11079,0.99
test_11080,0.01
test_11081,0.15226373
test_11082,0.01
test_11083,0.01
test_11084,0.99
test_11085,0.01
test_11086,0.2740391
test_11087,0.9546059
test_11088,0.010297122
test_11089,0.01
test_11090,0.01
test_11091,0.18949038
test_11092,0.7604234
test_11093,0.99
test_11094,0.9887933
test_11095,0.99
test_11096,0.29530334
test_11097,0.03933715
test_11098,0.01
test_11099,0.46934244
test_11100,0.9895621
test_11101,0.01
test_11102,0.01
test_11103,0.99
test_11104,0.4352185
test_11105,0.01
test_11106,0.73982745
test_11107,0.8458328
test_11108,0.99
test_11109,0.99
test_11110,0.99
test_11111,0.99
test_11112,0.95451844
test_11113,0.6355017
test_11114,0.94669014
test_11115,0.9677096
test_11116,0.99
test_11117,0.09899308
test_11118,0.089716375
test_11119,0.2189793
test_11120,0.12711574
test_11121,0.047563996
test_11122,0.44268817
test_11123,0.40049952
test_11124,0.99
test_11125,0.99
test_11126,0.99
test_11127,0.99
test_11128,0.013865968
test_11129,0.99
test_11130,0.99
test_11131,0.036881194
test_11132,0.9061525
test_11133,0.14736995
test_11134,0.050562974
test_11135,0.01
test_11136,0.99
test_11137,0.15706047
test_11138,0.37723902
test_11139,0.01
test_11140,0.016476912
test_11141,0.6208617
test_11142,0.01
test_11143,0.2744014
test_11144,0.99
test_11145,0.01
test_11146,0.01
test_11147,0.98385715
test_11148,0.01
test_11149,0.01
test_11150,0.014554252
test_11151,0.010142028
test_11152,0.13969749
test_11153,0.6398765
test_11154,0.01
test_11155,0.3943023
test_11156,0.31668064
test_11157,0.99
test_11158,0.013054587
test_11159,0.01
test_11160,0.72327435
test_11161,0.95590585
test_11162,0.011128124
test_11163,0.07424658
test_11164,0.01
test_11165,0.9883945
test_11166,0.043986216
test_11167,0.81927127
test_11168,0.9557549
test_11169,0.99
test_11170,0.018126473
test_11171,0.2976383
test_11172,0.12081471
test_11173,0.3192543
test_11174,0.01
test_11175,0.44919398
test_11176,0.01
test_11177,0.05355348
test_11178,0.01
test_11179,0.99
test_11180,0.99
test_11181,0.036832597
test_11182,0.6608872
test_11183,0.11516815
test_11184,0.66076165
test_11185,0.99
test_11186,0.01
test_11187,0.99
test_11188,0.99
test_11189,0.3232949
test_11190,0.09995029
test_11191,0.99
test_11192,0.062277686
test_11193,0.01
test_11194,0.898569
test_11195,0.99
test_11196,0.714721
test_11197,0.58090615
test_11198,0.99
test_11199,0.23196664
test_11200,0.04440445
test_11201,0.74220717
test_11202,0.4108409
test_11203,0.9616902
test_11204,0.034563854
test_11205,0.01
test_11206,0.99
test_11207,0.012985198
test_11208,0.99
test_11209,0.037259687
test_11210,0.99
test_11211,0.01
test_11212,0.01
test_11213,0.22219922
test_11214,0.91139835
test_11215,0.88256705
test_11216,0.027142977
test_11217,0.99
test_11218,0.8960646
test_11219,0.4884951
test_11220,0.07995163
test_11221,0.013559285
test_11222,0.01
test_11223,0.07632085
test_11224,0.91504955
test_11225,0.19576329
test_11226,0.12945223
test_11227,0.99
test_11228,0.01
test_11229,0.9515065
test_11230,0.01
test_11231,0.21718875
test_11232,0.33274254
test_11233,0.6592811
test_11234,0.99
test_11235,0.35923684
test_11236,0.89277303
test_11237,0.5242963
test_11238,0.9503495
test_11239,0.01
test_11240,0.99
test_11241,0.7060317
test_11242,0.99
test_11243,0.5257545
test_11244,0.15139443
test_11245,0.24395281
test_11246,0.9377827
test_11247,0.9031743
test_11248,0.84209555
test_11249,0.22175828
test_11250,0.99
test_11251,0.1784131
test_11252,0.01
test_11253,0.084611505
test_11254,0.34295663
test_11255,0.3120667
test_11256,0.31843096
test_11257,0.85337454
test_11258,0.99
test_11259,0.85710454
test_11260,0.8861137
test_11261,0.02639537
test_11262,0.973342
test_11263,0.9516698
test_11264,0.08398124
test_11265,0.84455293
test_11266,0.01
test_11267,0.44551456
test_11268,0.06524231
test_11269,0.99
test_11270,0.9535685
test_11271,0.19812989
test_11272,0.99
test_11273,0.99
test_11274,0.74916065
test_11275,0.021678733
test_11276,0.02020844
test_11277,0.5750484
test_11278,0.01
test_11279,0.0737846
test_11280,0.029527754
test_11281,0.0706328
test_11282,0.94455373
test_11283,0.30339155
test_11284,0.14380413
test_11285,0.5424252
test_11286,0.01
test_11287,0.9792853
test_11288,0.35621178
test_11289,0.7109329
test_11290,0.99
test_11291,0.9034625
test_11292,0.99
test_11293,0.01
test_11294,0.97634923
test_11295,0.99
test_11296,0.01
test_11297,0.6101862
test_11298,0.017531546
test_11299,0.3032374
test_11300,0.8210844
test_11301,0.7036892
test_11302,0.01
test_11303,0.01
test_11304,0.15014367
test_11305,0.01
test_11306,0.99
test_11307,0.20632029
test_11308,0.9850113
test_11309,0.03168759
test_11310,0.99
test_11311,0.99
test_11312,0.76941705
test_11313,0.0120628625
test_11314,0.01
test_11315,0.90316033
test_11316,0.11729374
test_11317,0.8983392
test_11318,0.5258873
test_11319,0.7659012
test_11320,0.01
test_11321,0.01
test_11322,0.01
test_11323,0.97292554
test_11324,0.01
test_11325,0.99
test_11326,0.95804524
test_11327,0.99
test_11328,0.99
test_11329,0.01
test_11330,0.01
test_11331,0.03794171
test_11332,0.99
test_11333,0.1044523
test_11334,0.99
test_11335,0.99
test_11336,0.9717297
test_11337,0.92137337
test_11338,0.10116157
test_11339,0.015957758
test_11340,0.95659673
test_11341,0.98948413
test_11342,0.01
test_11343,0.48011392
test_11344,0.11784462
test_11345,0.01
test_11346,0.23816733
test_11347,0.86851233
test_11348,0.79572856
test_11349,0.32945552
test_11350,0.652245
test_11351,0.046717525
test_11352,0.2599768
test_11353,0.99
test_11354,0.01
test_11355,0.030452441
test_11356,0.8884102
test_11357,0.01
test_11358,0.01
test_11359,0.81402594
test_11360,0.99
test_11361,0.01
test_11362,0.9191446
test_11363,0.01
test_11364,0.99
test_11365,0.01
test_11366,0.75375843
test_11367,0.01
test_11368,0.21010238
test_11369,0.19872645
test_11370,0.16492668
test_11371,0.10861418
test_11372,0.22960444
test_11373,0.06206783
test_11374,0.020053655
test_11375,0.7165083
test_11376,0.13384789
test_11377,0.18267757
test_11378,0.025909783
test_11379,0.01
test_11380,0.039491635
test_11381,0.01
test_11382,0.8158658
test_11383,0.8676374
test_11384,0.71020997
test_11385,0.79385734
test_11386,0.99
test_11387,0.99
test_11388,0.01
test_11389,0.01
test_11390,0.62299615
test_11391,0.8387157
test_11392,0.04332393
test_11393,0.57395947
test_11394,0.15261503
test_11395,0.99
test_11396,0.052532945
test_11397,0.01
test_11398,0.57690096
test_11399,0.27971366
test_11400,0.01
test_11401,0.99
test_11402,0.9658807
test_11403,0.091715984
test_11404,0.99
test_11405,0.17108111
test_11406,0.54038095
test_11407,0.19292086
test_11408,0.64557725
test_11409,0.4330542
test_11410,0.9634271
test_11411,0.9810637
test_11412,0.99
test_11413,0.033059873
test_11414,0.66948843
test_11415,0.926297
test_11416,0.25567895
test_11417,0.99
test_11418,0.37532553
test_11419,0.9884013
test_11420,0.01
test_11421,0.99
test_11422,0.8792396
test_11423,0.93906707
test_11424,0.6980931
test_11425,0.038356468
test_11426,0.15970583
test_11427,0.5677512
test_11428,0.012180561
test_11429,0.01
test_11430,0.01
test_11431,0.97894543
test_11432,0.027190842
test_11433,0.01
test_11434,0.17559311
test_11435,0.99
test_11436,0.948585
test_11437,0.7005889
test_11438,0.01
test_11439,0.01
test_11440,0.01
test_11441,0.34274694
test_11442,0.01
test_11443,0.61626744
test_11444,0.99
test_11445,0.5111405
test_11446,0.01
test_11447,0.2577216
test_11448,0.01
test_11449,0.55631375
test_11450,0.91131014
test_11451,0.8471171
test_11452,0.9528744
test_11453,0.010593064
test_11454,0.08442513
test_11455,0.01
test_11456,0.30203605
test_11457,0.99
test_11458,0.7772753
test_11459,0.5153988
test_11460,0.0110065555
test_11461,0.9182011
test_11462,0.5611809
test_11463,0.2645478
test_11464,0.99
test_11465,0.91740257
test_11466,0.87404484
test_11467,0.01
test_11468,0.44402456
test_11469,0.01
test_11470,0.14090413
test_11471,0.7853337
test_11472,0.01
test_11473,0.05464775
test_11474,0.99
test_11475,0.01
test_11476,0.123192936
test_11477,0.99
test_11478,0.01
test_11479,0.34163868
test_11480,0.42358842
test_11481,0.03726592
test_11482,0.30232823
test_11483,0.99
test_11484,0.014493305
test_11485,0.99
test_11486,0.9882278
test_11487,0.55465055
test_11488,0.01
test_11489,0.1269045
test_11490,0.8946985
test_11491,0.72896284
test_11492,0.01
test_11493,0.99
test_11494,0.94658643
test_11495,0.01
test_11496,0.18888338
test_11497,0.99
test_11498,0.01
test_11499,0.03129998
test_11500,0.01
test_11501,0.10841073
test_11502,0.9232177
test_11503,0.38818306
test_11504,0.41718346
test_11505,0.013309209
test_11506,0.01
test_11507,0.04291852
test_11508,0.020353716
test_11509,0.01
test_11510,0.01
test_11511,0.9772794
test_11512,0.01
test_11513,0.9349476
test_11514,0.01
test_11515,0.01
test_11516,0.08758416
test_11517,0.01
test_11518,0.036404625
test_11519,0.6600171
test_11520,0.99
test_11521,0.13401254
test_11522,0.01
test_11523,0.2980963
test_11524,0.01
test_11525,0.02565105
test_11526,0.3977795
test_11527,0.91018313
test_11528,0.99
test_11529,0.99
test_11530,0.30294538
test_11531,0.99
test_11532,0.99
test_11533,0.72195274
test_11534,0.99
test_11535,0.8327008
test_11536,0.96536624
test_11537,0.93567574
test_11538,0.045098595
test_11539,0.13472734
test_11540,0.9687663
test_11541,0.055434633
test_11542,0.042821385
test_11543,0.01
test_11544,0.080411136
test_11545,0.99
test_11546,0.958576
test_11547,0.99
test_11548,0.23046422
test_11549,0.01
test_11550,0.01
test_11551,0.01
test_11552,0.21666338
test_11553,0.027189393
test_11554,0.843456
test_11555,0.12238799
test_11556,0.99
test_11557,0.99
test_11558,0.7907439
test_11559,0.01
test_11560,0.13553476
test_11561,0.01
test_11562,0.9577859
test_11563,0.01
test_11564,0.15260762
test_11565,0.99
test_11566,0.01
test_11567,0.44084895
test_11568,0.25510132
test_11569,0.99
test_11570,0.30314535
test_11571,0.74770284
test_11572,0.01
test_11573,0.5765463
test_11574,0.9077827
test_11575,0.943482
test_11576,0.75352025
test_11577,0.14743803
test_11578,0.99
test_11579,0.21510406
test_11580,0.026925044
test_11581,0.12337811
test_11582,0.01
test_11583,0.9609741
test_11584,0.31013352
test_11585,0.021702698
test_11586,0.8189046
test_11587,0.79115224
test_11588,0.07431939
test_11589,0.9862168
test_11590,0.99
test_11591,0.92223734
test_11592,0.99
test_11593,0.20639797
test_11594,0.9597945
test_11595,0.01
test_11596,0.99
test_11597,0.08862518
test_11598,0.01
test_11599,0.9813633
test_11600,0.18896897
test_11601,0.9778881
test_11602,0.177585
test_11603,0.122370996
test_11604,0.99
test_11605,0.99
test_11606,0.01
test_11607,0.9671103
test_11608,0.029822428
test_11609,0.99
test_11610,0.01
test_11611,0.99
test_11612,0.64023304
test_11613,0.6876189
test_11614,0.013755168
test_11615,0.99
test_11616,0.015780339
test_11617,0.87733555
test_11618,0.3124034
test_11619,0.04321983
test_11620,0.45544022
test_11621,0.01
test_11622,0.01
test_11623,0.01
test_11624,0.06891694
test_11625,0.61317426
test_11626,0.86854804
test_11627,0.99
test_11628,0.07762902
test_11629,0.99
test_11630,0.5420601
test_11631,0.95274854
test_11632,0.18308458
test_11633,0.99
test_11634,0.01
test_11635,0.014580159
test_11636,0.99
test_11637,0.98176104
test_11638,0.30899993
test_11639,0.01
test_11640,0.99
test_11641,0.96166116
test_11642,0.97529364
test_11643,0.99
test_11644,0.01106762
test_11645,0.01
test_11646,0.5014817
test_11647,0.01
test_11648,0.99
test_11649,0.01
test_11650,0.99
test_11651,0.01
test_11652,0.01
test_11653,0.01
test_11654,0.98718053
test_11655,0.023510505
test_11656,0.99
test_11657,0.01
test_11658,0.20431642
test_11659,0.01
test_11660,0.16777779
test_11661,0.022543665
test_11662,0.41454285
test_11663,0.5321606
test_11664,0.49684206
test_11665,0.01
test_11666,0.91951
test_11667,0.01
test_11668,0.5134269
test_11669,0.81583065
test_11670,0.01
test_11671,0.33386862
test_11672,0.99
test_11673,0.78029686
test_11674,0.01
test_11675,0.039496772
test_11676,0.9697496
test_11677,0.5212668
test_11678,0.01
test_11679,0.99
test_11680,0.08705138
test_11681,0.019487426
test_11682,0.43211976
test_11683,0.5748893
test_11684,0.99
test_11685,0.9735004
test_11686,0.99
test_11687,0.099297486
test_11688,0.019481922
test_11689,0.01
test_11690,0.9542126
test_11691,0.681604
test_11692,0.01
test_11693,0.70381945
test_11694,0.01
test_11695,0.99
test_11696,0.06949956
test_11697,0.01
test_11698,0.01
test_11699,0.29206508
test_11700,0.024586773
test_11701,0.01
test_11702,0.01
test_11703,0.6733513
test_11704,0.01
test_11705,0.99
test_11706,0.99
test_11707,0.01
test_11708,0.24096033
test_11709,0.99
test_11710,0.733496
test_11711,0.99
test_11712,0.04019643
test_11713,0.9801918
test_11714,0.9861204
test_11715,0.99
test_11716,0.67996913
test_11717,0.01
test_11718,0.35331303
test_11719,0.9678927
test_11720,0.99
test_11721,0.5202295
test_11722,0.99
test_11723,0.99
test_11724,0.99
test_11725,0.37757438
test_11726,0.01
test_11727,0.99
test_11728,0.97544587
test_11729,0.98960286
test_11730,0.6932044
test_11731,0.4739452
test_11732,0.3456992
test_11733,0.99
test_11734,0.01
test_11735,0.89454156
test_11736,0.01
test_11737,0.7191467
test_11738,0.97675496
test_11739,0.5650134
test_11740,0.37477174
test_11741,0.3991598
test_11742,0.016696388
test_11743,0.01
test_11744,0.024717592
test_11745,0.72870004
test_11746,0.8443499
test_11747,0.4916072
test_11748,0.01
test_11749,0.99
test_11750,0.6948091
test_11751,0.99
test_11752,0.41768405
test_11753,0.989189
test_11754,0.26127002
test_11755,0.99
test_11756,0.55638176
test_11757,0.01
test_11758,0.024530368
test_11759,0.15133475
test_11760,0.99
test_11761,0.56563073
test_11762,0.23803899
test_11763,0.7864456
test_11764,0.97724473
test_11765,0.73357236
test_11766,0.027849177
test_11767,0.9646733
test_11768,0.01
test_11769,0.9885405
test_11770,0.42737535
test_11771,0.99
test_11772,0.84794426
test_11773,0.80287904
test_11774,0.01
test_11775,0.99
test_11776,0.58774865
test_11777,0.99
test_11778,0.99
test_11779,0.99
test_11780,0.9407703
test_11781,0.39142385
test_11782,0.01
test_11783,0.012958049
test_11784,0.456535
test_11785,0.7455769
test_11786,0.5738351
test_11787,0.01
test_11788,0.01
test_11789,0.03721784
test_11790,0.01
test_11791,0.07376006
test_11792,0.15978374
test_11793,0.99
test_11794,0.99
test_11795,0.91631025
test_11796,0.9211492
test_11797,0.96564853
test_11798,0.43314204
test_11799,0.72562975
test_11800,0.01
test_11801,0.98059
test_11802,0.02034929
test_11803,0.01
test_11804,0.01
test_11805,0.01
test_11806,0.10821329
test_11807,0.98599863
test_11808,0.63015306
test_11809,0.9401403
test_11810,0.99
test_11811,0.8416407
test_11812,0.47264183
test_11813,0.074008
test_11814,0.42724487
test_11815,0.5464397
test_11816,0.99
test_11817,0.1860557
test_11818,0.59504974
test_11819,0.99
test_11820,0.7854322
test_11821,0.9847403
test_11822,0.5183563
test_11823,0.99
test_11824,0.46431726
test_11825,0.43409634
test_11826,0.01
test_11827,0.99
test_11828,0.082851455
test_11829,0.01
test_11830,0.99
test_11831,0.01
test_11832,0.01
test_11833,0.54558223
test_11834,0.99
test_11835,0.14721756
test_11836,0.08639281
test_11837,0.99
test_11838,0.01
test_11839,0.01
test_11840,0.036448926
test_11841,0.38394287
test_11842,0.08865977
test_11843,0.9894637
test_11844,0.016638197
test_11845,0.9720454
test_11846,0.07826516
test_11847,0.67943907
test_11848,0.99
test_11849,0.19541337
test_11850,0.99
test_11851,0.01
test_11852,0.98264897
test_11853,0.030320002
test_11854,0.6922298
test_11855,0.82276964
test_11856,0.19475874
test_11857,0.01
test_11858,0.99
test_11859,0.042504482
test_11860,0.12214366
test_11861,0.01
test_11862,0.01
test_11863,0.0642761
test_11864,0.9787975
test_11865,0.57374114
test_11866,0.43891883
test_11867,0.014367317
test_11868,0.01
test_11869,0.99
test_11870,0.01
test_11871,0.50360775
test_11872,0.99
test_11873,0.01
test_11874,0.99
test_11875,0.99
test_11876,0.8629259
test_11877,0.88450164
test_11878,0.01
test_11879,0.01
test_11880,0.09137961
test_11881,0.9732493
test_11882,0.28796238
test_11883,0.01
test_11884,0.99
test_11885,0.99
test_11886,0.03785327
test_11887,0.99
test_11888,0.7308063
test_11889,0.8421057
test_11890,0.01
test_11891,0.01
test_11892,0.802782
test_11893,0.2610277
test_11894,0.99
test_11895,0.01
test_11896,0.99
test_11897,0.958954
test_11898,0.26971143
test_11899,0.99
test_11900,0.8314433
test_11901,0.8301167
test_11902,0.37763387
test_11903,0.033948947
test_11904,0.6828987
test_11905,0.95142484
test_11906,0.01
test_11907,0.98692375
test_11908,0.01
test_11909,0.99
test_11910,0.5438279
test_11911,0.5609086
test_11912,0.01
test_11913,0.9123417
test_11914,0.14208733
test_11915,0.46488613
test_11916,0.20327675
test_11917,0.027079763
test_11918,0.99
test_11919,0.6772162
test_11920,0.9583987
test_11921,0.9481802
test_11922,0.3284272
test_11923,0.9826775
test_11924,0.97835314
test_11925,0.98746777
test_11926,0.87504476
test_11927,0.99
test_11928,0.01
test_11929,0.601766
test_11930,0.18672188
test_11931,0.7669172
test_11932,0.37066367
test_11933,0.033160232
test_11934,0.7813399
test_11935,0.99
test_11936,0.95666087
test_11937,0.01
test_11938,0.1000675
test_11939,0.08064182
test_11940,0.01
test_11941,0.01
test_11942,0.9681902
test_11943,0.051285803
test_11944,0.01
test_11945,0.99
test_11946,0.086812004
test_11947,0.99
test_11948,0.942554
test_11949,0.99
test_11950,0.01
test_11951,0.11278307
test_11952,0.14653528
test_11953,0.51589733
test_11954,0.160608
test_11955,0.99
test_11956,0.12733614
test_11957,0.6635057
test_11958,0.13273121
test_11959,0.85847294
test_11960,0.01
test_11961,0.17498332
test_11962,0.01
test_11963,0.99
test_11964,0.01
test_11965,0.79685825
test_11966,0.23220587
test_11967,0.01
test_11968,0.2605756
test_11969,0.9685434
test_11970,0.6049935
test_11971,0.46784803
test_11972,0.99
test_11973,0.42547232
test_11974,0.97644955
test_11975,0.99
test_11976,0.51478463
test_11977,0.3604456
test_11978,0.8220645
test_11979,0.053460214
test_11980,0.99
test_11981,0.01
test_11982,0.99
test_11983,0.6668465
test_11984,0.11186061
test_11985,0.41401124
test_11986,0.92868817
test_11987,0.95824873
test_11988,0.99
test_11989,0.644732
test_11990,0.99
test_11991,0.26785514
test_11992,0.2606737
test_11993,0.99
test_11994,0.05867883
test_11995,0.99
test_11996,0.96156377
test_11997,0.9423056
test_11998,0.40675136
test_11999,0.06660277
test_12000,0.032774
test_12001,0.01
test_12002,0.01
test_12003,0.8119728
test_12004,0.2685162
test_12005,0.01
test_12006,0.01
test_12007,0.70767206
test_12008,0.6870128
test_12009,0.988861
test_12010,0.01
test_12011,0.99
test_12012,0.30387
test_12013,0.01
test_12014,0.01
test_12015,0.9739352
test_12016,0.030161118
test_12017,0.770814
test_12018,0.99
test_12019,0.99
test_12020,0.01
test_12021,0.4366103
test_12022,0.7821603
test_12023,0.44445494
test_12024,0.018176123
test_12025,0.8874613
test_12026,0.04590895
test_12027,0.99
test_12028,0.051670846
test_12029,0.68095994
test_12030,0.120970175
test_12031,0.6556825
test_12032,0.01
test_12033,0.99
test_12034,0.99
test_12035,0.45029768
test_12036,0.036689535
test_12037,0.010400111
test_12038,0.58267796
test_12039,0.010616138
test_12040,0.99
test_12041,0.95024264
test_12042,0.6372061
test_12043,0.8642503
test_12044,0.062220722
test_12045,0.020937115
test_12046,0.99
test_12047,0.01
test_12048,0.6768333
test_12049,0.025383081
test_12050,0.68339264
test_12051,0.99
test_12052,0.01
test_12053,0.9437287
test_12054,0.46930274
test_12055,0.99
test_12056,0.22139388
test_12057,0.01
test_12058,0.034448933
test_12059,0.99
test_12060,0.29643098
test_12061,0.01744587
test_12062,0.01
test_12063,0.20202546
test_12064,0.99
test_12065,0.01
test_12066,0.37697753
test_12067,0.9886567
test_12068,0.01
test_12069,0.98604286
test_12070,0.46813843
test_12071,0.99
test_12072,0.01
test_12073,0.24875118
test_12074,0.024862193
test_12075,0.99
test_12076,0.32220548
test_12077,0.01
test_12078,0.99
test_12079,0.01
test_12080,0.01
test_12081,0.97384036
test_12082,0.015708316
test_12083,0.01
test_12084,0.99
test_12085,0.94118863
test_12086,0.99
test_12087,0.99
test_12088,0.99
test_12089,0.01
test_12090,0.32147738
test_12091,0.019478058
test_12092,0.97900385
test_12093,0.99
test_12094,0.97653586
test_12095,0.99
test_12096,0.38458365
test_12097,0.28233188
test_12098,0.042738166
test_12099,0.92883646
test_12100,0.442584
test_12101,0.9399235
test_12102,0.0101526845
test_12103,0.01
test_12104,0.024108464
test_12105,0.01
test_12106,0.99
test_12107,0.99
test_12108,0.99
test_12109,0.25241607
test_12110,0.01
test_12111,0.99
test_12112,0.01
test_12113,0.10975641
test_12114,0.9489742
test_12115,0.35906154
test_12116,0.01
test_12117,0.03130918
test_12118,0.97949094
test_12119,0.8404645
test_12120,0.95953655
test_12121,0.01
test_12122,0.32559657
test_12123,0.35009196
test_12124,0.99
test_12125,0.34321398
test_12126,0.9722468
test_12127,0.9518502
test_12128,0.91440773
test_12129,0.026760053
test_12130,0.5180123
test_12131,0.95473063
test_12132,0.01
test_12133,0.99
test_12134,0.99
test_12135,0.022971835
test_12136,0.9608695
test_12137,0.01
test_12138,0.99
test_12139,0.4667772
test_12140,0.108698316
test_12141,0.0143125765
test_12142,0.048197962
test_12143,0.7442985
test_12144,0.025585469
test_12145,0.01
test_12146,0.61716837
test_12147,0.01
test_12148,0.096550584
test_12149,0.99
test_12150,0.01
test_12151,0.44436562
test_12152,0.4303885
test_12153,0.018770084
test_12154,0.99
test_12155,0.20143928
test_12156,0.01
test_12157,0.15871428
test_12158,0.112713166
test_12159,0.88831383
test_12160,0.21385898
test_12161,0.99
test_12162,0.6978839
test_12163,0.409393
test_12164,0.06311207
test_12165,0.15212706
test_12166,0.99
test_12167,0.99
test_12168,0.01
test_12169,0.99
test_12170,0.01
test_12171,0.21539032
test_12172,0.99
test_12173,0.99
test_12174,0.99
test_12175,0.99
test_12176,0.01
test_12177,0.49970764
test_12178,0.01
test_12179,0.08129059
test_12180,0.9872306
test_12181,0.99
test_12182,0.41490173
test_12183,0.10119874
test_12184,0.8578662
test_12185,0.99
test_12186,0.7917938
test_12187,0.01
test_12188,0.01
test_12189,0.94654804
test_12190,0.99
test_12191,0.038041305
test_12192,0.8934157
test_12193,0.99
test_12194,0.2684437
test_12195,0.01
test_12196,0.14102301
test_12197,0.01
test_12198,0.24089386
test_12199,0.77703816
test_12200,0.7362813
test_12201,0.01
test_12202,0.24913049
test_12203,0.40666172
test_12204,0.018335216
test_12205,0.9656316
test_12206,0.011962191
test_12207,0.01
test_12208,0.05357621
test_12209,0.99
test_12210,0.01
test_12211,0.032801114
test_12212,0.99
test_12213,0.01
test_12214,0.99
test_12215,0.21273872
test_12216,0.90843
test_12217,0.039517418
test_12218,0.01
test_12219,0.0169362
test_12220,0.099487856
test_12221,0.41494152
test_12222,0.01
test_12223,0.01
test_12224,0.31259185
test_12225,0.014489022
test_12226,0.01
test_12227,0.40109476
test_12228,0.99
test_12229,0.023537645
test_12230,0.72520375
test_12231,0.15695411
test_12232,0.01
test_12233,0.7780282
test_12234,0.7262259
test_12235,0.8146266
test_12236,0.01
test_12237,0.9424966
test_12238,0.99
test_12239,0.97454244
test_12240,0.30352247
test_12241,0.6249623
test_12242,0.90510017
test_12243,0.98612493
test_12244,0.01
test_12245,0.99
test_12246,0.99
test_12247,0.01
test_12248,0.045275122
test_12249,0.42037487
test_12250,0.97122765
test_12251,0.01458288
test_12252,0.26490414
test_12253,0.073846325
test_12254,0.9633438
test_12255,0.8746163
test_12256,0.7472542
test_12257,0.7975978
test_12258,0.01
test_12259,0.01
test_12260,0.99
test_12261,0.9740854
test_12262,0.7198751
test_12263,0.10376554
test_12264,0.24414508
test_12265,0.01
test_12266,0.99
test_12267,0.5362164
test_12268,0.01
test_12269,0.9819629
test_12270,0.89378446
test_12271,0.8825511
test_12272,0.01
test_12273,0.019498976
test_12274,0.99
test_12275,0.8798563
test_12276,0.103138044
test_12277,0.99
test_12278,0.42969036
test_12279,0.99
test_12280,0.044452976
test_12281,0.01
test_12282,0.01
test_12283,0.7794678
test_12284,0.95511293
test_12285,0.01
test_12286,0.41732416
test_12287,0.5015793
test_12288,0.99
test_12289,0.01
test_12290,0.99
test_12291,0.55448496
test_12292,0.9681824
test_12293,0.99
test_12294,0.23656745
test_12295,0.68995
test_12296,0.99
test_12297,0.054846086
test_12298,0.99
test_12299,0.17630784
test_12300,0.01
test_12301,0.32239974
test_12302,0.01
test_12303,0.9447022
test_12304,0.29837307
test_12305,0.99
test_12306,0.20542611
test_12307,0.98047763
test_12308,0.43681037
test_12309,0.99
test_12310,0.65566796
test_12311,0.040452324
test_12312,0.99
test_12313,0.01
test_12314,0.019806018
test_12315,0.99
test_12316,0.055581905
test_12317,0.01
test_12318,0.01
test_12319,0.98783445
test_12320,0.1701446
test_12321,0.9442656
test_12322,0.01
test_12323,0.01
test_12324,0.19737989
test_12325,0.99
test_12326,0.62016386
test_12327,0.99
test_12328,0.26493004
test_12329,0.2757823
test_12330,0.84215
test_12331,0.018752925
test_12332,0.6359624
test_12333,0.98608077
test_12334,0.01
test_12335,0.95981306
test_12336,0.01
test_12337,0.35481623
test_12338,0.01
test_12339,0.41598454
test_12340,0.97426015
test_12341,0.41440913
test_12342,0.046427626
test_12343,0.01
test_12344,0.10086069
test_12345,0.86255544
test_12346,0.99
test_12347,0.9709482
test_12348,0.044798303
test_12349,0.32846925
test_12350,0.99
test_12351,0.01
test_12352,0.99
test_12353,0.9472393
test_12354,0.98544437
test_12355,0.591479
test_12356,0.01
test_12357,0.74336344
test_12358,0.7273909
test_12359,0.99
test_12360,0.01948704
test_12361,0.01
test_12362,0.93626475
test_12363,0.96546
test_12364,0.01
test_12365,0.99
test_12366,0.5532726
test_12367,0.17255877
test_12368,0.91332424
test_12369,0.9763475
test_12370,0.01
test_12371,0.81507605
test_12372,0.99
test_12373,0.48566455
test_12374,0.95712173
test_12375,0.99
test_12376,0.01
test_12377,0.7868205
test_12378,0.016283663
test_12379,0.01
test_12380,0.01
test_12381,0.01
test_12382,0.09427674
test_12383,0.07401859
test_12384,0.7680809
test_12385,0.01
test_12386,0.99
test_12387,0.4558168
test_12388,0.044639774
test_12389,0.19355188
test_12390,0.99
test_12391,0.99
test_12392,0.042280562
test_12393,0.01
test_12394,0.8759425
test_12395,0.99
test_12396,0.7611103
test_12397,0.070998244
test_12398,0.66455764
test_12399,0.019577391
test_12400,0.99
test_12401,0.70256287
test_12402,0.75738347
test_12403,0.05473525
test_12404,0.01
test_12405,0.01
test_12406,0.3039023
test_12407,0.21630189
test_12408,0.99
test_12409,0.9716062
test_12410,0.05580344
test_12411,0.99
test_12412,0.065309614
test_12413,0.27560332
test_12414,0.2384353
test_12415,0.857703
test_12416,0.9594822
test_12417,0.074551925
test_12418,0.9589912
test_12419,0.90487766
test_12420,0.99
test_12421,0.01
test_12422,0.99
test_12423,0.01
test_12424,0.01
test_12425,0.71999174
test_12426,0.99
test_12427,0.34084496
test_12428,0.99
test_12429,0.9784576
test_12430,0.99
test_12431,0.06894367
test_12432,0.99
test_12433,0.29659402
test_12434,0.43353498
test_12435,0.01
test_12436,0.8204424
test_12437,0.14385122
test_12438,0.7567517
test_12439,0.01
test_12440,0.4011048
test_12441,0.99
test_12442,0.075233944
test_12443,0.017165853
test_12444,0.01
test_12445,0.97388136
test_12446,0.0137902275
test_12447,0.01
test_12448,0.01
test_12449,0.99
test_12450,0.97745436
test_12451,0.99
test_12452,0.9823444
test_12453,0.9793483
test_12454,0.99
test_12455,0.0113895675
test_12456,0.589993
test_12457,0.01
test_12458,0.99
test_12459,0.97124547
test_12460,0.029016586
test_12461,0.99
test_12462,0.21376118
test_12463,0.049634088
test_12464,0.05687249
test_12465,0.99
test_12466,0.60146207
test_12467,0.8978664
test_12468,0.4334708
test_12469,0.07741975
test_12470,0.07235502
test_12471,0.8971427
test_12472,0.01
test_12473,0.9073824
test_12474,0.01
test_12475,0.01
test_12476,0.99
test_12477,0.019525127
test_12478,0.67480874
test_12479,0.043358255
test_12480,0.06875345
test_12481,0.01
test_12482,0.01
test_12483,0.7618047
test_12484,0.99
test_12485,0.01
test_12486,0.08591157
test_12487,0.99
test_12488,0.029686315
test_12489,0.051381893
test_12490,0.01
test_12491,0.06111194
test_12492,0.4424733
test_12493,0.27620187
test_12494,0.23955296
test_12495,0.01
test_12496,0.7610174
test_12497,0.072511725
test_12498,0.15707342
test_12499,0.9443654
test_12500,0.01
test_12501,0.99
test_12502,0.01
test_12503,0.99
test_12504,0.99
test_12505,0.29954392
test_12506,0.99
test_12507,0.99
test_12508,0.99
test_12509,0.95676225
test_12510,0.99
test_12511,0.01
test_12512,0.01
test_12513,0.88096607
test_12514,0.43525705
test_12515,0.01
test_12516,0.45631894
test_12517,0.673074
test_12518,0.01
test_12519,0.7238939
test_12520,0.046564315
test_12521,0.1964924
test_12522,0.16084926
test_12523,0.01
test_12524,0.99
test_12525,0.01
test_12526,0.99
test_12527,0.01
test_12528,0.047978636
test_12529,0.010861898
test_12530,0.16160095
test_12531,0.01
test_12532,0.97939986
test_12533,0.99
test_12534,0.9857244
test_12535,0.048360467
test_12536,0.9103049
test_12537,0.01
test_12538,0.99
test_12539,0.021714095
test_12540,0.3966159
test_12541,0.41497737
test_12542,0.01
test_12543,0.1353304
test_12544,0.01
test_12545,0.95939463
test_12546,0.25779262
test_12547,0.01
test_12548,0.011139243
test_12549,0.36109695
test_12550,0.2996263
test_12551,0.01
test_12552,0.93628794
test_12553,0.4730583
test_12554,0.117170356
test_12555,0.99
test_12556,0.45464286
test_12557,0.526234
test_12558,0.9192403
test_12559,0.9784566
test_12560,0.99
test_12561,0.19760373
test_12562,0.6900534
test_12563,0.8178686
test_12564,0.04055903
test_12565,0.030533146
test_12566,0.99
test_12567,0.01
test_12568,0.01
test_12569,0.97016764
test_12570,0.99
test_12571,0.01
test_12572,0.62693954
test_12573,0.01
test_12574,0.01
test_12575,0.01
test_12576,0.7226401
test_12577,0.74862385
test_12578,0.44381052
test_12579,0.76596403
test_12580,0.01
test_12581,0.09048646
test_12582,0.01
test_12583,0.86198646
test_12584,0.926872
test_12585,0.99
test_12586,0.12180855
test_12587,0.01
test_12588,0.65448445
test_12589,0.01
test_12590,0.26556343
test_12591,0.98846847
test_12592,0.07296575
test_12593,0.01
test_12594,0.96230763
test_12595,0.031404506
test_12596,0.091349825
test_12597,0.77905303
test_12598,0.08236888
test_12599,0.01
test_12600,0.99
test_12601,0.1177995
test_12602,0.99
test_12603,0.9580758
test_12604,0.01
test_12605,0.21698134
test_12606,0.083944894
test_12607,0.9891178
test_12608,0.03600483
test_12609,0.9784638
test_12610,0.66877115
test_12611,0.01
test_12612,0.17119728
test_12613,0.98227763
test_12614,0.99
test_12615,0.01
test_12616,0.98424536
test_12617,0.01
test_12618,0.01
test_12619,0.99
test_12620,0.089214824
test_12621,0.01
test_12622,0.01
test_12623,0.49376413
test_12624,0.1477639
test_12625,0.99
test_12626,0.01
test_12627,0.9589911
test_12628,0.99
test_12629,0.99
test_12630,0.01
test_12631,0.99
test_12632,0.05983295
test_12633,0.01
test_12634,0.11619732
test_12635,0.01
test_12636,0.95829916
test_12637,0.030867795
test_12638,0.01
test_12639,0.8854186
test_12640,0.104630135
test_12641,0.01
test_12642,0.9786518
test_12643,0.99
test_12644,0.18319455
test_12645,0.9459328
test_12646,0.99
test_12647,0.01
test_12648,0.01
test_12649,0.5649478
test_12650,0.99
test_12651,0.99
test_12652,0.40364996
test_12653,0.99
test_12654,0.01
test_12655,0.01
test_12656,0.2122779
test_12657,0.99
test_12658,0.15100898
test_12659,0.41867036
test_12660,0.99
test_12661,0.62784433
test_12662,0.8055041
test_12663,0.01
test_12664,0.031442445
test_12665,0.99
test_12666,0.040516615
test_12667,0.99
test_12668,0.67054653
test_12669,0.01
test_12670,0.99
test_12671,0.8551618
test_12672,0.066202015
test_12673,0.051662028
test_12674,0.018832644
test_12675,0.01
test_12676,0.99
test_12677,0.99
test_12678,0.043165658
test_12679,0.98468417
test_12680,0.16004208
test_12681,0.01
test_12682,0.94093525
test_12683,0.9111293
test_12684,0.99
test_12685,0.01
test_12686,0.01
test_12687,0.9839759
test_12688,0.99
test_12689,0.79669356
test_12690,0.069726616
test_12691,0.10416972
test_12692,0.16609147
test_12693,0.26855624
test_12694,0.01
test_12695,0.16092473
test_12696,0.9611376
test_12697,0.020831386
test_12698,0.6144265
test_12699,0.01
test_12700,0.01
test_12701,0.8376731
test_12702,0.01
test_12703,0.43431956
test_12704,0.99
test_12705,0.99
test_12706,0.116044804
test_12707,0.06529733
test_12708,0.99
test_12709,0.9647652
test_12710,0.8493698
test_12711,0.01
test_12712,0.30053422
test_12713,0.6878741
test_12714,0.13382548
test_12715,0.3272302
test_12716,0.01
test_12717,0.99
test_12718,0.055398844
test_12719,0.46406153
test_12720,0.06678979
test_12721,0.43481597
test_12722,0.08103601
test_12723,0.76903045
test_12724,0.01
test_12725,0.99
test_12726,0.06035349
test_12727,0.0998374
test_12728,0.8878771
test_12729,0.7275748
test_12730,0.115845986
test_12731,0.9670602
test_12732,0.118440606
test_12733,0.9222748
test_12734,0.99
test_12735,0.99
test_12736,0.25794235
test_12737,0.9473993
test_12738,0.049518485
test_12739,0.99
test_12740,0.74652916
test_12741,0.36413878
test_12742,0.97888184
test_12743,0.021294348
test_12744,0.01
test_12745,0.21500947
test_12746,0.597124
test_12747,0.8403797
test_12748,0.015106176
test_12749,0.2814369
test_12750,0.0366761
test_12751,0.27340758
test_12752,0.99
test_12753,0.59561044
test_12754,0.037083328
test_12755,0.4548048
test_12756,0.99
test_12757,0.2892958
test_12758,0.01
test_12759,0.01
test_12760,0.99
test_12761,0.15934016
test_12762,0.45472187
test_12763,0.021721005
test_12764,0.01
test_12765,0.8802753
test_12766,0.01
test_12767,0.15181385
test_12768,0.99
test_12769,0.6234091
test_12770,0.01
test_12771,0.01
test_12772,0.37164956
test_12773,0.116380505
test_12774,0.026800966
test_12775,0.014595932
test_12776,0.07922933
test_12777,0.01
test_12778,0.9273783
test_12779,0.99
test_12780,0.01
test_12781,0.98251694
test_12782,0.01
test_12783,0.15981364
test_12784,0.01
test_12785,0.01
test_12786,0.6485961
test_12787,0.92681664
test_12788,0.07830279
test_12789,0.033480506
test_12790,0.01
test_12791,0.1629992
test_12792,0.012340272
test_12793,0.99
test_12794,0.0447135
test_12795,0.99
test_12796,0.99
test_12797,0.99
test_12798,0.921545
test_12799,0.99
test_12800,0.19030038
test_12801,0.99
test_12802,0.19035676
test_12803,0.99
test_12804,0.99
test_12805,0.9191517
test_12806,0.19004397
test_12807,0.91334945
test_12808,0.073601425
test_12809,0.16965394
test_12810,0.7354098
test_12811,0.48300874
test_12812,0.7754453
test_12813,0.99
test_12814,0.9044568
test_12815,0.013688763
test_12816,0.9879753
test_12817,0.01
test_12818,0.01
test_12819,0.01
test_12820,0.99
test_12821,0.01
test_12822,0.01
test_12823,0.99
test_12824,0.01
test_12825,0.01
test_12826,0.01
test_12827,0.09491494
test_12828,0.016241508
test_12829,0.91462445
test_12830,0.019154457
test_12831,0.29841167
test_12832,0.99
test_12833,0.99
test_12834,0.4104743
test_12835,0.089970544
test_12836,0.12641448
test_12837,0.99
test_12838,0.99
test_12839,0.9386025
test_12840,0.01
test_12841,0.01
test_12842,0.70972174
test_12843,0.99
test_12844,0.89701104
test_12845,0.42712802
test_12846,0.027571676
test_12847,0.9631334
test_12848,0.198558
test_12849,0.6227741
test_12850,0.34622723
test_12851,0.01
test_12852,0.5150159
test_12853,0.098181404
test_12854,0.07588269
test_12855,0.33933058
test_12856,0.99
test_12857,0.99
test_12858,0.01
test_12859,0.557914
test_12860,0.55186033
test_12861,0.01
test_12862,0.010751916
test_12863,0.01
test_12864,0.6544168
test_12865,0.7865494
test_12866,0.82436657
test_12867,0.89649534
test_12868,0.4025253
test_12869,0.16546969
test_12870,0.7283471
test_12871,0.29304957
test_12872,0.09988333
test_12873,0.99
test_12874,0.99
test_12875,0.01
test_12876,0.99
test_12877,0.01
test_12878,0.99
test_12879,0.01
test_12880,0.01
test_12881,0.04083759
test_12882,0.9824385
test_12883,0.59191054
test_12884,0.4601057
test_12885,0.01
test_12886,0.01
test_12887,0.4403363
test_12888,0.465213
test_12889,0.95677847
test_12890,0.99
test_12891,0.9088033
test_12892,0.01
test_12893,0.13409828
test_12894,0.6115275
test_12895,0.93943334
test_12896,0.99
test_12897,0.9521096
test_12898,0.99
test_12899,0.01
test_12900,0.1559743
test_12901,0.8671206
test_12902,0.98105705
test_12903,0.2111046
test_12904,0.8635609
test_12905,0.99
test_12906,0.027163912
test_12907,0.9324148
test_12908,0.6226933
test_12909,0.45516416
test_12910,0.032180604
test_12911,0.99
test_12912,0.99
test_12913,0.01
test_12914,0.01
test_12915,0.99
test_12916,0.99
test_12917,0.6902041
test_12918,0.01
test_12919,0.99
test_12920,0.05067081
test_12921,0.012989507
test_12922,0.01
test_12923,0.9547367
test_12924,0.019500459
test_12925,0.99
test_12926,0.694926
test_12927,0.9861267
test_12928,0.01
test_12929,0.99
test_12930,0.9253874
test_12931,0.7592971
test_12932,0.01
test_12933,0.99
test_12934,0.99
test_12935,0.5781576
test_12936,0.01
test_12937,0.12068345
test_12938,0.47364455
test_12939,0.7991832
test_12940,0.01
test_12941,0.055291537
test_12942,0.17665303
test_12943,0.017174777
test_12944,0.9160421
test_12945,0.6357901
test_12946,0.99
test_12947,0.9113934
test_12948,0.01
test_12949,0.01
test_12950,0.9784167
test_12951,0.9145327
test_12952,0.34483
test_12953,0.99
test_12954,0.01
test_12955,0.51074713
test_12956,0.99
test_12957,0.01
test_12958,0.01
test_12959,0.7073562
test_12960,0.9426042
test_12961,0.01
test_12962,0.022945
test_12963,0.7304195
test_12964,0.01
test_12965,0.4538123
test_12966,0.3512668
test_12967,0.01
test_12968,0.82639605
test_12969,0.01
test_12970,0.19964303
test_12971,0.01
test_12972,0.037540875
test_12973,0.01
test_12974,0.01
test_12975,0.028848382
test_12976,0.067851804
test_12977,0.027155686
test_12978,0.21275388
test_12979,0.99
test_12980,0.01
test_12981,0.99
test_12982,0.99
test_12983,0.01
test_12984,0.9891867
test_12985,0.01
test_12986,0.8556312
test_12987,0.16080794
test_12988,0.058263894
test_12989,0.99
test_12990,0.3365867
test_12991,0.013855984
test_12992,0.017503036
test_12993,0.99
test_12994,0.91668385
test_12995,0.98436755
test_12996,0.12172959
test_12997,0.013819298
test_12998,0.17845298
test_12999,0.57979983
test_13000,0.01
test_13001,0.99
test_13002,0.036190506
test_13003,0.99
test_13004,0.7110056
test_13005,0.065777816
test_13006,0.029998979
test_13007,0.025197247
test_13008,0.87670666
test_13009,0.93617207
test_13010,0.95803434
test_13011,0.6212447
test_13012,0.9188143
test_13013,0.697254
test_13014,0.01916844
test_13015,0.25014785
test_13016,0.01
test_13017,0.39786154
test_13018,0.01
test_13019,0.9855989
test_13020,0.01
test_13021,0.3306421
test_13022,0.99
test_13023,0.67997557
test_13024,0.9693992
test_13025,0.99
test_13026,0.99
test_13027,0.98940337
test_13028,0.01
test_13029,0.038705066
test_13030,0.14796229
test_13031,0.99
test_13032,0.99
test_13033,0.7610871
test_13034,0.09122168
test_13035,0.015436692
test_13036,0.9593154
test_13037,0.99
test_13038,0.43607476
test_13039,0.99
test_13040,0.9435922
test_13041,0.8750878
test_13042,0.06027954
test_13043,0.27545115
test_13044,0.106170066
test_13045,0.053221785
test_13046,0.95924807
test_13047,0.03136128
test_13048,0.7833454
test_13049,0.8975987
test_13050,0.01
test_13051,0.029313054
test_13052,0.09820826
test_13053,0.968696
test_13054,0.01
test_13055,0.7611675
test_13056,0.99
test_13057,0.05220334
test_13058,0.01
test_13059,0.99
test_13060,0.5924504
test_13061,0.95988226
test_13062,0.99
test_13063,0.014745175
test_13064,0.01
test_13065,0.30417293
test_13066,0.9299783
test_13067,0.3218178
test_13068,0.86679566
test_13069,0.84734255
test_13070,0.75191945
test_13071,0.0100301
test_13072,0.99
test_13073,0.31963837
test_13074,0.96623147
test_13075,0.01
test_13076,0.12265381
test_13077,0.8865352
test_13078,0.105859905
test_13079,0.9858311
test_13080,0.01
test_13081,0.08504759
test_13082,0.8361412
test_13083,0.9426811
test_13084,0.99
test_13085,0.6458036
test_13086,0.99
test_13087,0.041260235
test_13088,0.99
test_13089,0.58733076
test_13090,0.7618356
test_13091,0.6062241
test_13092,0.99
test_13093,0.22908919
test_13094,0.99
test_13095,0.99
test_13096,0.4535731
test_13097,0.01
test_13098,0.03700655
test_13099,0.0103984475
test_13100,0.78246635
test_13101,0.06370356
test_13102,0.053116262
test_13103,0.01
test_13104,0.01
test_13105,0.9864575
test_13106,0.7798672
test_13107,0.01
test_13108,0.01
test_13109,0.01
test_13110,0.99
test_13111,0.99
test_13112,0.018899752
test_13113,0.01
test_13114,0.048771884
test_13115,0.43969017
test_13116,0.9095146
test_13117,0.011909915
test_13118,0.21087845
test_13119,0.11899742
test_13120,0.01
test_13121,0.01
test_13122,0.01
test_13123,0.4472888
test_13124,0.9854726
test_13125,0.9325493
test_13126,0.99
test_13127,0.485458
test_13128,0.1479305
test_13129,0.6587253
test_13130,0.92097706
test_13131,0.8222265
test_13132,0.5091556
test_13133,0.99
test_13134,0.01
test_13135,0.01
test_13136,0.01934281
test_13137,0.99
test_13138,0.19141002
test_13139,0.6645837
test_13140,0.9556716
test_13141,0.94000065
test_13142,0.01
test_13143,0.99
test_13144,0.016478017
test_13145,0.018647997
test_13146,0.98063356
test_13147,0.01
test_13148,0.09132958
test_13149,0.554847
test_13150,0.07475865
test_13151,0.99
test_13152,0.01
test_13153,0.99
test_13154,0.01
test_13155,0.99
test_13156,0.8973353
test_13157,0.99
test_13158,0.84081715
test_13159,0.99
test_13160,0.6362936
test_13161,0.9665091
test_13162,0.87676495
test_13163,0.9717969
test_13164,0.50359315
test_13165,0.027419182
test_13166,0.63303846
test_13167,0.01
test_13168,0.8425062
test_13169,0.96963567
test_13170,0.6975458
test_13171,0.01
test_13172,0.99
test_13173,0.01
test_13174,0.9864395
test_13175,0.15440114
test_13176,0.5865866
test_13177,0.01
test_13178,0.80996984
test_13179,0.01
test_13180,0.05232933
test_13181,0.29544744
test_13182,0.99
test_13183,0.99
test_13184,0.021229118
test_13185,0.92126584
test_13186,0.99
test_13187,0.7680106
test_13188,0.125601
test_13189,0.023701742
test_13190,0.6141174
test_13191,0.01
test_13192,0.99
test_13193,0.4917772
test_13194,0.9796805
test_13195,0.99
test_13196,0.69562566
test_13197,0.12760752
test_13198,0.01
test_13199,0.69007903
test_13200,0.012286103
test_13201,0.019429307
test_13202,0.44686848
test_13203,0.081461914
test_13204,0.72326535
test_13205,0.06266261
test_13206,0.01
test_13207,0.99
test_13208,0.01
test_13209,0.01
test_13210,0.3307166
test_13211,0.989967
test_13212,0.3861499
test_13213,0.03741988
test_13214,0.99
test_13215,0.9495657
test_13216,0.99
test_13217,0.99
test_13218,0.5281741
test_13219,0.01
test_13220,0.9462532
test_13221,0.01
test_13222,0.9878079
test_13223,0.9854775
test_13224,0.99
test_13225,0.521597
test_13226,0.99
test_13227,0.99
test_13228,0.34652424
test_13229,0.01
test_13230,0.21544144
test_13231,0.10540399
test_13232,0.99
test_13233,0.01
test_13234,0.01
test_13235,0.01
test_13236,0.38694245
test_13237,0.01
test_13238,0.8693635
test_13239,0.85729873
test_13240,0.15877421
test_13241,0.122665405
test_13242,0.091091
test_13243,0.99
test_13244,0.9853463
test_13245,0.01
test_13246,0.20687158
test_13247,0.99
test_13248,0.93224937
test_13249,0.4442098
test_13250,0.99
test_13251,0.8805895
test_13252,0.029969847
test_13253,0.011415729
test_13254,0.7801152
test_13255,0.628647
test_13256,0.01
test_13257,0.01
test_13258,0.595872
test_13259,0.9407993
test_13260,0.9510793
test_13261,0.13212569
test_13262,0.01
test_13263,0.99
test_13264,0.86629033
test_13265,0.99
test_13266,0.97950566
test_13267,0.9612313
test_13268,0.01
test_13269,0.6612239
test_13270,0.8249416
test_13271,0.6828449
test_13272,0.61660564
test_13273,0.99
test_13274,0.052230954
test_13275,0.9746081
test_13276,0.9744626
test_13277,0.6534449
test_13278,0.18991026
test_13279,0.01
test_13280,0.01
test_13281,0.2653964
test_13282,0.01
test_13283,0.9528608
test_13284,0.95322686
test_13285,0.01
test_13286,0.01
test_13287,0.01
test_13288,0.15834042
test_13289,0.01
test_13290,0.981532
test_13291,0.99
test_13292,0.9843274
test_13293,0.7607871
test_13294,0.06756805
test_13295,0.30001593
test_13296,0.8677309
test_13297,0.01
test_13298,0.013328057
test_13299,0.99
test_13300,0.21115702
test_13301,0.020735249
test_13302,0.99
test_13303,0.015211111
test_13304,0.12922117
test_13305,0.04945861
test_13306,0.09305982
test_13307,0.01
test_13308,0.4959464
test_13309,0.99
test_13310,0.19480869
test_13311,0.94565976
test_13312,0.112328045
test_13313,0.017488334
test_13314,0.96908253
test_13315,0.99
test_13316,0.9874412
test_13317,0.99
test_13318,0.027018113
test_13319,0.8555938
test_13320,0.99
test_13321,0.9494451
test_13322,0.01
test_13323,0.99
test_13324,0.01
test_13325,0.01
test_13326,0.01
test_13327,0.956015
test_13328,0.82670826
test_13329,0.029519174
test_13330,0.01
test_13331,0.30775732
test_13332,0.01
test_13333,0.53831434
test_13334,0.13859782
test_13335,0.077339716
test_13336,0.16969912
test_13337,0.99
test_13338,0.01
test_13339,0.01
test_13340,0.01
test_13341,0.99
test_13342,0.70863783
test_13343,0.9660623
test_13344,0.6859728
test_13345,0.99
test_13346,0.01315512
test_13347,0.034819108
test_13348,0.99
test_13349,0.01
test_13350,0.01
test_13351,0.59591174
test_13352,0.89656955
test_13353,0.01
test_13354,0.99
test_13355,0.04168474
test_13356,0.99
test_13357,0.31137383
test_13358,0.99
test_13359,0.9751483
test_13360,0.9260306
test_13361,0.6767818
test_13362,0.62375546
test_13363,0.19402719
test_13364,0.98672754
test_13365,0.99
test_13366,0.080586314
test_13367,0.97809577
test_13368,0.9733689
test_13369,0.98322797
test_13370,0.95727134
test_13371,0.9887503
test_13372,0.10681372
test_13373,0.7720161
test_13374,0.42908394
test_13375,0.99
test_13376,0.9858861
test_13377,0.99
test_13378,0.017411182
test_13379,0.57896
test_13380,0.6214219
test_13381,0.01
test_13382,0.9406784
test_13383,0.35368407
test_13384,0.9396009
test_13385,0.99
test_13386,0.01808551
test_13387,0.41844788
test_13388,0.01
test_13389,0.01
test_13390,0.028795306
test_13391,0.94677347
test_13392,0.99
test_13393,0.01
test_13394,0.8577282
test_13395,0.8299017
test_13396,0.99
test_13397,0.8821222
test_13398,0.61680996
test_13399,0.9084115
test_13400,0.78632826
test_13401,0.80129504
test_13402,0.9034268
test_13403,0.01
test_13404,0.99
test_13405,0.99
test_13406,0.012428812
test_13407,0.60798925
test_13408,0.01
test_13409,0.26401436
test_13410,0.9028149
test_13411,0.12410396
test_13412,0.97259516
test_13413,0.05888788
test_13414,0.99
test_13415,0.99
test_13416,0.90073943
test_13417,0.01
test_13418,0.29121864
test_13419,0.6939045
test_13420,0.99
test_13421,0.11212083
test_13422,0.01
test_13423,0.015942305
test_13424,0.01
test_13425,0.022312913
test_13426,0.01
test_13427,0.99
test_13428,0.99
test_13429,0.99
test_13430,0.01
test_13431,0.99
test_13432,0.01
test_13433,0.01
test_13434,0.9757563
test_13435,0.5389374
test_13436,0.01
test_13437,0.01
test_13438,0.15487486
test_13439,0.70567495
test_13440,0.5943344
test_13441,0.956306
test_13442,0.99
test_13443,0.39600983
test_13444,0.01
test_13445,0.99
test_13446,0.90196306
test_13447,0.01
test_13448,0.022026805
test_13449,0.01
test_13450,0.17923091
test_13451,0.63013494
test_13452,0.01
test_13453,0.99
test_13454,0.01
test_13455,0.60720223
test_13456,0.99
test_13457,0.01
test_13458,0.25815845
test_13459,0.37858665
test_13460,0.9136226
test_13461,0.27705246
test_13462,0.30196944
test_13463,0.01
test_13464,0.01
test_13465,0.89294744
test_13466,0.99
test_13467,0.99
test_13468,0.47736233
test_13469,0.902506
test_13470,0.9788384
test_13471,0.9814198
test_13472,0.6912284
test_13473,0.99
test_13474,0.46751592
test_13475,0.8490562
test_13476,0.3275749
test_13477,0.99
test_13478,0.99
test_13479,0.6688861
test_13480,0.7818568
test_13481,0.8079587
test_13482,0.01
test_13483,0.17085129
test_13484,0.9762374
test_13485,0.95821303
test_13486,0.04539299
test_13487,0.01
test_13488,0.7438143
test_13489,0.92459816
test_13490,0.01
test_13491,0.023381423
test_13492,0.95664245
test_13493,0.016889447
test_13494,0.01
test_13495,0.33130258
test_13496,0.99
test_13497,0.01
test_13498,0.17446816
test_13499,0.01
test_13500,0.8533347
test_13501,0.01
test_13502,0.01
test_13503,0.06250349
test_13504,0.01
test_13505,0.01
test_13506,0.98429096
test_13507,0.01
test_13508,0.99
test_13509,0.1363454
test_13510,0.97242963
test_13511,0.024558347
test_13512,0.99
test_13513,0.01
test_13514,0.72640973
test_13515,0.5459893
test_13516,0.13338955
test_13517,0.15823375
test_13518,0.01
test_13519,0.99
test_13520,0.92559224
test_13521,0.99
test_13522,0.01
test_13523,0.99
test_13524,0.1380122
test_13525,0.99
test_13526,0.13608341
test_13527,0.47731283
test_13528,0.03361434
test_13529,0.7619366
test_13530,0.99
test_13531,0.8458001
test_13532,0.59920675
test_13533,0.99
test_13534,0.041444764
test_13535,0.99
test_13536,0.98064625
test_13537,0.23511255
test_13538,0.8142768
test_13539,0.01
test_13540,0.99
test_13541,0.99
test_13542,0.1329712
test_13543,0.01
test_13544,0.99
test_13545,0.3073046
test_13546,0.99
test_13547,0.99
test_13548,0.36749852
test_13549,0.01
test_13550,0.20176606
test_13551,0.98167646
test_13552,0.99
test_13553,0.99
test_13554,0.99
test_13555,0.7026861
test_13556,0.11644607
test_13557,0.98274326
test_13558,0.01
test_13559,0.011760185
test_13560,0.01
test_13561,0.95015794
test_13562,0.4960981
test_13563,0.99
test_13564,0.99
test_13565,0.99
test_13566,0.01
test_13567,0.7627301
test_13568,0.07060079
test_13569,0.5410863
test_13570,0.17618161
test_13571,0.14330845
test_13572,0.9863794
test_13573,0.99
test_13574,0.6934159
test_13575,0.7488891
test_13576,0.86233705
test_13577,0.01
test_13578,0.99
test_13579,0.13024502
test_13580,0.0633517
test_13581,0.99
test_13582,0.9826713
test_13583,0.01844854
test_13584,0.99
test_13585,0.99
test_13586,0.99
test_13587,0.043235723
test_13588,0.99
test_13589,0.99
test_13590,0.01
test_13591,0.2228093
test_13592,0.99
test_13593,0.99
test_13594,0.8664205
test_13595,0.01
test_13596,0.01
test_13597,0.01
test_13598,0.016683701
test_13599,0.99
test_13600,0.0803321
test_13601,0.86901546
test_13602,0.988536
test_13603,0.99
test_13604,0.9193933
test_13605,0.2712757
test_13606,0.99
test_13607,0.01
test_13608,0.03409612
test_13609,0.99
test_13610,0.99
test_13611,0.18480916
test_13612,0.98325956
test_13613,0.16139917
test_13614,0.15870388
test_13615,0.016811937
test_13616,0.01
test_13617,0.99
test_13618,0.18509081
test_13619,0.9552903
test_13620,0.17555204
test_13621,0.78882754
test_13622,0.99
test_13623,0.18673663
test_13624,0.01
test_13625,0.04221561
test_13626,0.13747647
test_13627,0.098938555
test_13628,0.01
test_13629,0.35025454
test_13630,0.2600698
test_13631,0.024544524
test_13632,0.99
test_13633,0.01
test_13634,0.99
test_13635,0.03997987
test_13636,0.99
test_13637,0.015382391
test_13638,0.99
test_13639,0.64224535
test_13640,0.8636083
test_13641,0.99
test_13642,0.010985368
test_13643,0.01
test_13644,0.04714387
test_13645,0.99
test_13646,0.9864355
test_13647,0.99
test_13648,0.40322945
test_13649,0.01
test_13650,0.01
test_13651,0.8030021
test_13652,0.044575352
test_13653,0.99
test_13654,0.04854657
test_13655,0.01
test_13656,0.503284
test_13657,0.01
test_13658,0.0629221
test_13659,0.96976817
test_13660,0.01
test_13661,0.05461451
test_13662,0.99
test_13663,0.01
test_13664,0.99
test_13665,0.01
test_13666,0.96690035
test_13667,0.99
test_13668,0.33265135
test_13669,0.19737807
test_13670,0.33781224
test_13671,0.36781222
test_13672,0.016884128
test_13673,0.019410202
test_13674,0.7339013
test_13675,0.58306324
test_13676,0.8005817
test_13677,0.941936
test_13678,0.01
test_13679,0.90443254
test_13680,0.05070193
test_13681,0.99
test_13682,0.22397311
test_13683,0.99
test_13684,0.01
test_13685,0.6064408
test_13686,0.01
test_13687,0.99
test_13688,0.99
test_13689,0.9684045
test_13690,0.01
test_13691,0.09084629
test_13692,0.1562187
test_13693,0.02028252
test_13694,0.01
test_13695,0.99
test_13696,0.99
test_13697,0.56286055
test_13698,0.5840315
test_13699,0.96472114
test_13700,0.9820156
test_13701,0.01
test_13702,0.99
test_13703,0.4689381
test_13704,0.15445876
test_13705,0.99
test_13706,0.01
test_13707,0.01
test_13708,0.02475682
test_13709,0.8679297
test_13710,0.05807643
test_13711,0.010861442
test_13712,0.99
test_13713,0.99
test_13714,0.75004196
test_13715,0.9213835
test_13716,0.024339817
test_13717,0.79091406
test_13718,0.99
test_13719,0.013639312
test_13720,0.8755279
test_13721,0.9400188
test_13722,0.28018478
test_13723,0.1646899
test_13724,0.92190456
test_13725,0.9525401
test_13726,0.01
test_13727,0.06642892
test_13728,0.01
test_13729,0.99
test_13730,0.01
test_13731,0.01
test_13732,0.99
test_13733,0.99
test_13734,0.01
test_13735,0.96491873
test_13736,0.10266001
test_13737,0.66612613
test_13738,0.98283017
test_13739,0.99
test_13740,0.98951703
test_13741,0.01
test_13742,0.01
test_13743,0.01
test_13744,0.49176827
test_13745,0.956208
test_13746,0.70677906
test_13747,0.01
test_13748,0.02365236
test_13749,0.40678212
test_13750,0.01
test_13751,0.6004179
test_13752,0.057655096
test_13753,0.99
test_13754,0.1902902
test_13755,0.66948026
test_13756,0.97010314
test_13757,0.38962567
test_13758,0.01
test_13759,0.33798507
test_13760,0.10140298
test_13761,0.6087403
test_13762,0.01
test_13763,0.99
test_13764,0.078309506
test_13765,0.99
test_13766,0.01
test_13767,0.99
test_13768,0.99
test_13769,0.99
test_13770,0.21291757
test_13771,0.9251911
test_13772,0.01
test_13773,0.94277996
test_13774,0.14975582
test_13775,0.01
test_13776,0.84655094
test_13777,0.1868391
test_13778,0.99
test_13779,0.8184171
test_13780,0.01
test_13781,0.7619462
test_13782,0.99
test_13783,0.030434454
test_13784,0.01
test_13785,0.99
test_13786,0.1918077
test_13787,0.9847632
test_13788,0.010220008
test_13789,0.7413839
test_13790,0.7193648
test_13791,0.03876227
test_13792,0.38767308
test_13793,0.01
test_13794,0.765028
test_13795,0.01
test_13796,0.99
test_13797,0.99
test_13798,0.01
test_13799,0.98194295
test_13800,0.05678547
test_13801,0.99
test_13802,0.38019413
test_13803,0.01
test_13804,0.018495722
test_13805,0.1894121
test_13806,0.9115679
test_13807,0.01
test_13808,0.6722021
test_13809,0.078642115
test_13810,0.99
test_13811,0.0127571095
test_13812,0.28367507
test_13813,0.76743305
test_13814,0.01
test_13815,0.99
test_13816,0.99
test_13817,0.834383
test_13818,0.031148266
test_13819,0.7941207
test_13820,0.8190635
test_13821,0.12089924
test_13822,0.9140243
test_13823,0.22355925
test_13824,0.01
test_13825,0.019013295
test_13826,0.07146777
test_13827,0.99
test_13828,0.8926997
test_13829,0.99
test_13830,0.98142105
test_13831,0.34417272
test_13832,0.24778593
test_13833,0.99
test_13834,0.9157375
test_13835,0.99
test_13836,0.63029057
test_13837,0.49130836
test_13838,0.06745548
test_13839,0.99
test_13840,0.22860213
test_13841,0.01
test_13842,0.99
test_13843,0.7866174
test_13844,0.01
test_13845,0.8633022
test_13846,0.050063234
test_13847,0.01
test_13848,0.82552326
test_13849,0.92664874
test_13850,0.12999508
test_13851,0.99
test_13852,0.16599372
test_13853,0.99
test_13854,0.02803518
test_13855,0.30088222
test_13856,0.17281486
test_13857,0.875639
test_13858,0.88083136
test_13859,0.8619284
test_13860,0.04804423
test_13861,0.5968212
test_13862,0.9858969
test_13863,0.986022
test_13864,0.01
test_13865,0.99
test_13866,0.72923803
test_13867,0.68629944
test_13868,0.8244661
test_13869,0.6104472
test_13870,0.9351278
test_13871,0.7042565
test_13872,0.11720703
test_13873,0.88287884
test_13874,0.9005542
test_13875,0.01
test_13876,0.99
test_13877,0.030825472
test_13878,0.082483076
test_13879,0.01
test_13880,0.01
test_13881,0.99
test_13882,0.8901517
test_13883,0.60215473
test_13884,0.9587604
test_13885,0.6259579
test_13886,0.2038043
test_13887,0.056887615
test_13888,0.76817185
test_13889,0.060029633
test_13890,0.01
test_13891,0.99
test_13892,0.6675159
test_13893,0.01
test_13894,0.01
test_13895,0.01
test_13896,0.99
test_13897,0.01
test_13898,0.9798906
test_13899,0.99
test_13900,0.84916043
test_13901,0.01
test_13902,0.031759854
test_13903,0.25751364
test_13904,0.85650367
test_13905,0.018568285
test_13906,0.92804354
test_13907,0.9848529
test_13908,0.6509171
test_13909,0.99
test_13910,0.99
test_13911,0.01
test_13912,0.01
test_13913,0.1941216
test_13914,0.092117004
test_13915,0.01
test_13916,0.39868104
test_13917,0.01
test_13918,0.12619123
test_13919,0.99
test_13920,0.01
test_13921,0.87692094
test_13922,0.84903246
test_13923,0.99
test_13924,0.99
test_13925,0.99
test_13926,0.98941016
test_13927,0.01
test_13928,0.99
test_13929,0.9680083
test_13930,0.99
test_13931,0.89569706
test_13932,0.9898504
test_13933,0.051084492
test_13934,0.01607625
test_13935,0.012899229
test_13936,0.35457736
test_13937,0.01
test_13938,0.75058806
test_13939,0.99
test_13940,0.99
test_13941,0.027158778
test_13942,0.010235652
test_13943,0.17812629
test_13944,0.89216554
test_13945,0.96353114
test_13946,0.26101846
test_13947,0.6403261
test_13948,0.01
test_13949,0.9456271
test_13950,0.01
test_13951,0.12754579
test_13952,0.25580332
test_13953,0.83584523
test_13954,0.039044116
test_13955,0.99
test_13956,0.99
test_13957,0.6746572
test_13958,0.012741013
test_13959,0.60949534
test_13960,0.01
test_13961,0.99
test_13962,0.12862362
test_13963,0.7130706
test_13964,0.58545244
test_13965,0.99
test_13966,0.01
test_13967,0.9535771
test_13968,0.99
test_13969,0.01
test_13970,0.59594256
test_13971,0.9890525
test_13972,0.03313089
test_13973,0.98012435
test_13974,0.06045391
test_13975,0.9469654
test_13976,0.99
test_13977,0.87147427
test_13978,0.99
test_13979,0.29048413
test_13980,0.60108757
test_13981,0.01
test_13982,0.5426049
test_13983,0.70036906
test_13984,0.106336154
test_13985,0.97860444
test_13986,0.7199803
test_13987,0.27198794
test_13988,0.99
test_13989,0.72634035
test_13990,0.99
test_13991,0.22109228
test_13992,0.50136435
test_13993,0.01
test_13994,0.9521434
test_13995,0.11645878
test_13996,0.99
test_13997,0.01
test_13998,0.9768003
test_13999,0.99
test_14000,0.01
test_14001,0.9004351
test_14002,0.115006156
test_14003,0.93928546
test_14004,0.01
test_14005,0.031396933
test_14006,0.99
test_14007,0.99
test_14008,0.99
test_14009,0.016552657
test_14010,0.05280267
test_14011,0.99
test_14012,0.84271115
test_14013,0.99
test_14014,0.010416874
test_14015,0.61842716
test_14016,0.99
test_14017,0.73261815
test_14018,0.017363433
test_14019,0.9790165
test_14020,0.27153766
test_14021,0.04846266
test_14022,0.99
test_14023,0.06716086
test_14024,0.01
test_14025,0.99
test_14026,0.057960838
test_14027,0.012195093
test_14028,0.99
test_14029,0.01
test_14030,0.8907904
test_14031,0.2527346
test_14032,0.01
test_14033,0.5538606
test_14034,0.013522024
test_14035,0.37165266
test_14036,0.01
test_14037,0.028385997
test_14038,0.01
test_14039,0.01
test_14040,0.5200386
test_14041,0.01524321
test_14042,0.99
test_14043,0.78814405
test_14044,0.7952517
test_14045,0.01
test_14046,0.723098
test_14047,0.78082657
test_14048,0.95340466
test_14049,0.5556747
test_14050,0.9178136
test_14051,0.074304424
test_14052,0.05576859
test_14053,0.99
test_14054,0.98405486
test_14055,0.014022397
test_14056,0.01
test_14057,0.99
test_14058,0.99
test_14059,0.69391483
test_14060,0.08759063
test_14061,0.9115084
test_14062,0.01
test_14063,0.01
test_14064,0.99
test_14065,0.99
test_14066,0.8191152
test_14067,0.9804088
test_14068,0.6143804
test_14069,0.04136589
test_14070,0.01
test_14071,0.99
test_14072,0.7003877
test_14073,0.013659816
test_14074,0.76865375
test_14075,0.01
test_14076,0.035914335
test_14077,0.91769063
test_14078,0.99
test_14079,0.99
test_14080,0.99
test_14081,0.5137372
test_14082,0.01
test_14083,0.75339806
test_14084,0.9591315
test_14085,0.99
test_14086,0.99
test_14087,0.9744119
test_14088,0.9644944
test_14089,0.7800625
test_14090,0.51261675
test_14091,0.01
test_14092,0.37895375
test_14093,0.97252244
test_14094,0.23968755
test_14095,0.01
test_14096,0.9446183
test_14097,0.97883546
test_14098,0.4094189
test_14099,0.01
test_14100,0.1186548
test_14101,0.6621171
test_14102,0.01
test_14103,0.024826072
test_14104,0.4822074
test_14105,0.3111522
test_14106,0.99
test_14107,0.9810752
test_14108,0.78160524
test_14109,0.01
test_14110,0.08422852
test_14111,0.99
test_14112,0.026923584
test_14113,0.01
test_14114,0.9757868
test_14115,0.7549837
test_14116,0.99
test_14117,0.15749249
test_14118,0.7953683
test_14119,0.99
test_14120,0.37807673
test_14121,0.9538416
test_14122,0.7986318
test_14123,0.018799981
test_14124,0.86300653
test_14125,0.4038851
test_14126,0.01
test_14127,0.9665814
test_14128,0.01
test_14129,0.22396119
test_14130,0.050988898
test_14131,0.01
test_14132,0.5463134
test_14133,0.34060684
test_14134,0.524791
test_14135,0.7313563
test_14136,0.964886
test_14137,0.01
test_14138,0.85364014
test_14139,0.01
test_14140,0.83891094
test_14141,0.812978
test_14142,0.01
test_14143,0.01
test_14144,0.88393277
test_14145,0.01
test_14146,0.99
test_14147,0.99
test_14148,0.01
test_14149,0.75613815
test_14150,0.01
test_14151,0.5330798
test_14152,0.7026841
test_14153,0.01
test_14154,0.01
test_14155,0.1755561
test_14156,0.01
test_14157,0.7833588
test_14158,0.93983656
test_14159,0.01
test_14160,0.9846549
test_14161,0.34756017
test_14162,0.047394063
test_14163,0.9627839
test_14164,0.4394534
test_14165,0.9475141
test_14166,0.01
test_14167,0.5137036
test_14168,0.9871524
test_14169,0.4185141
test_14170,0.99
test_14171,0.1186522
test_14172,0.49047232
test_14173,0.01
test_14174,0.039059833
test_14175,0.37200227
test_14176,0.104539685
test_14177,0.01
test_14178,0.040505446
test_14179,0.045290116
test_14180,0.95310163
test_14181,0.01
test_14182,0.010975434
test_14183,0.99
test_14184,0.9014955
test_14185,0.99
test_14186,0.012020413
test_14187,0.01
test_14188,0.01
test_14189,0.99
test_14190,0.6566836
test_14191,0.98179793
test_14192,0.99
test_14193,0.01
test_14194,0.015597612
test_14195,0.91956776
test_14196,0.99
test_14197,0.5136051
test_14198,0.03291972
test_14199,0.42940512
test_14200,0.29331645
test_14201,0.01
test_14202,0.9536378
test_14203,0.6793512
test_14204,0.9355265
test_14205,0.24351402
test_14206,0.22467686
test_14207,0.08378672
test_14208,0.1981458
test_14209,0.90002215
test_14210,0.99
test_14211,0.076561645
test_14212,0.9794201
test_14213,0.31989336
test_14214,0.99
test_14215,0.88249433
test_14216,0.47436413
test_14217,0.27082783
test_14218,0.99
test_14219,0.01
test_14220,0.01
test_14221,0.99
test_14222,0.20289175
test_14223,0.61393905
test_14224,0.91264874
test_14225,0.99
test_14226,0.01
test_14227,0.7241629
test_14228,0.01
test_14229,0.8861124
test_14230,0.99
test_14231,0.5378132
test_14232,0.01
test_14233,0.4290389
test_14234,0.01
test_14235,0.6059224
test_14236,0.01
test_14237,0.99
test_14238,0.81358963
test_14239,0.89502466
test_14240,0.059337392
test_14241,0.9827284
test_14242,0.5456025
test_14243,0.7693902
test_14244,0.88145554
test_14245,0.7679425
test_14246,0.9442774
test_14247,0.98960215
test_14248,0.03915157
test_14249,0.01
test_14250,0.99
test_14251,0.49132374
test_14252,0.427085
test_14253,0.99
test_14254,0.69459546
test_14255,0.9249717
test_14256,0.19073728
test_14257,0.82519424
test_14258,0.01
test_14259,0.99
test_14260,0.01
test_14261,0.01
test_14262,0.020027108
test_14263,0.4761567
test_14264,0.99
test_14265,0.020529218
test_14266,0.09667883
test_14267,0.6049948
test_14268,0.307332
test_14269,0.99
test_14270,0.01
test_14271,0.01
test_14272,0.3937968
test_14273,0.01
test_14274,0.99
test_14275,0.01
test_14276,0.01
test_14277,0.020892223
test_14278,0.99
test_14279,0.99
test_14280,0.76977324
test_14281,0.9637449
test_14282,0.467994
test_14283,0.04704805
test_14284,0.99
test_14285,0.19436498
test_14286,0.3487986
test_14287,0.46301353
test_14288,0.18079193
test_14289,0.99
test_14290,0.99
test_14291,0.99
test_14292,0.89049745
test_14293,0.99
test_14294,0.88366836
test_14295,0.36471924
test_14296,0.99
test_14297,0.99
test_14298,0.99
test_14299,0.98171103
test_14300,0.01
test_14301,0.09376107
test_14302,0.011356912
test_14303,0.99
test_14304,0.9882862
test_14305,0.01
test_14306,0.23165873
test_14307,0.9150349
test_14308,0.99
test_14309,0.45535168
test_14310,0.01
test_14311,0.99
test_14312,0.7382841
test_14313,0.99
test_14314,0.95359236
test_14315,0.01
test_14316,0.01
test_14317,0.1780119
test_14318,0.01
test_14319,0.5557085
test_14320,0.039318684
test_14321,0.99
test_14322,0.99
test_14323,0.7168958
test_14324,0.54714483
test_14325,0.99
test_14326,0.01
test_14327,0.01
test_14328,0.99
test_14329,0.01
test_14330,0.14857684
test_14331,0.050030794
test_14332,0.12745036
test_14333,0.91753465
test_14334,0.980692
test_14335,0.9713443
test_14336,0.99
test_14337,0.01
test_14338,0.01
test_14339,0.99
test_14340,0.2400646
test_14341,0.943264
test_14342,0.96757543
test_14343,0.99
test_14344,0.030272165
test_14345,0.020506937
test_14346,0.98337525
test_14347,0.9789377
test_14348,0.01
test_14349,0.89277893
test_14350,0.03421621
test_14351,0.6278944
test_14352,0.0830466
test_14353,0.01
test_14354,0.01
test_14355,0.86677486
test_14356,0.8670404
test_14357,0.031642172
test_14358,0.99
test_14359,0.99
test_14360,0.9021837
test_14361,0.7471312
test_14362,0.99
test_14363,0.98286164
test_14364,0.99
test_14365,0.01
test_14366,0.6477349
test_14367,0.16065592
test_14368,0.01
test_14369,0.99
test_14370,0.9877038
test_14371,0.63594335
test_14372,0.11074994
test_14373,0.9855643
test_14374,0.99
test_14375,0.061353788
test_14376,0.01
test_14377,0.01
test_14378,0.99
test_14379,0.98862785
test_14380,0.589621
test_14381,0.021114506
test_14382,0.08494654
test_14383,0.37545928
test_14384,0.72512156
test_14385,0.044011395
test_14386,0.2639914
test_14387,0.6442778
test_14388,0.25749823
test_14389,0.24874938
test_14390,0.9724267
test_14391,0.99
test_14392,0.6258289
test_14393,0.010471101
test_14394,0.45954642
test_14395,0.01
test_14396,0.99
test_14397,0.99
test_14398,0.9763218
test_14399,0.95404744
test_14400,0.99
test_14401,0.7703493
test_14402,0.01
test_14403,0.9862244
test_14404,0.8813287
test_14405,0.86360615
test_14406,0.90507966
test_14407,0.62930596
test_14408,0.03518245
test_14409,0.99
test_14410,0.99
test_14411,0.36338875
test_14412,0.046253487
test_14413,0.801926
test_14414,0.01
test_14415,0.2651703
test_14416,0.0513571
test_14417,0.01
test_14418,0.01
test_14419,0.01
test_14420,0.9158779
test_14421,0.99
test_14422,0.025902653
test_14423,0.01
test_14424,0.8814522
test_14425,0.9768445
test_14426,0.0807769
test_14427,0.99
test_14428,0.2729883
test_14429,0.65390855
test_14430,0.01
test_14431,0.9852506
test_14432,0.01
test_14433,0.99
test_14434,0.98590696
test_14435,0.99
test_14436,0.9212128
test_14437,0.99
test_14438,0.99
test_14439,0.19973044
test_14440,0.10290703
test_14441,0.99
test_14442,0.01
test_14443,0.99
test_14444,0.7691053
test_14445,0.01
test_14446,0.014403569
test_14447,0.99
test_14448,0.26496738
test_14449,0.01
test_14450,0.5475185
test_14451,0.99
test_14452,0.038145833
test_14453,0.83760375
test_14454,0.93533915
test_14455,0.01
test_14456,0.99
test_14457,0.13959697
test_14458,0.99
test_14459,0.99
test_14460,0.014974942
test_14461,0.9330791
test_14462,0.99
test_14463,0.01
test_14464,0.9763922
test_14465,0.99
test_14466,0.6109468
test_14467,0.02138611
test_14468,0.7466837
test_14469,0.01
test_14470,0.11103753
test_14471,0.018241486
test_14472,0.29015362
test_14473,0.040031407
test_14474,0.8880815
test_14475,0.6509075
test_14476,0.01
test_14477,0.15597647
test_14478,0.99
test_14479,0.79072374
test_14480,0.9849604
test_14481,0.20689468
test_14482,0.9805823
test_14483,0.095893085
test_14484,0.99
test_14485,0.29269174
test_14486,0.267394
test_14487,0.3495896
test_14488,0.99
test_14489,0.99
test_14490,0.01
test_14491,0.98410887
test_14492,0.07325712
test_14493,0.34940946
test_14494,0.01
test_14495,0.99
test_14496,0.01
test_14497,0.99
test_14498,0.8331416
test_14499,0.01
test_14500,0.01
test_14501,0.090598345
test_14502,0.99
test_14503,0.32453525
test_14504,0.01
test_14505,0.01
test_14506,0.01
test_14507,0.20953082
test_14508,0.88927436
test_14509,0.01
test_14510,0.08941385
test_14511,0.78089744
test_14512,0.9230894
test_14513,0.3561126
test_14514,0.26488847
test_14515,0.08525363
test_14516,0.99
test_14517,0.0549941
test_14518,0.7059814
test_14519,0.01
test_14520,0.01
test_14521,0.99
test_14522,0.035888217
test_14523,0.966457
test_14524,0.99
test_14525,0.7330513
test_14526,0.31204456
test_14527,0.048755247
test_14528,0.99
test_14529,0.026874999
test_14530,0.98463595
test_14531,0.91805315
test_14532,0.93547267
test_14533,0.01
test_14534,0.88837594
test_14535,0.01
test_14536,0.99
test_14537,0.07201989
test_14538,0.012828772
test_14539,0.055546574
test_14540,0.23306242
test_14541,0.01
test_14542,0.99
test_14543,0.01
test_14544,0.01
test_14545,0.01
test_14546,0.18188746
test_14547,0.97952694
test_14548,0.03687016
test_14549,0.044364747
test_14550,0.21375763
test_14551,0.1735212
test_14552,0.01
test_14553,0.99
test_14554,0.99
test_14555,0.31115645
test_14556,0.067186534
test_14557,0.9698714
test_14558,0.99
test_14559,0.23500234
test_14560,0.01
test_14561,0.29900375
test_14562,0.99
test_14563,0.99
test_14564,0.01
test_14565,0.6953054
test_14566,0.01
test_14567,0.8703683
test_14568,0.99
test_14569,0.03822172
test_14570,0.75357664
test_14571,0.20955846
test_14572,0.9444937
test_14573,0.99
test_14574,0.048830044
test_14575,0.01
test_14576,0.25900564
test_14577,0.73648524
test_14578,0.01
test_14579,0.4205284
test_14580,0.97714293
test_14581,0.5949393
test_14582,0.99
test_14583,0.01
test_14584,0.01
test_14585,0.9411054
test_14586,0.01
test_14587,0.07899684
test_14588,0.9800861
test_14589,0.45377073
test_14590,0.99
test_14591,0.8925533
test_14592,0.36387026
test_14593,0.7005707
test_14594,0.99
test_14595,0.99
test_14596,0.01
test_14597,0.038961448
test_14598,0.01
test_14599,0.99
test_14600,0.99
test_14601,0.2720494
test_14602,0.77364635
test_14603,0.38768777
test_14604,0.5481529
test_14605,0.012215857
test_14606,0.020196205
test_14607,0.01
test_14608,0.99
test_14609,0.84110093
test_14610,0.028379126
test_14611,0.18208909
test_14612,0.01
test_14613,0.99
test_14614,0.99
test_14615,0.9278636
test_14616,0.8678239
test_14617,0.81999123
test_14618,0.015050565
test_14619,0.97336966
test_14620,0.9813736
test_14621,0.99
test_14622,0.99
test_14623,0.99
test_14624,0.55263877
test_14625,0.25519735
test_14626,0.99
test_14627,0.99
test_14628,0.96017456
test_14629,0.99
test_14630,0.8348638
test_14631,0.20912038
test_14632,0.025418023
test_14633,0.99
test_14634,0.045796063
test_14635,0.2819459
test_14636,0.033345323
test_14637,0.01
test_14638,0.08056756
test_14639,0.94900346
test_14640,0.5032353
test_14641,0.01
test_14642,0.10243086
test_14643,0.15372613
test_14644,0.08213758
test_14645,0.06429604
test_14646,0.01
test_14647,0.95681757
test_14648,0.01
test_14649,0.047916897
test_14650,0.99
test_14651,0.67460763
test_14652,0.9894394
test_14653,0.94590336
test_14654,0.01
test_14655,0.01
test_14656,0.01
test_14657,0.93042296
test_14658,0.10006999
test_14659,0.99
test_14660,0.05134791
test_14661,0.71620405
test_14662,0.55174184
test_14663,0.6903835
test_14664,0.99
test_14665,0.01
test_14666,0.99
test_14667,0.4308857
test_14668,0.013041574
test_14669,0.07252225
test_14670,0.99
test_14671,0.01
test_14672,0.98419976
test_14673,0.97177875
test_14674,0.024723442
test_14675,0.92529106
test_14676,0.5017142
test_14677,0.01
test_14678,0.01
test_14679,0.41345996
test_14680,0.99
test_14681,0.99
test_14682,0.68476474
test_14683,0.01
test_14684,0.7963383
test_14685,0.97483915
test_14686,0.028428031
test_14687,0.3973963
test_14688,0.083749786
test_14689,0.5013168
test_14690,0.6828721
test_14691,0.34868726
test_14692,0.019299136
test_14693,0.92473847
test_14694,0.99
test_14695,0.99
test_14696,0.9540923
test_14697,0.015949007
test_14698,0.95904833
test_14699,0.99
test_14700,0.99
test_14701,0.030261584
test_14702,0.5587168
test_14703,0.01
test_14704,0.96763134
test_14705,0.92891574
test_14706,0.01
test_14707,0.88166666
test_14708,0.2316395
test_14709,0.99
test_14710,0.9832146
test_14711,0.1494232
test_14712,0.01
test_14713,0.055622417
test_14714,0.090279095
test_14715,0.13629611
test_14716,0.43020293
test_14717,0.18445686
test_14718,0.055534728
test_14719,0.39969745
test_14720,0.60522306
test_14721,0.9392629
test_14722,0.99
test_14723,0.99
test_14724,0.9887466
test_14725,0.20216838
test_14726,0.9564545
test_14727,0.12293759
test_14728,0.8249174
test_14729,0.048625115
test_14730,0.88077015
test_14731,0.88728136
test_14732,0.56378967
test_14733,0.01
test_14734,0.01
test_14735,0.99
test_14736,0.99
test_14737,0.99
test_14738,0.01
test_14739,0.5004512
test_14740,0.99
test_14741,0.01
test_14742,0.12732641
test_14743,0.99
test_14744,0.99
test_14745,0.99
test_14746,0.017228464
test_14747,0.077254
test_14748,0.22543545
test_14749,0.99
test_14750,0.01
test_14751,0.01
test_14752,0.01
test_14753,0.78014207
test_14754,0.9898707
test_14755,0.72965837
test_14756,0.8091508
test_14757,0.015417776
test_14758,0.27364308
test_14759,0.9156513
test_14760,0.41281042
test_14761,0.96622336
test_14762,0.13147384
test_14763,0.91480964
test_14764,0.99
test_14765,0.010962736
test_14766,0.92561907
test_14767,0.99
test_14768,0.99
test_14769,0.99
test_14770,0.8511504
test_14771,0.99
test_14772,0.025246393
test_14773,0.01
test_14774,0.9725715
test_14775,0.044522967
test_14776,0.5942715
test_14777,0.6444055
test_14778,0.24787375
test_14779,0.033377
test_14780,0.99
test_14781,0.06263509
test_14782,0.12918736
test_14783,0.01644833
test_14784,0.96736765
test_14785,0.43606043
test_14786,0.103574365
test_14787,0.8303461
test_14788,0.4184991
test_14789,0.84142953
test_14790,0.98988414
test_14791,0.8409175
test_14792,0.37618548
test_14793,0.99
test_14794,0.9281518
test_14795,0.68773025
test_14796,0.99
test_14797,0.17657948
test_14798,0.99
test_14799,0.9816049
test_14800,0.91710377
test_14801,0.99
test_14802,0.01
test_14803,0.99
test_14804,0.01
test_14805,0.11430258
test_14806,0.18669203
test_14807,0.01
test_14808,0.98246783
test_14809,0.29063216
test_14810,0.97717905
test_14811,0.40775254
test_14812,0.966078
test_14813,0.99
test_14814,0.99
test_14815,0.94182116
test_14816,0.022759605
test_14817,0.39834276
test_14818,0.01
test_14819,0.99
test_14820,0.67919874
test_14821,0.11100453
test_14822,0.99
test_14823,0.55074704
test_14824,0.48336098
test_14825,0.49013835
test_14826,0.99
test_14827,0.99
test_14828,0.78536487
test_14829,0.01
test_14830,0.45261818
test_14831,0.9844477
test_14832,0.01
test_14833,0.5290807
test_14834,0.13559581
test_14835,0.012043772
test_14836,0.9489016
test_14837,0.019064074
test_14838,0.01
test_14839,0.16779234
test_14840,0.18587203
test_14841,0.99
test_14842,0.99
test_14843,0.492897
test_14844,0.7880055
test_14845,0.6437323
test_14846,0.99
test_14847,0.99
test_14848,0.99
test_14849,0.76566243
test_14850,0.20304687
test_14851,0.99
test_14852,0.20051108
test_14853,0.050813377
test_14854,0.01
test_14855,0.34682995
test_14856,0.021508964
test_14857,0.99
test_14858,0.45253545
test_14859,0.8998673
test_14860,0.9368963
test_14861,0.01
test_14862,0.9823381
test_14863,0.5374026
test_14864,0.7731533
test_14865,0.9736473
test_14866,0.3248633
test_14867,0.01
test_14868,0.01
test_14869,0.99
test_14870,0.01
test_14871,0.99
test_14872,0.012907836
test_14873,0.054079082
test_14874,0.01
test_14875,0.7586662
test_14876,0.14739448
test_14877,0.10374898
test_14878,0.96029127
test_14879,0.6980285
test_14880,0.4691846
test_14881,0.03317163
test_14882,0.01
test_14883,0.87759954
test_14884,0.5884087
test_14885,0.43597612
test_14886,0.01
test_14887,0.015900854
test_14888,0.99
test_14889,0.017874276
test_14890,0.038413037
test_14891,0.99
test_14892,0.063887835
test_14893,0.46887627
test_14894,0.987673
test_14895,0.99
test_14896,0.22724049
test_14897,0.031351585
test_14898,0.35006982
test_14899,0.01
test_14900,0.010277722
test_14901,0.5257102
test_14902,0.01
test_14903,0.661355
test_14904,0.10992104
test_14905,0.99
test_14906,0.9830949
test_14907,0.7470121
test_14908,0.01
test_14909,0.23486899
test_14910,0.040402547
test_14911,0.99
test_14912,0.99
test_14913,0.13373046
test_14914,0.9834356
test_14915,0.030187469
test_14916,0.74506885
test_14917,0.61291087
test_14918,0.90713066
test_14919,0.52138346
test_14920,0.48320735
test_14921,0.03607754
test_14922,0.92572814
test_14923,0.01
test_14924,0.99
test_14925,0.99
test_14926,0.68436927
test_14927,0.04733279
test_14928,0.065126345
test_14929,0.119452685
test_14930,0.40781766
test_14931,0.99
test_14932,0.55057
test_14933,0.9385054
test_14934,0.5242551
test_14935,0.09917622
test_14936,0.9867464
test_14937,0.6047459
test_14938,0.018098572
test_14939,0.01
test_14940,0.86298805
test_14941,0.62923044
test_14942,0.99
test_14943,0.01
test_14944,0.25035495
test_14945,0.026592145
test_14946,0.90880626
test_14947,0.7730199
test_14948,0.4852595
test_14949,0.02194803
test_14950,0.52718544
test_14951,0.9765953
test_14952,0.49080285
test_14953,0.94594496
test_14954,0.07514568
test_14955,0.01
test_14956,0.63884693
test_14957,0.99
test_14958,0.028284546
test_14959,0.65743023
test_14960,0.18853539
test_14961,0.47798178
test_14962,0.01
test_14963,0.8230106
test_14964,0.9491408
test_14965,0.035231132
test_14966,0.8614594
test_14967,0.03147941
test_14968,0.01
test_14969,0.01
test_14970,0.01
test_14971,0.97843903
test_14972,0.99
test_14973,0.93153936
test_14974,0.9861064
test_14975,0.99
test_14976,0.028723495
test_14977,0.020429045
test_14978,0.2933468
test_14979,0.01
test_14980,0.99
test_14981,0.99
test_14982,0.14520355
test_14983,0.6853552
test_14984,0.3807913
test_14985,0.01
test_14986,0.94061005
test_14987,0.6583233
test_14988,0.11715692
test_14989,0.024129746
test_14990,0.01
test_14991,0.99
test_14992,0.99
test_14993,0.96672755
test_14994,0.7345428
test_14995,0.6188174
test_14996,0.99
test_14997,0.35747212
test_14998,0.99
test_14999,0.8017735
test_15000,0.9848978
test_15001,0.41208953
test_15002,0.01
test_15003,0.47502753
test_15004,0.3729641
test_15005,0.013827565
test_15006,0.01
test_15007,0.01
test_15008,0.99
test_15009,0.669034
test_15010,0.010822149
test_15011,0.013868883
test_15012,0.83627844
test_15013,0.99
test_15014,0.01
test_15015,0.5861585
test_15016,0.6158283
test_15017,0.9176421
test_15018,0.01
test_15019,0.01240697
test_15020,0.7657471
test_15021,0.07501554
test_15022,0.01
test_15023,0.7565167
test_15024,0.5527671
test_15025,0.03875639
test_15026,0.35977283
test_15027,0.01
test_15028,0.01
test_15029,0.60136676
test_15030,0.01
test_15031,0.01
test_15032,0.92123383
test_15033,0.017122151
test_15034,0.99
test_15035,0.97924656
test_15036,0.0901378
test_15037,0.53409386
test_15038,0.9864727
test_15039,0.99
test_15040,0.98389983
test_15041,0.26340467
test_15042,0.9880305
test_15043,0.01
test_15044,0.24654663
test_15045,0.52980846
test_15046,0.5523232
test_15047,0.035555918
test_15048,0.68281215
test_15049,0.99
test_15050,0.85933954
test_15051,0.99
test_15052,0.04584059
test_15053,0.3974135
test_15054,0.89113194
test_15055,0.016991345
test_15056,0.01
test_15057,0.99
test_15058,0.022373926
test_15059,0.86839724
test_15060,0.10716652
test_15061,0.99
test_15062,0.91519475
test_15063,0.86403847
test_15064,0.01
test_15065,0.8515306
test_15066,0.01
test_15067,0.960421
test_15068,0.16564046
test_15069,0.054622244
test_15070,0.5422343
test_15071,0.013527102
test_15072,0.09238332
test_15073,0.9217241
test_15074,0.01
test_15075,0.37528437
test_15076,0.949326
test_15077,0.41277644
test_15078,0.01
test_15079,0.99
test_15080,0.01
test_15081,0.37357304
test_15082,0.4243256
test_15083,0.88692486
test_15084,0.99
test_15085,0.99
test_15086,0.01
test_15087,0.012608169
test_15088,0.94343585
test_15089,0.01
test_15090,0.01
test_15091,0.35230863
test_15092,0.99
test_15093,0.34992397
test_15094,0.024606247
test_15095,0.77508265
test_15096,0.01
test_15097,0.77811104
test_15098,0.9087078
test_15099,0.97382146
test_15100,0.99
test_15101,0.49912927
test_15102,0.98859614
test_15103,0.22117102
test_15104,0.01
test_15105,0.99
test_15106,0.7319582
test_15107,0.10616036
test_15108,0.051729526
test_15109,0.046630304
test_15110,0.99
test_15111,0.99
test_15112,0.97759426
test_15113,0.99
test_15114,0.01
test_15115,0.99
test_15116,0.99
test_15117,0.28981835
test_15118,0.07534365
test_15119,0.01
test_15120,0.01
test_15121,0.01
test_15122,0.01
test_15123,0.8609274
test_15124,0.06798123
test_15125,0.9800786
test_15126,0.81681144
test_15127,0.013033721
test_15128,0.7958013
test_15129,0.019105354
test_15130,0.01
test_15131,0.99
test_15132,0.032066625
test_15133,0.95518255
test_15134,0.99
test_15135,0.99
test_15136,0.99
test_15137,0.12504561
test_15138,0.049954608
test_15139,0.01
test_15140,0.01
test_15141,0.98461413
test_15142,0.23304859
test_15143,0.01
test_15144,0.010849661
test_15145,0.15277828
test_15146,0.99
test_15147,0.6396267
test_15148,0.5053867
test_15149,0.31590238
test_15150,0.98354024
test_15151,0.6119952
test_15152,0.01
test_15153,0.011338936
test_15154,0.99
test_15155,0.39461994
test_15156,0.913858
test_15157,0.8882871
test_15158,0.02019992
test_15159,0.09503441
test_15160,0.99
test_15161,0.99
test_15162,0.99
test_15163,0.01181581
test_15164,0.9640262
test_15165,0.01
test_15166,0.016351836
test_15167,0.01
test_15168,0.01
test_15169,0.91483593
test_15170,0.8544502
test_15171,0.88769037
test_15172,0.8020608
test_15173,0.01
test_15174,0.01
test_15175,0.10237108
test_15176,0.45074922
test_15177,0.44993943
test_15178,0.01
test_15179,0.6362767
test_15180,0.99
test_15181,0.01
test_15182,0.98811954
test_15183,0.01
test_15184,0.5361335
test_15185,0.99
test_15186,0.13845113
test_15187,0.14997771
test_15188,0.6693006
test_15189,0.07451203
test_15190,0.3769074
test_15191,0.99
test_15192,0.01
test_15193,0.9669192
test_15194,0.01
test_15195,0.38362506
test_15196,0.47218803
test_15197,0.99
test_15198,0.01
test_15199,0.01
test_15200,0.37542436
test_15201,0.23810509
test_15202,0.99
test_15203,0.2824239
test_15204,0.99
test_15205,0.9360033
test_15206,0.983676
test_15207,0.99
test_15208,0.01
test_15209,0.014827545
test_15210,0.022822715
test_15211,0.01
test_15212,0.01
test_15213,0.9767989
test_15214,0.99
test_15215,0.018412145
test_15216,0.061705567
test_15217,0.33872443
test_15218,0.99
test_15219,0.99
test_15220,0.01
test_15221,0.01
test_15222,0.98992157
test_15223,0.96147346
test_15224,0.2654936
test_15225,0.01
test_15226,0.7463373
test_15227,0.01
test_15228,0.99
test_15229,0.065789014
test_15230,0.9837241
test_15231,0.01
test_15232,0.01
test_15233,0.31712264
test_15234,0.048434608
test_15235,0.8909766
test_15236,0.9712742
test_15237,0.4632705
test_15238,0.88496995
test_15239,0.4771171
test_15240,0.99
test_15241,0.9366185
test_15242,0.01
test_15243,0.01
test_15244,0.21648017
test_15245,0.038397696
test_15246,0.12048504
test_15247,0.96173847
test_15248,0.13753757
test_15249,0.2193035
test_15250,0.99
test_15251,0.99
test_15252,0.7116713
test_15253,0.9779554
test_15254,0.62838304
test_15255,0.01
test_15256,0.0225894
test_15257,0.17003524
test_15258,0.22510451
test_15259,0.020315094
test_15260,0.097741865
test_15261,0.068496846
test_15262,0.99
test_15263,0.99
test_15264,0.01
test_15265,0.98056096
test_15266,0.99
test_15267,0.01
test_15268,0.07068218
test_15269,0.7962821
test_15270,0.99
test_15271,0.9155687
test_15272,0.11182725
test_15273,0.9361243
test_15274,0.73190296
test_15275,0.7402472
test_15276,0.017923772
test_15277,0.01
test_15278,0.55901134
test_15279,0.99
test_15280,0.7758091
test_15281,0.03779105
test_15282,0.9324576
test_15283,0.84972334
test_15284,0.01
test_15285,0.13763726
test_15286,0.97941405
test_15287,0.39491406
test_15288,0.30048674
test_15289,0.44015613
test_15290,0.046558768
test_15291,0.8116059
test_15292,0.7192565
test_15293,0.19705558
test_15294,0.99
test_15295,0.73359746
test_15296,0.9581291
test_15297,0.9656587
test_15298,0.33483195
test_15299,0.99
test_15300,0.61608
test_15301,0.01
test_15302,0.9827428
test_15303,0.026839305
test_15304,0.93962073
test_15305,0.99
test_15306,0.99
test_15307,0.10361896
test_15308,0.7565909
test_15309,0.99
test_15310,0.12604816
test_15311,0.21038675
test_15312,0.01
test_15313,0.19098724
test_15314,0.06538092
test_15315,0.4823309
test_15316,0.99
test_15317,0.019205553
test_15318,0.01
test_15319,0.01
test_15320,0.92857003
test_15321,0.01
test_15322,0.49007753
test_15323,0.22428426
test_15324,0.99
test_15325,0.99
test_15326,0.99
test_15327,0.99
test_15328,0.07711471
test_15329,0.99
test_15330,0.89812404
test_15331,0.99
test_15332,0.3452555
test_15333,0.01
test_15334,0.01
test_15335,0.04759133
test_15336,0.99
test_15337,0.99
test_15338,0.01
test_15339,0.49051934
test_15340,0.78844154
test_15341,0.7722304
test_15342,0.33799663
test_15343,0.01
test_15344,0.99
test_15345,0.99
test_15346,0.01
test_15347,0.99
test_15348,0.09827
test_15349,0.3918892
test_15350,0.01
test_15351,0.013025356
test_15352,0.31702623
test_15353,0.17958473
test_15354,0.01
test_15355,0.88069123
test_15356,0.012682647
test_15357,0.83391327
test_15358,0.98043627
test_15359,0.01
test_15360,0.437369
test_15361,0.7124739
test_15362,0.99
test_15363,0.08570089
test_15364,0.3582821
test_15365,0.020220263
test_15366,0.01
test_15367,0.99
test_15368,0.01
test_15369,0.97810024
test_15370,0.01
test_15371,0.9671225
test_15372,0.01
test_15373,0.12191491
test_15374,0.06566584
test_15375,0.90864646
test_15376,0.6123179
test_15377,0.6884861
test_15378,0.99
test_15379,0.68559575
test_15380,0.5645781
test_15381,0.9886424
test_15382,0.6920484
test_15383,0.15960407
test_15384,0.06330221
test_15385,0.09242773
test_15386,0.10873957
test_15387,0.99
test_15388,0.99
test_15389,0.99
test_15390,0.2924348
test_15391,0.99
test_15392,0.6586901
test_15393,0.93572634
test_15394,0.021516126
test_15395,0.2184653
test_15396,0.01
test_15397,0.99
test_15398,0.99
test_15399,0.8356128
test_15400,0.92774
test_15401,0.05067242
test_15402,0.18370125
test_15403,0.047674548
test_15404,0.01
test_15405,0.29977557
test_15406,0.910238
test_15407,0.99
test_15408,0.9532816
test_15409,0.040952418
test_15410,0.8949036
test_15411,0.99
test_15412,0.99
test_15413,0.99
test_15414,0.99
test_15415,0.99
test_15416,0.01
test_15417,0.99
test_15418,0.99
test_15419,0.99
test_15420,0.99
test_15421,0.99
test_15422,0.01
test_15423,0.99
test_15424,0.24510074
test_15425,0.99
test_15426,0.090743355
test_15427,0.99
test_15428,0.99
test_15429,0.99
test_15430,0.99
test_15431,0.99
test_15432,0.04369949
test_15433,0.01
test_15434,0.6441793
test_15435,0.42568672
test_15436,0.96046376
test_15437,0.8749284
test_15438,0.04207843
test_15439,0.9040932
test_15440,0.029951194
test_15441,0.99
test_15442,0.01
test_15443,0.01
test_15444,0.01
test_15445,0.01
test_15446,0.49896473
test_15447,0.01
test_15448,0.987422
test_15449,0.030139066
test_15450,0.99
test_15451,0.02250637
test_15452,0.01
test_15453,0.34889957
test_15454,0.05976373
test_15455,0.99
test_15456,0.8276992
test_15457,0.017627595
test_15458,0.01
test_15459,0.12461538
test_15460,0.614776
test_15461,0.9659614
test_15462,0.035271544
test_15463,0.07432508
test_15464,0.01
test_15465,0.70374775
test_15466,0.99
test_15467,0.89062434
test_15468,0.01
test_15469,0.01
test_15470,0.31480742
test_15471,0.01
test_15472,0.01
test_15473,0.7091985
test_15474,0.21462874
test_15475,0.18791513
test_15476,0.9023595
test_15477,0.7387287
test_15478,0.99
test_15479,0.99
test_15480,0.01
test_15481,0.9441664
test_15482,0.01
test_15483,0.84085655
test_15484,0.99
test_15485,0.05218046
test_15486,0.29998773
test_15487,0.01
test_15488,0.24474278
test_15489,0.26860392
test_15490,0.15756369
test_15491,0.9839378
test_15492,0.78653115
test_15493,0.01
test_15494,0.9561877
test_15495,0.9520482
test_15496,0.01
test_15497,0.7228503
test_15498,0.036634102
test_15499,0.99
test_15500,0.75732815
test_15501,0.9649123
test_15502,0.99
test_15503,0.22231975
test_15504,0.16127878
test_15505,0.7403106
test_15506,0.8172178
test_15507,0.4343479
test_15508,0.08888136
test_15509,0.01
test_15510,0.14060847
test_15511,0.99
test_15512,0.01
test_15513,0.99
test_15514,0.20372261
test_15515,0.99
test_15516,0.7303029
test_15517,0.9553554
test_15518,0.98399574
test_15519,0.99
test_15520,0.01
test_15521,0.88454926
test_15522,0.9536338
test_15523,0.23198543
test_15524,0.012060237
test_15525,0.027188586
test_15526,0.99
test_15527,0.99
test_15528,0.24324778
test_15529,0.064826086
test_15530,0.99
test_15531,0.41068688
test_15532,0.021400101
test_15533,0.96536803
test_15534,0.58205444
test_15535,0.01
test_15536,0.22692499
test_15537,0.89094424
test_15538,0.99
test_15539,0.08749559
test_15540,0.09934968
test_15541,0.99
test_15542,0.99
test_15543,0.6914781
test_15544,0.99
test_15545,0.26614514
test_15546,0.36391762
test_15547,0.01
test_15548,0.010672434
test_15549,0.0103017595
test_15550,0.9730863
test_15551,0.1795273
test_15552,0.015157399
test_15553,0.99
test_15554,0.9418545
test_15555,0.7508308
test_15556,0.72367704
test_15557,0.9389673
test_15558,0.95571434
test_15559,0.5100842
test_15560,0.9896516
test_15561,0.99
test_15562,0.99
test_15563,0.99
test_15564,0.7857553
test_15565,0.5605965
test_15566,0.011924901
test_15567,0.01
test_15568,0.99
test_15569,0.01
test_15570,0.8977637
test_15571,0.02198289
test_15572,0.01
test_15573,0.8924576
test_15574,0.63684636
test_15575,0.94673306
test_15576,0.99
test_15577,0.145162
test_15578,0.99
test_15579,0.62365997
test_15580,0.014622814
test_15581,0.01
test_15582,0.04983046
test_15583,0.01
test_15584,0.2770041
test_15585,0.99
test_15586,0.089332566
test_15587,0.10726795
test_15588,0.595007
test_15589,0.77946234
test_15590,0.01
test_15591,0.03423262
test_15592,0.89510185
test_15593,0.99
test_15594,0.7778972
test_15595,0.08545301
test_15596,0.13321067
test_15597,0.99
test_15598,0.706578
test_15599,0.01
test_15600,0.9235885
test_15601,0.91201925
test_15602,0.8891942
test_15603,0.048568353
test_15604,0.95086735
test_15605,0.3062725
test_15606,0.788705
test_15607,0.99
test_15608,0.9065307
test_15609,0.99
test_15610,0.41896
test_15611,0.01
test_15612,0.99
test_15613,0.99
test_15614,0.7101274
test_15615,0.01
test_15616,0.01
test_15617,0.94006985
test_15618,0.032780286
test_15619,0.9865181
test_15620,0.022069782
test_15621,0.99
test_15622,0.3131143
test_15623,0.87331563
test_15624,0.53093106
test_15625,0.36807963
test_15626,0.99
test_15627,0.99
test_15628,0.121508405
test_15629,0.81958395
test_15630,0.045924887
test_15631,0.99
test_15632,0.73986584
test_15633,0.99
test_15634,0.39965796
test_15635,0.4451368
test_15636,0.9857819
test_15637,0.99
test_15638,0.40288335
test_15639,0.45000303
test_15640,0.99
test_15641,0.10639845
test_15642,0.15029347
test_15643,0.46245682
test_15644,0.8982795
test_15645,0.99
test_15646,0.0890146
test_15647,0.11869944
test_15648,0.99
test_15649,0.21329628
test_15650,0.99
test_15651,0.0730846
test_15652,0.033420194
test_15653,0.039696403
test_15654,0.9818335
test_15655,0.01
test_15656,0.464662
test_15657,0.01
test_15658,0.01
test_15659,0.49633038
test_15660,0.45012626
test_15661,0.2743289
test_15662,0.99
test_15663,0.98214436
test_15664,0.32582626
test_15665,0.99
test_15666,0.9874371
test_15667,0.014680861
test_15668,0.99
test_15669,0.99
test_15670,0.01
test_15671,0.90094763
test_15672,0.99
test_15673,0.01
test_15674,0.16277215
test_15675,0.03449359
test_15676,0.01
test_15677,0.01
test_15678,0.99
test_15679,0.54699993
test_15680,0.99
test_15681,0.01
test_15682,0.99
test_15683,0.86846066
test_15684,0.99
test_15685,0.01
test_15686,0.9814973
test_15687,0.021417733
test_15688,0.9846298
test_15689,0.67834324
test_15690,0.99
test_15691,0.1507375
test_15692,0.01
test_15693,0.9767095
test_15694,0.10380313
test_15695,0.98429674
test_15696,0.1094378
test_15697,0.9393606
test_15698,0.82952714
test_15699,0.99
test_15700,0.109434545
test_15701,0.48742038
test_15702,0.9133064
test_15703,0.22618686
test_15704,0.918224
test_15705,0.3860185
test_15706,0.56085604
test_15707,0.8016895
test_15708,0.01
test_15709,0.99
test_15710,0.99
test_15711,0.9248515
test_15712,0.06554631
test_15713,0.99
test_15714,0.84319645
test_15715,0.93879557
test_15716,0.96606076
test_15717,0.01
test_15718,0.99
test_15719,0.089017995
test_15720,0.9638223
test_15721,0.99
test_15722,0.99
test_15723,0.5530625
test_15724,0.052449647
test_15725,0.99
test_15726,0.7838924
test_15727,0.99
test_15728,0.02507772
test_15729,0.042635705
test_15730,0.01
test_15731,0.01
test_15732,0.059478328
test_15733,0.99
test_15734,0.17175424
test_15735,0.01
test_15736,0.01
test_15737,0.9842204
test_15738,0.5816085
test_15739,0.01
test_15740,0.01
test_15741,0.98094994
test_15742,0.23000649
test_15743,0.99
test_15744,0.99
test_15745,0.96128637
test_15746,0.99
test_15747,0.99
test_15748,0.045207925
test_15749,0.9428729
test_15750,0.99
test_15751,0.99
test_15752,0.83712864
test_15753,0.99
test_15754,0.12187407
test_15755,0.99
test_15756,0.01
test_15757,0.92624044
test_15758,0.669026
test_15759,0.49971336
test_15760,0.934702
test_15761,0.94716525
test_15762,0.91439146
test_15763,0.01
test_15764,0.8564908
test_15765,0.97795755
test_15766,0.17543761
test_15767,0.01
test_15768,0.50869
test_15769,0.03094527
test_15770,0.01
test_15771,0.121981025
test_15772,0.99
test_15773,0.0121695055
test_15774,0.99
test_15775,0.98386395
test_15776,0.01
test_15777,0.087040916
test_15778,0.01
test_15779,0.04270463
test_15780,0.2773792
test_15781,0.067336656
test_15782,0.98365235
test_15783,0.95507747
test_15784,0.32034498
test_15785,0.9869468
test_15786,0.99
test_15787,0.85132635
test_15788,0.2991457
test_15789,0.01
test_15790,0.95452887
test_15791,0.01
test_15792,0.99
test_15793,0.9477713
test_15794,0.56659603
test_15795,0.01
test_15796,0.035729807
test_15797,0.01
test_15798,0.011488193
test_15799,0.7731429
test_15800,0.99
test_15801,0.11536429
test_15802,0.5246786
test_15803,0.01
test_15804,0.01
test_15805,0.932001
test_15806,0.10295813
test_15807,0.8838719
test_15808,0.99
test_15809,0.96846884
test_15810,0.01
test_15811,0.80454504
test_15812,0.8190163
test_15813,0.9824332
test_15814,0.55452484
test_15815,0.73057204
test_15816,0.2105143
test_15817,0.210386
test_15818,0.4533514
test_15819,0.99
test_15820,0.01
test_15821,0.97921133
test_15822,0.01
test_15823,0.01
test_15824,0.98851275
test_15825,0.045508876
test_15826,0.01
test_15827,0.7654767
test_15828,0.99
test_15829,0.42534897
test_15830,0.10467425
test_15831,0.01
test_15832,0.99
test_15833,0.99
test_15834,0.07333741
test_15835,0.9150127
test_15836,0.61564314
test_15837,0.9454208
test_15838,0.8177628
test_15839,0.99
test_15840,0.01
test_15841,0.8824742
test_15842,0.99
test_15843,0.9595286
test_15844,0.15887202
test_15845,0.37486002
test_15846,0.01
test_15847,0.6945824
test_15848,0.01
test_15849,0.98610014
test_15850,0.2059766
test_15851,0.99
test_15852,0.01
test_15853,0.060421836
test_15854,0.96621084
test_15855,0.61539924
test_15856,0.92311084
test_15857,0.01
test_15858,0.01
test_15859,0.9537839
test_15860,0.99
test_15861,0.99
test_15862,0.01
test_15863,0.99
test_15864,0.99
test_15865,0.940905
test_15866,0.01
test_15867,0.99
test_15868,0.022012219
test_15869,0.01
test_15870,0.015809732
test_15871,0.47869843
test_15872,0.72674155
test_15873,0.01
test_15874,0.0343666
test_15875,0.01
test_15876,0.01
test_15877,0.99
test_15878,0.70514005
test_15879,0.01
test_15880,0.71768486
test_15881,0.01
test_15882,0.99
test_15883,0.5317967
test_15884,0.99
test_15885,0.4366335
test_15886,0.01
test_15887,0.91036904
test_15888,0.09118647
test_15889,0.10547401
test_15890,0.99
test_15891,0.7391338
test_15892,0.021453999
test_15893,0.9512427
test_15894,0.12849534
test_15895,0.99
test_15896,0.14041625
test_15897,0.941303
test_15898,0.13445851
test_15899,0.6956913
test_15900,0.99
test_15901,0.7676811
test_15902,0.31400836
test_15903,0.24513331
test_15904,0.17250745
test_15905,0.56393886
test_15906,0.0341301
test_15907,0.033918034
test_15908,0.32121325
test_15909,0.99
test_15910,0.99
test_15911,0.42657828
test_15912,0.98615175
test_15913,0.8616684
test_15914,0.87616384
test_15915,0.43261093
test_15916,0.01
test_15917,0.01
test_15918,0.06438998
test_15919,0.99
test_15920,0.98779035
test_15921,0.99
test_15922,0.020955577
test_15923,0.96013945
test_15924,0.33737597
test_15925,0.9462558
test_15926,0.9591453
test_15927,0.99
test_15928,0.99
test_15929,0.9607237
test_15930,0.7538096
test_15931,0.39933544
test_15932,0.8182884
test_15933,0.88822365
test_15934,0.01
test_15935,0.99
test_15936,0.8528862
test_15937,0.9506
test_15938,0.7465461
test_15939,0.01
test_15940,0.9601252
test_15941,0.21034178
test_15942,0.06184275
test_15943,0.4533309
test_15944,0.99
test_15945,0.8864738
test_15946,0.01
test_15947,0.047328535
test_15948,0.7849796
test_15949,0.024361586
test_15950,0.01
test_15951,0.01
test_15952,0.99
test_15953,0.01
test_15954,0.08918104
test_15955,0.01
test_15956,0.13116933
test_15957,0.01
test_15958,0.62478673
test_15959,0.99
test_15960,0.01
test_15961,0.55140156
test_15962,0.99
test_15963,0.072383024
test_15964,0.51966536
test_15965,0.01
test_15966,0.99
test_15967,0.97616315
test_15968,0.9324733
test_15969,0.9093299
test_15970,0.45328784
test_15971,0.01
test_15972,0.98373336
test_15973,0.13904472
test_15974,0.6499099
test_15975,0.01
test_15976,0.9822974
test_15977,0.9724046
test_15978,0.01
test_15979,0.987568
test_15980,0.25731978
test_15981,0.2866223
test_15982,0.01
test_15983,0.99
test_15984,0.8651842
test_15985,0.01
test_15986,0.024263404
test_15987,0.01
test_15988,0.99
test_15989,0.027653899
test_15990,0.044394527
test_15991,0.3980015
test_15992,0.4729012
test_15993,0.05279548
test_15994,0.9480459
test_15995,0.4113305
test_15996,0.34736887
test_15997,0.01
test_15998,0.4297847
test_15999,0.95994335
test_16000,0.01
test_16001,0.090302795
test_16002,0.011933815
test_16003,0.17240673
test_16004,0.50147676
test_16005,0.01
test_16006,0.9463374
test_16007,0.99
test_16008,0.5698254
test_16009,0.053330734
test_16010,0.6983573
test_16011,0.74592006
test_16012,0.01
test_16013,0.99
test_16014,0.29783672
test_16015,0.49469492
test_16016,0.026537526
test_16017,0.7878242
test_16018,0.92973876
test_16019,0.09057339
test_16020,0.88860065
test_16021,0.9691957
test_16022,0.047210243
test_16023,0.024135852
test_16024,0.01
test_16025,0.01
test_16026,0.21047874
test_16027,0.99
test_16028,0.68023604
test_16029,0.01
test_16030,0.01
test_16031,0.8827851
test_16032,0.988371
test_16033,0.01
test_16034,0.99
test_16035,0.01
test_16036,0.021084512
test_16037,0.018251056
test_16038,0.01
test_16039,0.01
test_16040,0.99
test_16041,0.99
test_16042,0.83369935
test_16043,0.99
test_16044,0.39091858
test_16045,0.9635027
test_16046,0.01
test_16047,0.5445575
test_16048,0.99
test_16049,0.16671221
test_16050,0.7732131
test_16051,0.99
test_16052,0.01
test_16053,0.71108544
test_16054,0.045576815
test_16055,0.9261908
test_16056,0.91095495
test_16057,0.988739
test_16058,0.3985208
test_16059,0.97405404
test_16060,0.99
test_16061,0.99
test_16062,0.43495795
test_16063,0.64246
test_16064,0.99
test_16065,0.99
test_16066,0.99
test_16067,0.21505651
test_16068,0.021892803
test_16069,0.9648457
test_16070,0.529354
test_16071,0.8830206
test_16072,0.01
test_16073,0.01
test_16074,0.01
test_16075,0.552145
test_16076,0.81886595
test_16077,0.94695663
test_16078,0.016590346
test_16079,0.6057618
test_16080,0.99
test_16081,0.94176966
test_16082,0.99
test_16083,0.01
test_16084,0.01
test_16085,0.01
test_16086,0.99
test_16087,0.99
test_16088,0.99
test_16089,0.07517554
test_16090,0.01
test_16091,0.30821642
test_16092,0.01
test_16093,0.01
test_16094,0.90970194
test_16095,0.92420465
test_16096,0.63126457
test_16097,0.95120734
test_16098,0.92779905
test_16099,0.9656182
test_16100,0.7738729
test_16101,0.582307
test_16102,0.99
test_16103,0.01
test_16104,0.60000664
test_16105,0.9831638
test_16106,0.8828828
test_16107,0.9260686
test_16108,0.16835703
test_16109,0.99
test_16110,0.01
test_16111,0.01
test_16112,0.99
test_16113,0.13769144
test_16114,0.19376796
test_16115,0.01
test_16116,0.7533791
test_16117,0.99
test_16118,0.047545727
test_16119,0.7144817
test_16120,0.01
test_16121,0.097110964
test_16122,0.01
test_16123,0.9690508
test_16124,0.97739124
test_16125,0.9827474
test_16126,0.21647875
test_16127,0.99
test_16128,0.8188753
test_16129,0.06431746
test_16130,0.99
test_16131,0.99
test_16132,0.99
test_16133,0.027105695
test_16134,0.99
test_16135,0.116877414
test_16136,0.8587453
test_16137,0.99
test_16138,0.99
test_16139,0.99
test_16140,0.54000014
test_16141,0.96969116
test_16142,0.01
test_16143,0.5210271
test_16144,0.37616104
test_16145,0.26659414
test_16146,0.01
test_16147,0.63266015
test_16148,0.020711053
test_16149,0.01
test_16150,0.9868195
test_16151,0.99
test_16152,0.01
test_16153,0.99
test_16154,0.23367229
test_16155,0.284109
test_16156,0.9858839
test_16157,0.044881545
test_16158,0.01
test_16159,0.01
test_16160,0.035771787
test_16161,0.021846626
test_16162,0.08645211
test_16163,0.5101673
test_16164,0.96334237
test_16165,0.01
test_16166,0.01
test_16167,0.052819725
test_16168,0.01
test_16169,0.99
test_16170,0.99
test_16171,0.39451024
test_16172,0.06752995
test_16173,0.46831045
test_16174,0.04634559
test_16175,0.99
test_16176,0.01
test_16177,0.3679521
test_16178,0.01
test_16179,0.01
test_16180,0.01
test_16181,0.01
test_16182,0.014369478
test_16183,0.12043584
test_16184,0.99
test_16185,0.94477105
test_16186,0.01
test_16187,0.28711593
test_16188,0.4087955
test_16189,0.9313927
test_16190,0.9675058
test_16191,0.27252063
test_16192,0.7253094
test_16193,0.063222356
test_16194,0.01
test_16195,0.99
test_16196,0.70491576
test_16197,0.01
test_16198,0.020950388
test_16199,0.74808353
test_16200,0.47068012
test_16201,0.028878758
test_16202,0.99
test_16203,0.01
test_16204,0.99
test_16205,0.96392316
test_16206,0.9756969
test_16207,0.86711925
test_16208,0.01
test_16209,0.9068582
test_16210,0.98776466
test_16211,0.99
test_16212,0.6573304
test_16213,0.01
test_16214,0.07820278
test_16215,0.67358935
test_16216,0.100658
test_16217,0.01
test_16218,0.98937523
test_16219,0.9176115
test_16220,0.9774476
test_16221,0.18654054
test_16222,0.98858625
test_16223,0.85254145
test_16224,0.9823638
test_16225,0.91567576
test_16226,0.99
test_16227,0.01
test_16228,0.01
test_16229,0.14137258
test_16230,0.010812291
test_16231,0.9842891
test_16232,0.01
test_16233,0.09359666
test_16234,0.01
test_16235,0.9489422
test_16236,0.01
test_16237,0.99
test_16238,0.96761227
test_16239,0.010357006
test_16240,0.99
test_16241,0.01
test_16242,0.17090036
test_16243,0.9324203
test_16244,0.99
test_16245,0.99
test_16246,0.98726404
test_16247,0.01
test_16248,0.91776377
test_16249,0.01
test_16250,0.99
test_16251,0.99
test_16252,0.63623047
test_16253,0.450674
test_16254,0.6845776
test_16255,0.02070971
test_16256,0.2820144
test_16257,0.52669567
test_16258,0.7803721
test_16259,0.4729917
test_16260,0.99
test_16261,0.2910046
test_16262,0.039813366
test_16263,0.99
test_16264,0.6484504
test_16265,0.99
test_16266,0.99
test_16267,0.01
test_16268,0.99
test_16269,0.01
test_16270,0.01
test_16271,0.99
test_16272,0.99
test_16273,0.99
test_16274,0.8323637
test_16275,0.01
test_16276,0.99
test_16277,0.99
test_16278,0.08572522
test_16279,0.01
test_16280,0.01
test_16281,0.5239539
test_16282,0.8790264
test_16283,0.01
test_16284,0.4398153
test_16285,0.56801045
test_16286,0.01
test_16287,0.99
test_16288,0.027060406
test_16289,0.9823186
test_16290,0.33770448
test_16291,0.99
test_16292,0.24719198
test_16293,0.15278299
test_16294,0.01
test_16295,0.88621163
test_16296,0.13070184
test_16297,0.99
test_16298,0.97327536
test_16299,0.074930124
test_16300,0.19052951
test_16301,0.43506995
test_16302,0.01
test_16303,0.78069615
test_16304,0.01
test_16305,0.3258673
test_16306,0.75926834
test_16307,0.99
test_16308,0.99
test_16309,0.99
test_16310,0.01
test_16311,0.010644765
test_16312,0.97480214
test_16313,0.01
test_16314,0.9807958
test_16315,0.4602298
test_16316,0.01
test_16317,0.98334575
test_16318,0.9815361
test_16319,0.376122
test_16320,0.9717238
test_16321,0.01
test_16322,0.5667052
test_16323,0.17987853
test_16324,0.86848193
test_16325,0.15672818
test_16326,0.93160826
test_16327,0.03584061
test_16328,0.50532156
test_16329,0.012945089
test_16330,0.64116865
test_16331,0.21945785
test_16332,0.83073837
test_16333,0.01
test_16334,0.01
test_16335,0.99
test_16336,0.01
test_16337,0.9617779
test_16338,0.34374022
test_16339,0.99
test_16340,0.01
test_16341,0.99
test_16342,0.40820366
test_16343,0.98260605
test_16344,0.8305134
test_16345,0.01
test_16346,0.38070744
test_16347,0.10015953
test_16348,0.99
test_16349,0.99
test_16350,0.9779864
test_16351,0.0740493
test_16352,0.99
test_16353,0.99
test_16354,0.01
test_16355,0.9894599
test_16356,0.8777261
test_16357,0.5484651
test_16358,0.67736924
test_16359,0.5407524
test_16360,0.054095928
test_16361,0.8136826
test_16362,0.9009603
test_16363,0.028790958
test_16364,0.21851279
test_16365,0.9596757
test_16366,0.9664943
test_16367,0.99
test_16368,0.01
test_16369,0.01
test_16370,0.01
test_16371,0.01
test_16372,0.98669666
test_16373,0.8441691
test_16374,0.069740675
test_16375,0.99
test_16376,0.26585904
test_16377,0.99
test_16378,0.41017553
test_16379,0.01
test_16380,0.01
test_16381,0.93382233
test_16382,0.3681244
test_16383,0.01
test_16384,0.99
test_16385,0.01
test_16386,0.46151534
test_16387,0.3371904
test_16388,0.81451845
test_16389,0.13843597
test_16390,0.99
test_16391,0.13657774
test_16392,0.99
test_16393,0.23854476
test_16394,0.9388289
test_16395,0.01
test_16396,0.823225
test_16397,0.01
test_16398,0.6210054
test_16399,0.01
test_16400,0.01
test_16401,0.99
test_16402,0.99
test_16403,0.9066857
test_16404,0.99
test_16405,0.01
test_16406,0.015044573
test_16407,0.984553
test_16408,0.6822932
test_16409,0.23267496
test_16410,0.023572922
test_16411,0.99
test_16412,0.08451162
test_16413,0.5451233
test_16414,0.99
test_16415,0.99
test_16416,0.01
test_16417,0.33149168
test_16418,0.90533364
test_16419,0.7421718
test_16420,0.018999852
test_16421,0.99
test_16422,0.99
test_16423,0.01
test_16424,0.11745113
test_16425,0.013327674
test_16426,0.9428142
test_16427,0.51080716
test_16428,0.01
test_16429,0.99
test_16430,0.01
test_16431,0.99
test_16432,0.01
test_16433,0.3493891
test_16434,0.6854698
test_16435,0.97265685
test_16436,0.5652889
test_16437,0.90165067
test_16438,0.99
test_16439,0.99
test_16440,0.99
test_16441,0.01
test_16442,0.99
test_16443,0.01
test_16444,0.98639315
test_16445,0.655398
test_16446,0.059951562
test_16447,0.9512656
test_16448,0.7007321
test_16449,0.99
test_16450,0.7325577
test_16451,0.9388662
test_16452,0.99
test_16453,0.9833794
test_16454,0.83060855
test_16455,0.99
test_16456,0.99
test_16457,0.98955977
test_16458,0.32677844
test_16459,0.99
test_16460,0.01
test_16461,0.22696973
test_16462,0.032102395
test_16463,0.99
test_16464,0.99
test_16465,0.607841
test_16466,0.671818
test_16467,0.8574271
test_16468,0.6722637
test_16469,0.99
test_16470,0.99
test_16471,0.86004317
test_16472,0.09076975
test_16473,0.023006452
test_16474,0.95110464
test_16475,0.41459253
test_16476,0.3212172
test_16477,0.013394664
test_16478,0.832727
test_16479,0.04027326
test_16480,0.99
test_16481,0.01
test_16482,0.99
test_16483,0.29579785
test_16484,0.07288551
test_16485,0.01
test_16486,0.23407975
test_16487,0.088498205
test_16488,0.6726595
test_16489,0.01
test_16490,0.26406616
test_16491,0.01
test_16492,0.02718118
test_16493,0.024687635
test_16494,0.01
test_16495,0.010380787
test_16496,0.102055386
test_16497,0.024085095
test_16498,0.01
test_16499,0.01
test_16500,0.01
test_16501,0.80865276
test_16502,0.94784164
test_16503,0.01
test_16504,0.99
test_16505,0.99
test_16506,0.087595955
test_16507,0.99
test_16508,0.9893975
test_16509,0.11429458
test_16510,0.09866258
test_16511,0.07991055
test_16512,0.01
test_16513,0.01
test_16514,0.020188088
test_16515,0.016077487
test_16516,0.99
test_16517,0.084468134
test_16518,0.99
test_16519,0.82510823
test_16520,0.25146118
test_16521,0.01
test_16522,0.99
test_16523,0.55665016
test_16524,0.8185371
test_16525,0.01
test_16526,0.99
test_16527,0.10698662
test_16528,0.01
test_16529,0.9725779
test_16530,0.01
test_16531,0.015764136
test_16532,0.99
test_16533,0.9364149
test_16534,0.01
test_16535,0.99
test_16536,0.7725894
test_16537,0.87465566
test_16538,0.014877705
test_16539,0.9521851
test_16540,0.6060625
test_16541,0.01
test_16542,0.43486652
test_16543,0.90011287
test_16544,0.22566712
test_16545,0.01
test_16546,0.99
test_16547,0.01
test_16548,0.01
test_16549,0.92519
test_16550,0.99
test_16551,0.99
test_16552,0.4308564
test_16553,0.01
test_16554,0.99
test_16555,0.01
test_16556,0.99
test_16557,0.1743834
test_16558,0.97703505
test_16559,0.9158512
test_16560,0.6891558
test_16561,0.05853197
test_16562,0.2104919
test_16563,0.2706834
test_16564,0.99
test_16565,0.9439997
test_16566,0.99
test_16567,0.3198059
test_16568,0.99
test_16569,0.69110924
test_16570,0.4283123
test_16571,0.96462446
test_16572,0.01
test_16573,0.99
test_16574,0.10934257
test_16575,0.4985043
test_16576,0.46498287
test_16577,0.01
test_16578,0.99
test_16579,0.26573995
test_16580,0.99
test_16581,0.01
test_16582,0.99
test_16583,0.30186448
test_16584,0.99
test_16585,0.01
test_16586,0.4526939
test_16587,0.99
test_16588,0.99
test_16589,0.99
test_16590,0.2614904
test_16591,0.7513407
test_16592,0.01
test_16593,0.969558
test_16594,0.0689505
test_16595,0.11758429
test_16596,0.31283152
test_16597,0.99
test_16598,0.7702808
test_16599,0.35922045
test_16600,0.98563415
test_16601,0.33033264
test_16602,0.75046194
test_16603,0.01566684
test_16604,0.99
test_16605,0.69155145
test_16606,0.44842944
test_16607,0.24910936
test_16608,0.99
test_16609,0.99
test_16610,0.01
test_16611,0.93757516
test_16612,0.14283091
test_16613,0.99
test_16614,0.01
test_16615,0.20670243
test_16616,0.01
test_16617,0.46275634
test_16618,0.11458268
test_16619,0.01
test_16620,0.01
test_16621,0.99
test_16622,0.99
test_16623,0.011070166
test_16624,0.99
test_16625,0.01
test_16626,0.8799202
test_16627,0.01
test_16628,0.9302989
test_16629,0.25182498
test_16630,0.56598806
test_16631,0.025237434
test_16632,0.99
test_16633,0.01
test_16634,0.6944735
test_16635,0.062111396
test_16636,0.8770434
test_16637,0.9295883
test_16638,0.99
test_16639,0.87817734
test_16640,0.9499583
test_16641,0.054607276
test_16642,0.99
test_16643,0.9710416
test_16644,0.9834682
test_16645,0.99
test_16646,0.99
test_16647,0.87027276
test_16648,0.99
test_16649,0.7749278
test_16650,0.12578641
test_16651,0.33677292
test_16652,0.96494496
test_16653,0.01
test_16654,0.99
test_16655,0.98982507
test_16656,0.01
test_16657,0.85444677
test_16658,0.9566577
test_16659,0.8004371
test_16660,0.99
test_16661,0.06275661
test_16662,0.99
test_16663,0.01
test_16664,0.99
test_16665,0.62452096
test_16666,0.44486615
test_16667,0.01
test_16668,0.97699463
test_16669,0.8860681
test_16670,0.0154462755
test_16671,0.01
test_16672,0.99
test_16673,0.23044454
test_16674,0.01
test_16675,0.94614726
test_16676,0.30243188
test_16677,0.01
test_16678,0.99
test_16679,0.3857116
test_16680,0.31770357
test_16681,0.44004497
test_16682,0.99
test_16683,0.5427614
test_16684,0.89216894
test_16685,0.028884603
test_16686,0.017568141
test_16687,0.985142
test_16688,0.91462666
test_16689,0.9473852
test_16690,0.99
test_16691,0.01
test_16692,0.9129053
test_16693,0.01
test_16694,0.99
test_16695,0.01
test_16696,0.01
test_16697,0.01
test_16698,0.67684007
test_16699,0.01
test_16700,0.9633695
test_16701,0.01
test_16702,0.098342784
test_16703,0.02519522
test_16704,0.2007802
test_16705,0.2817912
test_16706,0.99
test_16707,0.99
test_16708,0.8003952
test_16709,0.20107126
test_16710,0.99
test_16711,0.8724282
test_16712,0.8758336
test_16713,0.5035359
test_16714,0.01
test_16715,0.04697071
test_16716,0.01
test_16717,0.01
test_16718,0.9105848
test_16719,0.99
test_16720,0.03246757
test_16721,0.36012787
test_16722,0.99
test_16723,0.99
test_16724,0.7505228
test_16725,0.76632464
test_16726,0.01
test_16727,0.7366249
test_16728,0.9513568
test_16729,0.62241596
test_16730,0.8644458
test_16731,0.01
test_16732,0.01
test_16733,0.2304354
test_16734,0.99
test_16735,0.01
test_16736,0.93989044
test_16737,0.97915465
test_16738,0.99
test_16739,0.99
test_16740,0.99
test_16741,0.97941303
test_16742,0.011624724
test_16743,0.17785831
test_16744,0.4719409
test_16745,0.97100407
test_16746,0.02798666
test_16747,0.06274828
test_16748,0.20089194
test_16749,0.9780603
test_16750,0.99
test_16751,0.01
test_16752,0.0139365755
test_16753,0.99
test_16754,0.06656298
test_16755,0.8410928
test_16756,0.9455827
test_16757,0.2939704
test_16758,0.73814666
test_16759,0.01
test_16760,0.99
test_16761,0.99
test_16762,0.99
test_16763,0.48980248
test_16764,0.75867337
test_16765,0.98690295
test_16766,0.99
test_16767,0.94784755
test_16768,0.023386126
test_16769,0.99
test_16770,0.18632752
test_16771,0.45846945
test_16772,0.010555687
test_16773,0.08544358
test_16774,0.017616367
test_16775,0.01
test_16776,0.043965206
test_16777,0.013348891
test_16778,0.95690566
test_16779,0.01
test_16780,0.99
test_16781,0.01
test_16782,0.10404002
test_16783,0.99
test_16784,0.99
test_16785,0.52437025
test_16786,0.017868182
test_16787,0.7419626
test_16788,0.24799526
test_16789,0.99
test_16790,0.93517387
test_16791,0.01883361
test_16792,0.65321976
test_16793,0.014228277
test_16794,0.53760976
test_16795,0.01
test_16796,0.63167983
test_16797,0.08114761
test_16798,0.6029186
test_16799,0.9782315
test_16800,0.42513114
test_16801,0.99
test_16802,0.8720632
test_16803,0.01
test_16804,0.99
test_16805,0.99
test_16806,0.99
test_16807,0.65105367
test_16808,0.01
test_16809,0.9139907
test_16810,0.01
test_16811,0.260305
test_16812,0.3941593
test_16813,0.049267437
test_16814,0.99
test_16815,0.93439376
test_16816,0.63575447
test_16817,0.9330423
test_16818,0.14909871
test_16819,0.38680974
test_16820,0.7601465
test_16821,0.90777373
test_16822,0.99
test_16823,0.76787126
test_16824,0.99
test_16825,0.9661709
test_16826,0.663723
test_16827,0.01
test_16828,0.01
test_16829,0.014956453
test_16830,0.01
test_16831,0.13939546
test_16832,0.99
test_16833,0.9690263
test_16834,0.25215167
test_16835,0.99
test_16836,0.09056441
test_16837,0.20156972
test_16838,0.30865744
test_16839,0.9849754
test_16840,0.9890035
test_16841,0.99
test_16842,0.3797538
test_16843,0.01
test_16844,0.30816904
test_16845,0.09525651
test_16846,0.01
test_16847,0.48242632
test_16848,0.99
test_16849,0.99
test_16850,0.01
test_16851,0.049555253
test_16852,0.42655262
test_16853,0.01
test_16854,0.01
test_16855,0.01
test_16856,0.5298488
test_16857,0.99
test_16858,0.97745776
test_16859,0.24478044
test_16860,0.99
test_16861,0.9796861
test_16862,0.1826787
test_16863,0.8945168
test_16864,0.99
test_16865,0.99
test_16866,0.7487784
test_16867,0.9356428
test_16868,0.01
test_16869,0.018251494
test_16870,0.99
test_16871,0.45673695
test_16872,0.99
test_16873,0.9624435
test_16874,0.8855603
test_16875,0.01
test_16876,0.04151643
test_16877,0.01
test_16878,0.99
test_16879,0.8403342
test_16880,0.99
test_16881,0.010285316
test_16882,0.99
test_16883,0.99
test_16884,0.9827686
test_16885,0.16451648
test_16886,0.99
test_16887,0.084256545
test_16888,0.9072668
test_16889,0.95333755
test_16890,0.99
test_16891,0.01
test_16892,0.99
test_16893,0.81170505
test_16894,0.99
test_16895,0.72911954
test_16896,0.99
test_16897,0.37174565
test_16898,0.13458799
test_16899,0.22659053
test_16900,0.02890452
test_16901,0.9023132
test_16902,0.4604178
test_16903,0.98747265
test_16904,0.99
test_16905,0.01
test_16906,0.29428327
test_16907,0.99
test_16908,0.34510416
test_16909,0.91226226
test_16910,0.6775492
test_16911,0.55340886
test_16912,0.99
test_16913,0.14419176
test_16914,0.01
test_16915,0.99
test_16916,0.9818148
test_16917,0.01
test_16918,0.977821
test_16919,0.01
test_16920,0.21599583
test_16921,0.99
test_16922,0.4872709
test_16923,0.8324349
test_16924,0.346604
test_16925,0.01
test_16926,0.021756765
test_16927,0.6364019
test_16928,0.20274271
test_16929,0.9721876
test_16930,0.20912689
test_16931,0.7931972
test_16932,0.01
test_16933,0.94813603
test_16934,0.6542652
test_16935,0.98622614
test_16936,0.06419043
test_16937,0.8861533
test_16938,0.99
test_16939,0.25693795
test_16940,0.99
test_16941,0.94451106
test_16942,0.99
test_16943,0.97220504
test_16944,0.011874637
test_16945,0.2334941
test_16946,0.99
test_16947,0.24566126
test_16948,0.6781575
test_16949,0.8673078
test_16950,0.48057777
test_16951,0.85715365
test_16952,0.94336444
test_16953,0.91277343
test_16954,0.01
test_16955,0.18740055
test_16956,0.01
test_16957,0.92072785
test_16958,0.9898732
test_16959,0.06284857
test_16960,0.15488404
test_16961,0.01
test_16962,0.8233538
test_16963,0.067260556
test_16964,0.01
test_16965,0.99
test_16966,0.018547703
test_16967,0.8106087
test_16968,0.19808207
test_16969,0.92773414
test_16970,0.5821561
test_16971,0.7493099
test_16972,0.8660496
test_16973,0.99
test_16974,0.7464311
test_16975,0.9096068
test_16976,0.0643987
test_16977,0.6325387
test_16978,0.9377266
test_16979,0.01
test_16980,0.99
test_16981,0.9827948
test_16982,0.16515176
test_16983,0.99
test_16984,0.23443383
test_16985,0.01
test_16986,0.65132624
test_16987,0.01
test_16988,0.062456757
test_16989,0.02474141
test_16990,0.01
test_16991,0.3197615
test_16992,0.99
test_16993,0.68116325
test_16994,0.017130757
test_16995,0.98113763
test_16996,0.9018084
test_16997,0.23415159
test_16998,0.3952799
test_16999,0.99
test_17000,0.01
test_17001,0.99
test_17002,0.8968069
test_17003,0.090666704
test_17004,0.01
test_17005,0.6808583
test_17006,0.4323084
test_17007,0.98305756
test_17008,0.99
test_17009,0.9654696
test_17010,0.99
test_17011,0.61813587
test_17012,0.22018296
test_17013,0.605125
test_17014,0.012580506
test_17015,0.9211572
test_17016,0.85904855
test_17017,0.5523436
test_17018,0.9645024
test_17019,0.01
test_17020,0.3919822
test_17021,0.99
test_17022,0.01
test_17023,0.01
test_17024,0.46741995
test_17025,0.01
test_17026,0.66059697
test_17027,0.99
test_17028,0.99
test_17029,0.8926394
test_17030,0.31456155
test_17031,0.016045542
test_17032,0.99
test_17033,0.18204373
test_17034,0.022871302
test_17035,0.9684931
test_17036,0.99
test_17037,0.97387874
test_17038,0.23983464
test_17039,0.8559922
test_17040,0.137648
test_17041,0.4601701
test_17042,0.032572288
test_17043,0.01
test_17044,0.8614623
test_17045,0.31923103
test_17046,0.99
test_17047,0.70828986
test_17048,0.89074993
test_17049,0.98663145
test_17050,0.2756051
test_17051,0.95690453
test_17052,0.0970157
test_17053,0.942759
test_17054,0.9619393
test_17055,0.28271234
test_17056,0.99
test_17057,0.13222761
test_17058,0.01
test_17059,0.01
test_17060,0.94948965
test_17061,0.015557986
test_17062,0.38955194
test_17063,0.9827188
test_17064,0.01
test_17065,0.7442749
test_17066,0.01
test_17067,0.91696846
test_17068,0.019026628
test_17069,0.99
test_17070,0.8717665
test_17071,0.99
test_17072,0.88776964
test_17073,0.4765185
test_17074,0.99
test_17075,0.65583366
test_17076,0.01
test_17077,0.8625722
test_17078,0.50624454
test_17079,0.97835255
test_17080,0.99
test_17081,0.55752456
test_17082,0.9786905
test_17083,0.49094567
test_17084,0.048219163
test_17085,0.95892483
test_17086,0.01
test_17087,0.94679964
test_17088,0.99
test_17089,0.01
test_17090,0.22941577
test_17091,0.14668058
test_17092,0.01
test_17093,0.02838445
test_17094,0.01
test_17095,0.97873914
test_17096,0.01
test_17097,0.99
test_17098,0.40544733
test_17099,0.69543725
test_17100,0.012730677
test_17101,0.04506772
test_17102,0.99
test_17103,0.01
test_17104,0.55765307
test_17105,0.99
test_17106,0.99
test_17107,0.01
test_17108,0.06291584
test_17109,0.99
test_17110,0.99
test_17111,0.93253815
test_17112,0.99
test_17113,0.99
test_17114,0.99
test_17115,0.22299851
test_17116,0.22629878
test_17117,0.5572219
test_17118,0.05127136
test_17119,0.9545361
test_17120,0.3262802
test_17121,0.6369088
test_17122,0.99
test_17123,0.99
test_17124,0.01
test_17125,0.17446424
test_17126,0.044426654
test_17127,0.78209025
test_17128,0.93045115
test_17129,0.9673346
test_17130,0.6763888
test_17131,0.023017954
test_17132,0.8679703
test_17133,0.01
test_17134,0.082976334
test_17135,0.01
test_17136,0.99
test_17137,0.99
test_17138,0.18228292
test_17139,0.9757032
test_17140,0.03423205
test_17141,0.59970754
test_17142,0.83439124
test_17143,0.99
test_17144,0.01
test_17145,0.019777846
test_17146,0.14848647
test_17147,0.99
test_17148,0.01
test_17149,0.6022863
test_17150,0.99
test_17151,0.99
test_17152,0.01
test_17153,0.01
test_17154,0.01
test_17155,0.01
test_17156,0.01974376
test_17157,0.601707
test_17158,0.39282733
test_17159,0.01
test_17160,0.011548468
test_17161,0.99
test_17162,0.72271574
test_17163,0.99
test_17164,0.16548958
test_17165,0.5795141
test_17166,0.97183394
test_17167,0.98262817
test_17168,0.5635991
test_17169,0.99
test_17170,0.99
test_17171,0.6861614
test_17172,0.9822942
test_17173,0.99
test_17174,0.9777085
test_17175,0.9824206
test_17176,0.9697945
test_17177,0.9891044
test_17178,0.99
test_17179,0.016153904
test_17180,0.80020076
test_17181,0.99
test_17182,0.014040241
test_17183,0.9759437
test_17184,0.01
test_17185,0.04345444
test_17186,0.82536185
test_17187,0.7701508
test_17188,0.01
test_17189,0.29590246
test_17190,0.058579043
test_17191,0.5432163
test_17192,0.99
test_17193,0.24309169
test_17194,0.6789948
test_17195,0.0156599
test_17196,0.7322219
test_17197,0.01
test_17198,0.01
test_17199,0.023184424
test_17200,0.30187964
test_17201,0.01
test_17202,0.37739673
test_17203,0.01
test_17204,0.99
test_17205,0.01
test_17206,0.96159834
test_17207,0.01
test_17208,0.8116846
test_17209,0.99
test_17210,0.58248055
test_17211,0.3529163
test_17212,0.99
test_17213,0.99
test_17214,0.99
test_17215,0.96654004
test_17216,0.04599654
test_17217,0.49236524
test_17218,0.01
test_17219,0.96441376
test_17220,0.01
test_17221,0.01
test_17222,0.99
test_17223,0.9153566
test_17224,0.8139419
test_17225,0.025179943
test_17226,0.7465904
test_17227,0.9668032
test_17228,0.99
test_17229,0.9452992
test_17230,0.99
test_17231,0.8003963
test_17232,0.058769923
test_17233,0.99
test_17234,0.53677106
test_17235,0.99
test_17236,0.10467982
test_17237,0.95526606
test_17238,0.11858009
test_17239,0.99
test_17240,0.99
test_17241,0.090742975
test_17242,0.41700444
test_17243,0.01
test_17244,0.99
test_17245,0.01
test_17246,0.076533526
test_17247,0.01
test_17248,0.4558365
test_17249,0.99
test_17250,0.044011045
test_17251,0.99
test_17252,0.9851334
test_17253,0.01
test_17254,0.5745125
test_17255,0.99
test_17256,0.01
test_17257,0.039212637
test_17258,0.28886864
test_17259,0.9552605
test_17260,0.01
test_17261,0.42369112
test_17262,0.01
test_17263,0.99
test_17264,0.99
test_17265,0.9815715
test_17266,0.01
test_17267,0.06935837
test_17268,0.9244788
test_17269,0.889082
test_17270,0.11658744
test_17271,0.99
test_17272,0.17886905
test_17273,0.99
test_17274,0.01042702
test_17275,0.75859797
test_17276,0.8390981
test_17277,0.99
test_17278,0.99
test_17279,0.19353023
test_17280,0.011301375
test_17281,0.01
test_17282,0.99
test_17283,0.64632934
test_17284,0.029586919
test_17285,0.99
test_17286,0.99
test_17287,0.40269873
test_17288,0.20130233
test_17289,0.99
test_17290,0.01
test_17291,0.9744358
test_17292,0.9339659
test_17293,0.037534673
test_17294,0.77014554
test_17295,0.060738422
test_17296,0.657906
test_17297,0.5450935
test_17298,0.99
test_17299,0.28093785
test_17300,0.8743842
test_17301,0.98556596
test_17302,0.47485834
test_17303,0.012151016
test_17304,0.01
test_17305,0.6557332
test_17306,0.91335344
test_17307,0.9579409
test_17308,0.9863652
test_17309,0.9026556
test_17310,0.3029158
test_17311,0.01
test_17312,0.024714993
test_17313,0.5442782
test_17314,0.86071575
test_17315,0.6025855
test_17316,0.8708245
test_17317,0.879646
test_17318,0.012691816
test_17319,0.93085825
test_17320,0.9554021
test_17321,0.4054572
test_17322,0.4498766
test_17323,0.99
test_17324,0.01
test_17325,0.1141444
test_17326,0.28833854
test_17327,0.030806785
test_17328,0.07272966
test_17329,0.01
test_17330,0.01
test_17331,0.7638503
test_17332,0.8373378
test_17333,0.5609638
test_17334,0.01
test_17335,0.8873413
test_17336,0.9308798
test_17337,0.01
test_17338,0.90442353
test_17339,0.31015626
test_17340,0.90663934
test_17341,0.08011434
test_17342,0.73482597
test_17343,0.8543232
test_17344,0.9859104
test_17345,0.02897245
test_17346,0.96673954
test_17347,0.43720552
test_17348,0.03391602
test_17349,0.01
test_17350,0.1589828
test_17351,0.07423504
test_17352,0.99
test_17353,0.99
test_17354,0.01
test_17355,0.01
test_17356,0.01
test_17357,0.99
test_17358,0.012866933
test_17359,0.89115465
test_17360,0.99
test_17361,0.5428284
test_17362,0.01
test_17363,0.01
test_17364,0.01
test_17365,0.1594866
test_17366,0.115349874
test_17367,0.086133346
test_17368,0.99
test_17369,0.84204
test_17370,0.6169511
test_17371,0.99
test_17372,0.84219944
test_17373,0.01
test_17374,0.99
test_17375,0.13993433
test_17376,0.023127122
test_17377,0.01
test_17378,0.027980564
test_17379,0.9646461
test_17380,0.9644287
test_17381,0.012814849
test_17382,0.55478054
test_17383,0.9887997
test_17384,0.01
test_17385,0.01
test_17386,0.01
test_17387,0.01
test_17388,0.013132384
test_17389,0.01
test_17390,0.07522833
test_17391,0.9802762
test_17392,0.01
test_17393,0.44375333
test_17394,0.45086783
test_17395,0.08251448
test_17396,0.5825911
test_17397,0.015029861
test_17398,0.83116275
test_17399,0.036698632
test_17400,0.9256471
test_17401,0.14751051
test_17402,0.1107815
test_17403,0.99
test_17404,0.44181097
test_17405,0.99
test_17406,0.11983307
test_17407,0.748436
test_17408,0.1323886
test_17409,0.99
test_17410,0.99
test_17411,0.99
test_17412,0.8762528
test_17413,0.2043091
test_17414,0.01
test_17415,0.45433366
test_17416,0.67770284
test_17417,0.99
test_17418,0.100787245
test_17419,0.01
test_17420,0.96663594
test_17421,0.98617506
test_17422,0.9203984
test_17423,0.99
test_17424,0.98292357
test_17425,0.01
test_17426,0.14261185
test_17427,0.9725372
test_17428,0.024209917
test_17429,0.24769902
test_17430,0.23096901
test_17431,0.091037504
test_17432,0.2729463
test_17433,0.01853246
test_17434,0.99
test_17435,0.09629846
test_17436,0.3480341
test_17437,0.45590693
test_17438,0.99
test_17439,0.01
test_17440,0.010108483
test_17441,0.99
test_17442,0.056074772
test_17443,0.99
test_17444,0.039489772
test_17445,0.024174327
test_17446,0.99
test_17447,0.01
test_17448,0.75846255
test_17449,0.99
test_17450,0.99
test_17451,0.8043398
test_17452,0.15161912
test_17453,0.9669043
test_17454,0.95876557
test_17455,0.030711237
test_17456,0.01
test_17457,0.86453736
test_17458,0.9000713
test_17459,0.035787556
test_17460,0.96590227
test_17461,0.8786094
test_17462,0.7403162
test_17463,0.01
test_17464,0.01
test_17465,0.3991638
test_17466,0.02947726
test_17467,0.99
test_17468,0.99
test_17469,0.8991532
test_17470,0.01
test_17471,0.94159955
test_17472,0.01
test_17473,0.9826156
test_17474,0.64004296
test_17475,0.02642948
test_17476,0.99
test_17477,0.62103885
test_17478,0.01
test_17479,0.01
test_17480,0.99
test_17481,0.8296832
test_17482,0.5858754
test_17483,0.01
test_17484,0.01
test_17485,0.01
test_17486,0.01
test_17487,0.1095617
test_17488,0.14175047
test_17489,0.01
test_17490,0.015019995
test_17491,0.99
test_17492,0.094625026
test_17493,0.99
test_17494,0.01
test_17495,0.99
test_17496,0.8736936
test_17497,0.24044807
test_17498,0.031120863
test_17499,0.99
test_17500,0.01
test_17501,0.8216797
test_17502,0.03270231
test_17503,0.01
test_17504,0.04816291
test_17505,0.06159197
test_17506,0.01
test_17507,0.99
test_17508,0.98085463
test_17509,0.64549243
test_17510,0.01
test_17511,0.99
test_17512,0.38835368
test_17513,0.95343465
test_17514,0.99
test_17515,0.99
test_17516,0.09223416
test_17517,0.23363733
test_17518,0.927532
test_17519,0.01
test_17520,0.034276642
test_17521,0.99
test_17522,0.111827746
test_17523,0.9309352
test_17524,0.9654358
test_17525,0.99
test_17526,0.99
test_17527,0.01
test_17528,0.27030757
test_17529,0.5894245
test_17530,0.99
test_17531,0.01
test_17532,0.27885923
test_17533,0.25358024
test_17534,0.4366715
test_17535,0.026523516
test_17536,0.060646527
test_17537,0.99
test_17538,0.99
test_17539,0.01
test_17540,0.01
test_17541,0.99
test_17542,0.99
test_17543,0.9786975
test_17544,0.01
test_17545,0.99
test_17546,0.99
test_17547,0.9279459
test_17548,0.9675341
test_17549,0.5365642
test_17550,0.010850516
test_17551,0.010053968
test_17552,0.99
test_17553,0.017563844
test_17554,0.99
test_17555,0.16691676
test_17556,0.18838763
test_17557,0.98876613
test_17558,0.89337355
test_17559,0.99
test_17560,0.0698489
test_17561,0.25524607
test_17562,0.023302894
test_17563,0.043585293
test_17564,0.01
test_17565,0.69172686
test_17566,0.01
test_17567,0.6706176
test_17568,0.99
test_17569,0.01
test_17570,0.6989104
test_17571,0.01
test_17572,0.9804802
test_17573,0.99
test_17574,0.17258444
test_17575,0.95907706
test_17576,0.94202065
test_17577,0.19116461
test_17578,0.01
test_17579,0.17260881
test_17580,0.98084944
test_17581,0.99
test_17582,0.99
test_17583,0.7875538
test_17584,0.1683537
test_17585,0.5797432
test_17586,0.026100425
test_17587,0.9764974
test_17588,0.01
test_17589,0.99
test_17590,0.010433634
test_17591,0.29025024
test_17592,0.22715881
test_17593,0.99
test_17594,0.02644083
test_17595,0.9013823
test_17596,0.015619239
test_17597,0.99
test_17598,0.7579105
test_17599,0.9625679
test_17600,0.44021073
test_17601,0.045994718
test_17602,0.46431726
test_17603,0.99
test_17604,0.56458575
test_17605,0.01
test_17606,0.98657155
test_17607,0.9173945
test_17608,0.01
test_17609,0.9822453
test_17610,0.9481593
test_17611,0.19491428
test_17612,0.26611295
test_17613,0.016987173
test_17614,0.99
test_17615,0.01
test_17616,0.99
test_17617,0.017081764
test_17618,0.01
test_17619,0.35431734
test_17620,0.27400792
test_17621,0.01
test_17622,0.9199401
test_17623,0.86891276
test_17624,0.99
test_17625,0.99
test_17626,0.06884487
test_17627,0.01
test_17628,0.99
test_17629,0.89175016
test_17630,0.06392328
test_17631,0.85741025
test_17632,0.931367
test_17633,0.989589
test_17634,0.021996953
test_17635,0.84348214
test_17636,0.040313706
test_17637,0.01
test_17638,0.42363656
test_17639,0.44832498
test_17640,0.9146643
test_17641,0.11875586
test_17642,0.1327101
test_17643,0.01
test_17644,0.8389722
test_17645,0.9625876
test_17646,0.013011797
test_17647,0.1765405
test_17648,0.26298755
test_17649,0.09743957
test_17650,0.01
test_17651,0.9796098
test_17652,0.5075354
test_17653,0.060612604
test_17654,0.014757913
test_17655,0.01
test_17656,0.9498484
test_17657,0.99
test_17658,0.01
test_17659,0.01
test_17660,0.94903094
test_17661,0.97434527
test_17662,0.01
test_17663,0.95841414
test_17664,0.83347106
test_17665,0.01
test_17666,0.3520934
test_17667,0.99
test_17668,0.27291936
test_17669,0.01915252
test_17670,0.01
test_17671,0.051729534
test_17672,0.99
test_17673,0.99
test_17674,0.45632982
test_17675,0.99
test_17676,0.99
test_17677,0.8975517
test_17678,0.01
test_17679,0.043087307
test_17680,0.26910496
test_17681,0.99
test_17682,0.8642362
test_17683,0.99
test_17684,0.99
test_17685,0.34163454
test_17686,0.01
test_17687,0.01
test_17688,0.01
test_17689,0.06441959
test_17690,0.956167
test_17691,0.07199692
test_17692,0.9656205
test_17693,0.99
test_17694,0.023785232
test_17695,0.99
test_17696,0.99
test_17697,0.017413922
test_17698,0.01
test_17699,0.07702051
test_17700,0.13586205
test_17701,0.98972476
test_17702,0.23088658
test_17703,0.07737101
test_17704,0.03246502
test_17705,0.01
test_17706,0.99
test_17707,0.28225356
test_17708,0.92761153
test_17709,0.4834377
test_17710,0.2736918
test_17711,0.9879391
test_17712,0.25193414
test_17713,0.12582292
test_17714,0.5804971
test_17715,0.08269242
test_17716,0.11444048
test_17717,0.99
test_17718,0.9333455
test_17719,0.01
test_17720,0.01
test_17721,0.01
test_17722,0.40142372
test_17723,0.02352222
test_17724,0.5872693
test_17725,0.01
test_17726,0.5881272
test_17727,0.38365918
test_17728,0.12559898
test_17729,0.95203596
test_17730,0.99
test_17731,0.09519295
test_17732,0.99
test_17733,0.24177255
test_17734,0.084436774
test_17735,0.01
test_17736,0.99
test_17737,0.99
test_17738,0.7672058
test_17739,0.085023515
test_17740,0.071353324
test_17741,0.99
test_17742,0.9244705
test_17743,0.99
test_17744,0.9062047
test_17745,0.01
test_17746,0.17953621
test_17747,0.083544165
test_17748,0.99
test_17749,0.99
test_17750,0.49207538
test_17751,0.98998904
test_17752,0.012534092
test_17753,0.01
test_17754,0.08919499
test_17755,0.99
test_17756,0.01
test_17757,0.4054186
test_17758,0.01
test_17759,0.07069988
test_17760,0.04604081
test_17761,0.9322084
test_17762,0.9702516
test_17763,0.66454643
test_17764,0.8151033
test_17765,0.8940173
test_17766,0.21116325
test_17767,0.5656461
test_17768,0.98399425
test_17769,0.01
test_17770,0.01
test_17771,0.15618081
test_17772,0.64214927
test_17773,0.83743465
test_17774,0.01
test_17775,0.91240877
test_17776,0.9414754
test_17777,0.017705554
test_17778,0.14035305
test_17779,0.9837841
test_17780,0.99
test_17781,0.01
test_17782,0.81890476
test_17783,0.88002455
test_17784,0.97190195
test_17785,0.9651016
test_17786,0.06858902
test_17787,0.8639802
test_17788,0.99
test_17789,0.01
test_17790,0.01
test_17791,0.57357824
test_17792,0.20831113
test_17793,0.01
test_17794,0.103881076
test_17795,0.14913367
test_17796,0.21138915
test_17797,0.99
test_17798,0.01
test_17799,0.01
test_17800,0.91815895
test_17801,0.99
test_17802,0.92729795
test_17803,0.01
test_17804,0.99
test_17805,0.22230558
test_17806,0.14741328
test_17807,0.99
test_17808,0.031822935
test_17809,0.059919793
test_17810,0.05533181
test_17811,0.60572475
test_17812,0.01
test_17813,0.311449
test_17814,0.01
test_17815,0.9661916
test_17816,0.99
test_17817,0.6847322
test_17818,0.1130072
test_17819,0.99
test_17820,0.8360258
test_17821,0.98035496
test_17822,0.68222183
test_17823,0.010723279
test_17824,0.012134691
test_17825,0.103488006
test_17826,0.33324352
test_17827,0.98544157
test_17828,0.99
test_17829,0.9819655
test_17830,0.99
test_17831,0.98118436
test_17832,0.01
test_17833,0.99
test_17834,0.014562146
test_17835,0.9767135
test_17836,0.99
test_17837,0.86229485
test_17838,0.99
test_17839,0.98991686
test_17840,0.9467151
test_17841,0.99
test_17842,0.99
test_17843,0.017193872
test_17844,0.01
test_17845,0.26365712
test_17846,0.01
test_17847,0.019234017
test_17848,0.99
test_17849,0.891052
test_17850,0.019395418
test_17851,0.7171662
test_17852,0.99
test_17853,0.9581106
test_17854,0.01
test_17855,0.01
test_17856,0.9429275
test_17857,0.93493897
test_17858,0.97800225
test_17859,0.99
test_17860,0.01
test_17861,0.65714127
test_17862,0.99
test_17863,0.011406854
test_17864,0.01
test_17865,0.42636442
test_17866,0.09195615
test_17867,0.6159916
test_17868,0.03730459
test_17869,0.7482269
test_17870,0.72664815
test_17871,0.17077824
test_17872,0.01
test_17873,0.8714747
test_17874,0.01
test_17875,0.99
test_17876,0.01
test_17877,0.08510662
test_17878,0.9463118
test_17879,0.8291242
test_17880,0.088149995
test_17881,0.016120177
test_17882,0.023074647
test_17883,0.8523412
test_17884,0.97639036
test_17885,0.99
test_17886,0.66044855
test_17887,0.99
test_17888,0.015144577
test_17889,0.99
test_17890,0.99
test_17891,0.26123312
test_17892,0.84828526
test_17893,0.571698
test_17894,0.99
test_17895,0.4648209
test_17896,0.94980884
test_17897,0.01
test_17898,0.4096695
test_17899,0.88770545
test_17900,0.9883807
test_17901,0.4842184
test_17902,0.99
test_17903,0.99
test_17904,0.97030926
test_17905,0.46154287
test_17906,0.99
test_17907,0.01
test_17908,0.01
test_17909,0.99
test_17910,0.01
test_17911,0.01
test_17912,0.99
test_17913,0.01
test_17914,0.7907412
test_17915,0.99
test_17916,0.010007574
test_17917,0.0891738
test_17918,0.44699526
test_17919,0.016782917
test_17920,0.01
test_17921,0.99
test_17922,0.99
test_17923,0.99
test_17924,0.26617864
test_17925,0.01
test_17926,0.4147358
test_17927,0.4807309
test_17928,0.46823564
test_17929,0.056658197
test_17930,0.052170284
test_17931,0.986463
test_17932,0.53323567
test_17933,0.99
test_17934,0.7602221
test_17935,0.6780143
test_17936,0.99
test_17937,0.01
test_17938,0.01
test_17939,0.03909119
test_17940,0.6889524
test_17941,0.39466968
test_17942,0.99
test_17943,0.21870005
test_17944,0.99
test_17945,0.01
test_17946,0.01
test_17947,0.97229
test_17948,0.1899553
test_17949,0.5611884
test_17950,0.15599377
test_17951,0.2856501
test_17952,0.050373826
test_17953,0.99
test_17954,0.39920637
test_17955,0.13098943
test_17956,0.82350886
test_17957,0.01
test_17958,0.9777123
test_17959,0.01
test_17960,0.01
test_17961,0.01
test_17962,0.01
test_17963,0.99
test_17964,0.45529893
test_17965,0.99
test_17966,0.9531627
test_17967,0.09950966
test_17968,0.99
test_17969,0.01
test_17970,0.1153724
test_17971,0.8052132
test_17972,0.99
test_17973,0.22692063
test_17974,0.55836195
test_17975,0.010314563
test_17976,0.99
test_17977,0.96593595
test_17978,0.99
test_17979,0.6128112
test_17980,0.8138596
test_17981,0.9201714
test_17982,0.99
test_17983,0.034246672
test_17984,0.7806016
test_17985,0.064533055
test_17986,0.01
test_17987,0.99
test_17988,0.99
test_17989,0.99
test_17990,0.24834903
test_17991,0.21767817
test_17992,0.87968856
test_17993,0.9671907
test_17994,0.0301744
test_17995,0.055831134
test_17996,0.99
test_17997,0.99
test_17998,0.30742002
test_17999,0.99
test_18000,0.1141484
test_18001,0.01
test_18002,0.99
test_18003,0.99
test_18004,0.060257792
test_18005,0.6015036
test_18006,0.9187069
test_18007,0.32759967
test_18008,0.99
test_18009,0.99
test_18010,0.013706041
test_18011,0.99
test_18012,0.019649051
test_18013,0.9888454
test_18014,0.01
test_18015,0.01
test_18016,0.01
test_18017,0.16580133
test_18018,0.01
test_18019,0.021162013
test_18020,0.4470858
test_18021,0.61048573
test_18022,0.29517666
test_18023,0.91715103
test_18024,0.01
test_18025,0.01
test_18026,0.759184
test_18027,0.01
test_18028,0.99
test_18029,0.59012085
test_18030,0.8501654
test_18031,0.299108
test_18032,0.17407899
test_18033,0.99
test_18034,0.9371075
test_18035,0.020919552
test_18036,0.8102258
test_18037,0.01
test_18038,0.28306365
test_18039,0.40126765
test_18040,0.99
test_18041,0.99
test_18042,0.96848744
test_18043,0.01
test_18044,0.84463674
test_18045,0.01
test_18046,0.99
test_18047,0.01
test_18048,0.97853357
test_18049,0.68509376
test_18050,0.99
test_18051,0.01
test_18052,0.7368333
test_18053,0.08639876
test_18054,0.045760468
test_18055,0.87494564
test_18056,0.01
test_18057,0.63141114
test_18058,0.01
test_18059,0.12394193
test_18060,0.65589005
test_18061,0.94416845
test_18062,0.20837286
test_18063,0.08852973
test_18064,0.63134056
test_18065,0.5020517
test_18066,0.96863806
test_18067,0.47860247
test_18068,0.99
test_18069,0.97204745
test_18070,0.755552
test_18071,0.028549744
test_18072,0.99
test_18073,0.016457079
test_18074,0.01
test_18075,0.99
test_18076,0.99
test_18077,0.01
test_18078,0.8485938
test_18079,0.98735565
test_18080,0.99
test_18081,0.9894386
test_18082,0.9879479
test_18083,0.19380796
test_18084,0.99
test_18085,0.01
test_18086,0.9154656
test_18087,0.01
test_18088,0.26216066
test_18089,0.01
test_18090,0.031621777
test_18091,0.8949416
test_18092,0.99
test_18093,0.99
test_18094,0.01
test_18095,0.9827779
test_18096,0.45738453
test_18097,0.9740744
test_18098,0.99
test_18099,0.99
test_18100,0.01
test_18101,0.5961781
test_18102,0.99
test_18103,0.010414858
test_18104,0.20359142
test_18105,0.92791677
test_18106,0.99
test_18107,0.69311035
test_18108,0.14815797
test_18109,0.01
test_18110,0.7038665
test_18111,0.8909642
test_18112,0.01
test_18113,0.97922784
test_18114,0.73534185
test_18115,0.98482126
test_18116,0.99
test_18117,0.01
test_18118,0.37882155
test_18119,0.09959706
test_18120,0.01
test_18121,0.1910988
test_18122,0.021646136
test_18123,0.15082303
test_18124,0.01
test_18125,0.9078964
test_18126,0.10294719
test_18127,0.01
test_18128,0.01
test_18129,0.01
test_18130,0.016813735
test_18131,0.018054701
test_18132,0.01
test_18133,0.033821028
test_18134,0.01
test_18135,0.012464594
test_18136,0.88464814
test_18137,0.015171269
test_18138,0.0484332
test_18139,0.01
test_18140,0.01
test_18141,0.01
test_18142,0.010103287
test_18143,0.99
test_18144,0.028908163
test_18145,0.43442476
test_18146,0.9306647
test_18147,0.01
test_18148,0.8783776
test_18149,0.18000114
test_18150,0.88955927
test_18151,0.01
test_18152,0.99
test_18153,0.22124466
test_18154,0.99
test_18155,0.9531549
test_18156,0.15905154
test_18157,0.9896986
test_18158,0.99
test_18159,0.01
test_18160,0.032641567
test_18161,0.609286
test_18162,0.04930249
test_18163,0.21115689
test_18164,0.8730397
test_18165,0.54402274
test_18166,0.070314415
test_18167,0.99
test_18168,0.8745031
test_18169,0.11239458
test_18170,0.99
test_18171,0.1178501
test_18172,0.99
test_18173,0.99
test_18174,0.99
test_18175,0.35751465
test_18176,0.48958567
test_18177,0.30632448
test_18178,0.99
test_18179,0.9130806
test_18180,0.98286486
test_18181,0.5688348
test_18182,0.8053078
test_18183,0.01
test_18184,0.87839156
test_18185,0.119538344
test_18186,0.69693214
test_18187,0.57350767
test_18188,0.9658095
test_18189,0.9396574
test_18190,0.98512334
test_18191,0.99
test_18192,0.80566496
test_18193,0.99
test_18194,0.21965319
test_18195,0.89564353
test_18196,0.57611686
test_18197,0.99
test_18198,0.022215715
test_18199,0.80750155
test_18200,0.90317565
test_18201,0.01
test_18202,0.98027337
test_18203,0.9712228
test_18204,0.98780686
test_18205,0.9816217
test_18206,0.04228833
test_18207,0.99
test_18208,0.035617784
test_18209,0.071302645
test_18210,0.99
test_18211,0.0819607
test_18212,0.01850481
test_18213,0.015579698
test_18214,0.69027984
test_18215,0.99
test_18216,0.2799448
test_18217,0.7765176
test_18218,0.99
test_18219,0.01
test_18220,0.22101736
test_18221,0.26296118
test_18222,0.01
test_18223,0.020261316
test_18224,0.99
test_18225,0.99
test_18226,0.71328557
test_18227,0.9893635
test_18228,0.1260357
test_18229,0.249021
test_18230,0.99
test_18231,0.99
test_18232,0.88178754
test_18233,0.99
test_18234,0.53278995
test_18235,0.86621696
test_18236,0.29388443
test_18237,0.025341192
test_18238,0.38406846
test_18239,0.75361484
test_18240,0.6733717
test_18241,0.036235813
test_18242,0.01
test_18243,0.050995775
test_18244,0.8279302
test_18245,0.99
test_18246,0.99
test_18247,0.21232463
test_18248,0.70843935
test_18249,0.2656392
test_18250,0.01
test_18251,0.01
test_18252,0.9172773
test_18253,0.9606663
test_18254,0.51353204
test_18255,0.5300593
test_18256,0.50774986
test_18257,0.99
test_18258,0.085374646
test_18259,0.34499776
test_18260,0.99
test_18261,0.9676811
test_18262,0.7632549
test_18263,0.32274064
test_18264,0.01
test_18265,0.01
test_18266,0.03799943
test_18267,0.87890565
test_18268,0.45199856
test_18269,0.0761175
test_18270,0.99
test_18271,0.01
test_18272,0.01
test_18273,0.024526533
test_18274,0.045030426
test_18275,0.01
test_18276,0.01
test_18277,0.021096665
test_18278,0.99
test_18279,0.6392091
test_18280,0.99
test_18281,0.21894743
test_18282,0.9642577
test_18283,0.01
test_18284,0.6331571
test_18285,0.9638956
test_18286,0.01
test_18287,0.01
test_18288,0.76121557
test_18289,0.8290811
test_18290,0.8710976
test_18291,0.01
test_18292,0.035988573
test_18293,0.47867516
test_18294,0.99
test_18295,0.99
test_18296,0.6399749
test_18297,0.96775013
test_18298,0.407632
test_18299,0.01
test_18300,0.4186783
test_18301,0.01
test_18302,0.7727815
test_18303,0.9633729
test_18304,0.058435947
test_18305,0.93790835
test_18306,0.01
test_18307,0.012059022
test_18308,0.06752963
test_18309,0.83547056
test_18310,0.98675054
test_18311,0.7349058
test_18312,0.3773233
test_18313,0.99
test_18314,0.99
test_18315,0.84138733
test_18316,0.029132523
test_18317,0.01
test_18318,0.20833354
test_18319,0.019090759
test_18320,0.22496744
test_18321,0.99
test_18322,0.16527069
test_18323,0.55449414
test_18324,0.8898203
test_18325,0.93919975
test_18326,0.99
test_18327,0.5293045
test_18328,0.06647645
test_18329,0.988572
test_18330,0.13921292
test_18331,0.99
test_18332,0.07838116
test_18333,0.2833526
test_18334,0.9776815
test_18335,0.9716964
test_18336,0.99
test_18337,0.5198551
test_18338,0.17727603
test_18339,0.05053229
test_18340,0.99
test_18341,0.17012839
test_18342,0.01
test_18343,0.99
test_18344,0.9887722
test_18345,0.01
test_18346,0.34065413
test_18347,0.01
test_18348,0.01
test_18349,0.9329307
test_18350,0.021871993
test_18351,0.33893827
test_18352,0.7406465
test_18353,0.01
test_18354,0.8654679
test_18355,0.01
test_18356,0.39444327
test_18357,0.99
test_18358,0.01
test_18359,0.90997654
test_18360,0.99
test_18361,0.32254574
test_18362,0.13287364
test_18363,0.9320593
test_18364,0.35102016
test_18365,0.8191961
test_18366,0.8365352
test_18367,0.01
test_18368,0.99
test_18369,0.98626906
test_18370,0.99
test_18371,0.021745956
test_18372,0.64726174
test_18373,0.01
test_18374,0.99
test_18375,0.99
test_18376,0.01
test_18377,0.010902693
test_18378,0.01
test_18379,0.04311377
test_18380,0.01
test_18381,0.99
test_18382,0.6866727
test_18383,0.59245795
test_18384,0.9813275
test_18385,0.8747398
test_18386,0.5416398
test_18387,0.92862225
test_18388,0.9139269
test_18389,0.45850933
test_18390,0.99
test_18391,0.01
test_18392,0.99
test_18393,0.04409824
test_18394,0.01
test_18395,0.9636396
test_18396,0.34824443
test_18397,0.99
test_18398,0.021825066
test_18399,0.56794506
test_18400,0.015281091
test_18401,0.8613645
test_18402,0.99
test_18403,0.9890164
test_18404,0.9607695
test_18405,0.11544101
test_18406,0.01
test_18407,0.886746
test_18408,0.98485893
test_18409,0.7831025
test_18410,0.99
test_18411,0.82688504
test_18412,0.99
test_18413,0.97941965
test_18414,0.01
test_18415,0.01
test_18416,0.99
test_18417,0.01
test_18418,0.37593412
test_18419,0.9807411
test_18420,0.29114592
test_18421,0.7961308
test_18422,0.99
test_18423,0.99
test_18424,0.9762488
test_18425,0.5850079
test_18426,0.98988324
test_18427,0.99
test_18428,0.09851728
test_18429,0.01
test_18430,0.07314661
test_18431,0.9809863
test_18432,0.03226914
test_18433,0.99
test_18434,0.5600738
test_18435,0.96021235
test_18436,0.94329
test_18437,0.9493486
test_18438,0.01
test_18439,0.08600141
test_18440,0.01
test_18441,0.83596104
test_18442,0.99
test_18443,0.08483542
test_18444,0.01
test_18445,0.99
test_18446,0.1021581
test_18447,0.01
test_18448,0.023406476
test_18449,0.019074444
test_18450,0.8821131
test_18451,0.9746493
test_18452,0.9817971
test_18453,0.99
test_18454,0.9781219
test_18455,0.09804398
test_18456,0.9252646
test_18457,0.05870745
test_18458,0.32751355
test_18459,0.031393394
test_18460,0.4797135
test_18461,0.99
test_18462,0.84771526
test_18463,0.25746682
test_18464,0.99
test_18465,0.056729756
test_18466,0.99
test_18467,0.9039518
test_18468,0.2580614
test_18469,0.60723895
test_18470,0.9637037
test_18471,0.65317434
test_18472,0.01
test_18473,0.99
test_18474,0.01
test_18475,0.56406516
test_18476,0.7868152
test_18477,0.5334322
test_18478,0.99
test_18479,0.3056182
test_18480,0.93220824
test_18481,0.12264182
test_18482,0.01
test_18483,0.99
test_18484,0.25255617
test_18485,0.99
test_18486,0.01
test_18487,0.01
test_18488,0.95953643
test_18489,0.09470767
test_18490,0.015314499
test_18491,0.061445553
test_18492,0.01
test_18493,0.99
test_18494,0.01
test_18495,0.99
test_18496,0.01
test_18497,0.99
test_18498,0.99
test_18499,0.01
test_18500,0.9735849
test_18501,0.99
test_18502,0.98558897
test_18503,0.01
test_18504,0.9540837
test_18505,0.054819614
test_18506,0.99
test_18507,0.99
test_18508,0.01
test_18509,0.99
test_18510,0.01
test_18511,0.99
test_18512,0.9089411
test_18513,0.98855174
test_18514,0.9582986
test_18515,0.99
test_18516,0.99
test_18517,0.2660938
test_18518,0.24493508
test_18519,0.934324
test_18520,0.18435566
test_18521,0.01
test_18522,0.47724158
test_18523,0.99
test_18524,0.64670235
test_18525,0.68105936
test_18526,0.01
test_18527,0.01
test_18528,0.024353541
test_18529,0.944725
test_18530,0.028693175
test_18531,0.01
test_18532,0.01
test_18533,0.9135865
test_18534,0.20614608
test_18535,0.47830382
test_18536,0.95066357
test_18537,0.046355277
test_18538,0.99
test_18539,0.3359861
test_18540,0.96178955
test_18541,0.929024
test_18542,0.11913148
test_18543,0.76205325
test_18544,0.8694525
test_18545,0.99
test_18546,0.3804479
test_18547,0.9653086
test_18548,0.011993069
test_18549,0.3340653
test_18550,0.044238146
test_18551,0.01
test_18552,0.01
test_18553,0.04538703
test_18554,0.99
test_18555,0.357782
test_18556,0.9639483
test_18557,0.86769545
test_18558,0.3450475
test_18559,0.99
test_18560,0.7478415
test_18561,0.1699173
test_18562,0.98511374
test_18563,0.17855363
test_18564,0.01
test_18565,0.20798308
test_18566,0.23736697
test_18567,0.36800992
test_18568,0.99
test_18569,0.4968237
test_18570,0.99
test_18571,0.01
test_18572,0.010904261
test_18573,0.7934402
test_18574,0.1910605
test_18575,0.31071866
test_18576,0.01
test_18577,0.03178188
test_18578,0.01
test_18579,0.9638101
test_18580,0.06449067
test_18581,0.9642443
test_18582,0.8637105
test_18583,0.23525558
test_18584,0.056926753
test_18585,0.72752213
test_18586,0.99
test_18587,0.91852725
test_18588,0.99
test_18589,0.21755117
test_18590,0.91712683
test_18591,0.7673214
test_18592,0.01
test_18593,0.6699457
test_18594,0.92686814
test_18595,0.99
test_18596,0.99
test_18597,0.99
test_18598,0.99
test_18599,0.98923475
test_18600,0.94396764
test_18601,0.92361605
test_18602,0.9829784
test_18603,0.4904819
test_18604,0.806708
test_18605,0.01
test_18606,0.75289893
test_18607,0.99
test_18608,0.01
test_18609,0.01
test_18610,0.014925896
test_18611,0.99
test_18612,0.49412954
test_18613,0.036092352
test_18614,0.015715122
test_18615,0.99
test_18616,0.01
test_18617,0.16392608
test_18618,0.10629824
test_18619,0.9507122
test_18620,0.03321901
test_18621,0.737888
test_18622,0.34018052
test_18623,0.7957846
test_18624,0.97493774
test_18625,0.7877197
test_18626,0.7372445
test_18627,0.99
test_18628,0.042803124
test_18629,0.09043809
test_18630,0.99
test_18631,0.068744265
test_18632,0.01
test_18633,0.01
test_18634,0.99
test_18635,0.45864612
test_18636,0.47918084
test_18637,0.99
test_18638,0.01
test_18639,0.99
test_18640,0.99
test_18641,0.064996965
test_18642,0.9171371
test_18643,0.0729495
test_18644,0.01
test_18645,0.8601262
test_18646,0.01
test_18647,0.3001412
test_18648,0.9609437
test_18649,0.01
test_18650,0.01
test_18651,0.99
test_18652,0.01
test_18653,0.01
test_18654,0.14080667
test_18655,0.99
test_18656,0.7918338
test_18657,0.99
test_18658,0.9581374
test_18659,0.7511323
test_18660,0.89156127
test_18661,0.19386232
test_18662,0.01
test_18663,0.01
test_18664,0.66536194
test_18665,0.01
test_18666,0.8993932
test_18667,0.017502323
test_18668,0.9199516
test_18669,0.99
test_18670,0.045561727
test_18671,0.03185701
test_18672,0.082615204
test_18673,0.74125516
test_18674,0.061812304
test_18675,0.963179
test_18676,0.99
test_18677,0.99
test_18678,0.01
test_18679,0.99
test_18680,0.86210984
test_18681,0.22050676
test_18682,0.99
test_18683,0.99
test_18684,0.97905546
test_18685,0.298547
test_18686,0.9419583
test_18687,0.99
test_18688,0.01
test_18689,0.470914
test_18690,0.99
test_18691,0.99
test_18692,0.08112471
test_18693,0.89618844
test_18694,0.01
test_18695,0.8572684
test_18696,0.53093606
test_18697,0.07434407
test_18698,0.9751322
test_18699,0.019552037
test_18700,0.95413715
test_18701,0.85156184
test_18702,0.35813713
test_18703,0.01
test_18704,0.40186143
test_18705,0.01
test_18706,0.99
test_18707,0.98485535
test_18708,0.99
test_18709,0.9360323
test_18710,0.99
test_18711,0.99
test_18712,0.7648096
test_18713,0.9840752
test_18714,0.01
test_18715,0.99
test_18716,0.7042412
test_18717,0.8423791
test_18718,0.34138712
test_18719,0.99
test_18720,0.01
test_18721,0.7068832
test_18722,0.43896335
test_18723,0.013946658
test_18724,0.99
test_18725,0.8480057
test_18726,0.42501166
test_18727,0.8734597
test_18728,0.98142
test_18729,0.9427223
test_18730,0.9858622
test_18731,0.94255984
test_18732,0.01
test_18733,0.99
test_18734,0.99
test_18735,0.053712476
test_18736,0.99
test_18737,0.99
test_18738,0.01
test_18739,0.99
test_18740,0.636156
test_18741,0.021308389
test_18742,0.5883548
test_18743,0.99
test_18744,0.99
test_18745,0.48125744
test_18746,0.8584972
test_18747,0.97427815
test_18748,0.9760261
test_18749,0.99
test_18750,0.69353014
test_18751,0.5854029
test_18752,0.038908508
test_18753,0.99
test_18754,0.15681471
test_18755,0.01
test_18756,0.17788878
test_18757,0.047267113
test_18758,0.29646048
test_18759,0.8174516
test_18760,0.2708604
test_18761,0.99
test_18762,0.08538695
test_18763,0.99
test_18764,0.99
test_18765,0.94025666
test_18766,0.01
test_18767,0.22388315
test_18768,0.01
test_18769,0.01
test_18770,0.9319968
test_18771,0.01
test_18772,0.021990199
test_18773,0.6889203
test_18774,0.01
test_18775,0.046845928
test_18776,0.70377374
test_18777,0.6509349
test_18778,0.99
test_18779,0.75613374
test_18780,0.9391151
test_18781,0.92005855
test_18782,0.99
test_18783,0.09082534
test_18784,0.056931682
test_18785,0.36988372
test_18786,0.01
test_18787,0.85903364
test_18788,0.99
test_18789,0.09018812
test_18790,0.015034945
test_18791,0.9401141
test_18792,0.9874113
test_18793,0.022906298
test_18794,0.95886934
test_18795,0.01
test_18796,0.99
test_18797,0.99
test_18798,0.6622179
test_18799,0.7952687
test_18800,0.8323518
test_18801,0.99
test_18802,0.99
test_18803,0.01
test_18804,0.72026706
test_18805,0.04507081
test_18806,0.99
test_18807,0.27681056
test_18808,0.01
test_18809,0.01
test_18810,0.01
test_18811,0.9836194
test_18812,0.01
test_18813,0.99
test_18814,0.983335
test_18815,0.01
test_18816,0.8060162
test_18817,0.01
test_18818,0.02976965
test_18819,0.99
test_18820,0.12687005
test_18821,0.4018227
test_18822,0.99
test_18823,0.99
test_18824,0.01
test_18825,0.77965033
test_18826,0.062405016
test_18827,0.01982033
test_18828,0.44691953
test_18829,0.7871457
test_18830,0.01
test_18831,0.060574636
test_18832,0.40099752
test_18833,0.01969555
test_18834,0.46055168
test_18835,0.9727003
test_18836,0.99
test_18837,0.55559397
test_18838,0.01
test_18839,0.99
test_18840,0.9159621
test_18841,0.01
test_18842,0.01
test_18843,0.99
test_18844,0.01
test_18845,0.5663377
test_18846,0.37574196
test_18847,0.10657787
test_18848,0.91531605
test_18849,0.8974238
test_18850,0.01
test_18851,0.99
test_18852,0.6911626
test_18853,0.99
test_18854,0.92544866
test_18855,0.08909136
test_18856,0.5415562
test_18857,0.010351368
test_18858,0.99
test_18859,0.14275981
test_18860,0.83700335
test_18861,0.02394518
test_18862,0.081425704
test_18863,0.5706787
test_18864,0.97959864
test_18865,0.01
test_18866,0.01
test_18867,0.96069413
test_18868,0.01
test_18869,0.99
test_18870,0.99
test_18871,0.01
test_18872,0.99
test_18873,0.48370543
test_18874,0.37116152
test_18875,0.99
test_18876,0.99
test_18877,0.30078846
test_18878,0.81242585
test_18879,0.043077335
test_18880,0.99
test_18881,0.359663
test_18882,0.80908036
test_18883,0.032936603
test_18884,0.060308017
test_18885,0.3205226
test_18886,0.53996044
test_18887,0.01
test_18888,0.17972063
test_18889,0.01
test_18890,0.9525874
test_18891,0.24864076
test_18892,0.9349281
test_18893,0.8916243
test_18894,0.9799803
test_18895,0.13856506
test_18896,0.051425353
test_18897,0.06970109
test_18898,0.99
test_18899,0.9146079
test_18900,0.32130477
test_18901,0.3161981
test_18902,0.74613726
test_18903,0.8378039
test_18904,0.13272107
test_18905,0.99
test_18906,0.25664002
test_18907,0.01
test_18908,0.39094475
test_18909,0.40009677
test_18910,0.01
test_18911,0.59896237
test_18912,0.99
test_18913,0.07256065
test_18914,0.01
test_18915,0.4227096
test_18916,0.01
test_18917,0.32724258
test_18918,0.99
test_18919,0.99
test_18920,0.01
test_18921,0.78000754
test_18922,0.01
test_18923,0.9897911
test_18924,0.25297356
test_18925,0.028043864
test_18926,0.013118963
test_18927,0.99
test_18928,0.01
test_18929,0.102557756
test_18930,0.99
test_18931,0.99
test_18932,0.01
test_18933,0.99
test_18934,0.99
test_18935,0.8568272
test_18936,0.3063044
test_18937,0.011339491
test_18938,0.29499105
test_18939,0.048803665
test_18940,0.99
test_18941,0.016888268
test_18942,0.01
test_18943,0.01
test_18944,0.01
test_18945,0.99
test_18946,0.01
test_18947,0.99
test_18948,0.49940085
test_18949,0.9616741
test_18950,0.32303694
test_18951,0.4192161
test_18952,0.99
test_18953,0.17677112
test_18954,0.99
test_18955,0.01
test_18956,0.5653059
test_18957,0.6989743
test_18958,0.82582694
test_18959,0.20978573
test_18960,0.99
test_18961,0.8653566
test_18962,0.01
test_18963,0.01
test_18964,0.01
test_18965,0.01
test_18966,0.039766587
test_18967,0.99
test_18968,0.32506722
test_18969,0.7956602
test_18970,0.01
test_18971,0.98984176
test_18972,0.09520478
test_18973,0.99
test_18974,0.99
test_18975,0.36120316
test_18976,0.99
test_18977,0.92233145
test_18978,0.99
test_18979,0.99
test_18980,0.99
test_18981,0.47877055
test_18982,0.01
test_18983,0.5308784
test_18984,0.99
test_18985,0.012845233
test_18986,0.04137333
test_18987,0.99
test_18988,0.01
test_18989,0.99
test_18990,0.99
test_18991,0.597814
test_18992,0.01
test_18993,0.99
test_18994,0.01
test_18995,0.99
test_18996,0.01
test_18997,0.19872801
test_18998,0.99
test_18999,0.01
test_19000,0.7500277
test_19001,0.29628417
test_19002,0.23471493
test_19003,0.01
test_19004,0.31962156
test_19005,0.05159651
test_19006,0.24934962
test_19007,0.01
test_19008,0.047873024
test_19009,0.01
test_19010,0.99
test_19011,0.99
test_19012,0.55640024
test_19013,0.8634566
test_19014,0.99
test_19015,0.01
test_19016,0.9384619
test_19017,0.01
test_19018,0.22421695
test_19019,0.72303605
test_19020,0.06744525
test_19021,0.98696846
test_19022,0.022763707
test_19023,0.029651545
test_19024,0.96208197
test_19025,0.40399638
test_19026,0.99
test_19027,0.09766769
test_19028,0.28523374
test_19029,0.99
test_19030,0.8545065
test_19031,0.013799458
test_19032,0.96406287
test_19033,0.01
test_19034,0.99
test_19035,0.077756196
test_19036,0.6971802
test_19037,0.036683094
test_19038,0.01
test_19039,0.93736774
test_19040,0.45009747
test_19041,0.85164994
test_19042,0.99
test_19043,0.98915356
test_19044,0.30974132
test_19045,0.01
test_19046,0.21566328
test_19047,0.99
test_19048,0.99
test_19049,0.2624442
test_19050,0.99
test_19051,0.01478481
test_19052,0.01
test_19053,0.9054652
test_19054,0.40020657
test_19055,0.9870253
test_19056,0.48311356
test_19057,0.078024276
test_19058,0.01
test_19059,0.01
test_19060,0.031498604
test_19061,0.98318636
test_19062,0.01
test_19063,0.01
test_19064,0.01
test_19065,0.022068499
test_19066,0.8945631
test_19067,0.99
test_19068,0.96877205
test_19069,0.071113445
test_19070,0.09639432
test_19071,0.6198463
test_19072,0.01
test_19073,0.9681464
test_19074,0.99
test_19075,0.16593802
test_19076,0.99
test_19077,0.9344852
test_19078,0.62518126
test_19079,0.7503337
test_19080,0.93410975
test_19081,0.68117225
test_19082,0.638847
test_19083,0.99
test_19084,0.93786734
test_19085,0.056259457
test_19086,0.01
test_19087,0.9835331
test_19088,0.01
test_19089,0.979568
test_19090,0.9148179
test_19091,0.99
test_19092,0.01
test_19093,0.99
test_19094,0.5877503
test_19095,0.28157333
test_19096,0.7208874
test_19097,0.0234031
test_19098,0.85204995
test_19099,0.99
test_19100,0.01
test_19101,0.99
test_19102,0.01
test_19103,0.9628029
test_19104,0.01
test_19105,0.9385516
test_19106,0.01
test_19107,0.98564225
test_19108,0.6288056
test_19109,0.07977097
test_19110,0.9891055
test_19111,0.01
test_19112,0.9551158
test_19113,0.013539975
test_19114,0.54184794
test_19115,0.19180857
test_19116,0.99
test_19117,0.53400576
test_19118,0.8913411
test_19119,0.24515134
test_19120,0.8487047
test_19121,0.99
test_19122,0.010434588
test_19123,0.99
test_19124,0.05877599
test_19125,0.7409348
test_19126,0.08873797
test_19127,0.061719265
test_19128,0.99
test_19129,0.06570237
test_19130,0.99
test_19131,0.9438026
test_19132,0.06771646
test_19133,0.1654745
test_19134,0.98126906
test_19135,0.05311361
test_19136,0.99
test_19137,0.99
test_19138,0.01
test_19139,0.65149236
test_19140,0.99
test_19141,0.3001653
test_19142,0.29852057
test_19143,0.031654704
test_19144,0.97075987
test_19145,0.99
test_19146,0.3704603
test_19147,0.4651125
test_19148,0.8196742
test_19149,0.27112663
test_19150,0.022027642
test_19151,0.15405881
test_19152,0.42474997
test_19153,0.527918
test_19154,0.01
test_19155,0.87353396
test_19156,0.09407798
test_19157,0.99
test_19158,0.01
test_19159,0.99
test_19160,0.01
test_19161,0.01
test_19162,0.01
test_19163,0.8105007
test_19164,0.017249646
test_19165,0.01
test_19166,0.99
test_19167,0.9579914
test_19168,0.99
test_19169,0.17634423
test_19170,0.4997143
test_19171,0.95260215
test_19172,0.08443066
test_19173,0.035419986
test_19174,0.09949926
test_19175,0.030406326
test_19176,0.4418852
test_19177,0.22011507
test_19178,0.046716515
test_19179,0.57831776
test_19180,0.1608046
test_19181,0.9842036
test_19182,0.01
test_19183,0.97191614
test_19184,0.58909386
test_19185,0.14015475
test_19186,0.25806978
test_19187,0.9717002
test_19188,0.30799612
test_19189,0.95966893
test_19190,0.96155226
test_19191,0.653678
test_19192,0.99
test_19193,0.9872491
test_19194,0.4486564
test_19195,0.037828766
test_19196,0.87889534
test_19197,0.03349205
test_19198,0.99
test_19199,0.01
test_19200,0.99
test_19201,0.99
test_19202,0.7950979
test_19203,0.99
test_19204,0.01
test_19205,0.01
test_19206,0.5066994
test_19207,0.064613946
test_19208,0.9750534
test_19209,0.99
test_19210,0.01
test_19211,0.01
test_19212,0.96817833
test_19213,0.10116118
test_19214,0.2556612
test_19215,0.20518374
test_19216,0.86410743
test_19217,0.99
test_19218,0.3439548
test_19219,0.16272591
test_19220,0.5967641
test_19221,0.61595076
test_19222,0.99
test_19223,0.99
test_19224,0.01217712
test_19225,0.29089785
test_19226,0.6789252
test_19227,0.11063714
test_19228,0.99
test_19229,0.01
test_19230,0.75785244
test_19231,0.99
test_19232,0.99
test_19233,0.973973
test_19234,0.076509066
test_19235,0.030726133
test_19236,0.01
test_19237,0.01
test_19238,0.01
test_19239,0.01
test_19240,0.01
test_19241,0.7919941
test_19242,0.7172648
test_19243,0.9237131
test_19244,0.96269286
test_19245,0.99
test_19246,0.99
test_19247,0.08604736
test_19248,0.99
test_19249,0.01
test_19250,0.09922443
test_19251,0.23934226
test_19252,0.01
test_19253,0.9736389
test_19254,0.28159535
test_19255,0.9669676
test_19256,0.99
test_19257,0.36837858
test_19258,0.01
test_19259,0.01
test_19260,0.9676329
test_19261,0.3943183
test_19262,0.85100216
test_19263,0.63511205
test_19264,0.01
test_19265,0.99
test_19266,0.06707484
test_19267,0.90071225
test_19268,0.99
test_19269,0.01
test_19270,0.99
test_19271,0.020171952
test_19272,0.75756186
test_19273,0.99
test_19274,0.8268165
test_19275,0.99
test_19276,0.9341195
test_19277,0.15784678
test_19278,0.055070117
test_19279,0.9702804
test_19280,0.99
test_19281,0.9374305
test_19282,0.09683992
test_19283,0.0756209
test_19284,0.039761584
test_19285,0.99
test_19286,0.052767694
test_19287,0.01
test_19288,0.39870492
test_19289,0.01
test_19290,0.99
test_19291,0.01
test_19292,0.99
test_19293,0.01
test_19294,0.99
test_19295,0.99
test_19296,0.24248843
test_19297,0.24491394
test_19298,0.36788055
test_19299,0.114967726
test_19300,0.010532246
test_19301,0.01
test_19302,0.16177073
test_19303,0.99
test_19304,0.61666405
test_19305,0.901387
test_19306,0.91292953
test_19307,0.99
test_19308,0.99
test_19309,0.9416208
test_19310,0.05474
test_19311,0.60126966
test_19312,0.38286313
test_19313,0.06693625
test_19314,0.01
test_19315,0.99
test_19316,0.99
test_19317,0.3132127
test_19318,0.01
test_19319,0.01
test_19320,0.99
test_19321,0.037735842
test_19322,0.16531579
test_19323,0.99
test_19324,0.01
test_19325,0.1028571
test_19326,0.99
test_19327,0.99
test_19328,0.079823606
test_19329,0.0955603
test_19330,0.99
test_19331,0.01
test_19332,0.99
test_19333,0.013165252
test_19334,0.26736006
test_19335,0.2551447
test_19336,0.01
test_19337,0.079032764
test_19338,0.9774483
test_19339,0.24485251
test_19340,0.93407404
test_19341,0.01
test_19342,0.8754845
test_19343,0.96537024
test_19344,0.01
test_19345,0.99
test_19346,0.23192903
test_19347,0.19238766
test_19348,0.28006867
test_19349,0.01
test_19350,0.026729824
test_19351,0.01
test_19352,0.01
test_19353,0.057368115
test_19354,0.99
test_19355,0.08024163
test_19356,0.8434194
test_19357,0.4927234
test_19358,0.6147708
test_19359,0.98335403
test_19360,0.01
test_19361,0.98164743
test_19362,0.24192698
test_19363,0.024102412
test_19364,0.9874106
test_19365,0.01
test_19366,0.94059044
test_19367,0.99
test_19368,0.8676307
test_19369,0.79603493
test_19370,0.99
test_19371,0.1629808
test_19372,0.01
test_19373,0.15566571
test_19374,0.7071289
test_19375,0.37017807
test_19376,0.99
test_19377,0.99
test_19378,0.7748593
test_19379,0.01
test_19380,0.8042274
test_19381,0.6446481
test_19382,0.6815542
test_19383,0.99
test_19384,0.36601058
test_19385,0.9828334
test_19386,0.99
test_19387,0.87670785
test_19388,0.013036733
test_19389,0.019483712
test_19390,0.99
test_19391,0.99
test_19392,0.09459411
test_19393,0.08998101
test_19394,0.99
test_19395,0.01
test_19396,0.99
test_19397,0.0463118
test_19398,0.97021264
test_19399,0.61344326
test_19400,0.01
test_19401,0.9829683
test_19402,0.025403405
test_19403,0.16117825
test_19404,0.36598784
test_19405,0.99
test_19406,0.99
test_19407,0.3892936
test_19408,0.55773664
test_19409,0.01
test_19410,0.6105521
test_19411,0.8949388
test_19412,0.01
test_19413,0.01
test_19414,0.013350142
test_19415,0.01
test_19416,0.05955411
test_19417,0.9736056
test_19418,0.01
test_19419,0.93545246
test_19420,0.01
test_19421,0.99
test_19422,0.99
test_19423,0.92305076
test_19424,0.23546697
test_19425,0.01
test_19426,0.01
test_19427,0.9816989
test_19428,0.99
test_19429,0.9846182
test_19430,0.99
test_19431,0.671657
test_19432,0.99
test_19433,0.01
test_19434,0.97953355
test_19435,0.91993564
test_19436,0.32565692
test_19437,0.92390895
test_19438,0.01
test_19439,0.9751831
test_19440,0.92551225
test_19441,0.99
test_19442,0.5562168
test_19443,0.020809062
test_19444,0.017915372
test_19445,0.07824797
test_19446,0.73902726
test_19447,0.016588626
test_19448,0.08888364
test_19449,0.95650387
test_19450,0.99
test_19451,0.99
test_19452,0.99
test_19453,0.36746335
test_19454,0.99
test_19455,0.7725795
test_19456,0.99
test_19457,0.2577381
test_19458,0.17473628
test_19459,0.99
test_19460,0.01
test_19461,0.01
test_19462,0.99
test_19463,0.832449
test_19464,0.05931473
test_19465,0.01
test_19466,0.9469535
test_19467,0.35322922
test_19468,0.92426616
test_19469,0.99
test_19470,0.38745168
test_19471,0.01
test_19472,0.39088178
test_19473,0.99
test_19474,0.5449318
test_19475,0.99
test_19476,0.99
test_19477,0.01
test_19478,0.913261
test_19479,0.99
test_19480,0.96655965
test_19481,0.99
test_19482,0.01
test_19483,0.99
test_19484,0.30359256
test_19485,0.99
test_19486,0.011761714
test_19487,0.02746268
test_19488,0.58164424
test_19489,0.9883195
test_19490,0.109288804
test_19491,0.10342394
test_19492,0.33098796
test_19493,0.99
test_19494,0.99
test_19495,0.09199685
test_19496,0.7455175
test_19497,0.022647746
test_19498,0.99
test_19499,0.99
test_19500,0.6001093
test_19501,0.19878174
test_19502,0.2777559
test_19503,0.6808795
test_19504,0.7363822
test_19505,0.022160264
test_19506,0.99
test_19507,0.99
test_19508,0.9396042
test_19509,0.9862146
test_19510,0.99
test_19511,0.10147463
test_19512,0.95405066
test_19513,0.01
test_19514,0.96636415
test_19515,0.05098247
test_19516,0.28607377
test_19517,0.01314029
test_19518,0.99
test_19519,0.17502756
test_19520,0.01
test_19521,0.75978094
test_19522,0.6822489
test_19523,0.99
test_19524,0.26014116
test_19525,0.01
test_19526,0.01
test_19527,0.6516899
test_19528,0.22261219
test_19529,0.01
test_19530,0.24742897
test_19531,0.54408175
test_19532,0.99
test_19533,0.46765852
test_19534,0.55747384
test_19535,0.43525735
test_19536,0.98890823
test_19537,0.99
test_19538,0.4546216
test_19539,0.99
test_19540,0.01
test_19541,0.01
test_19542,0.38530388
test_19543,0.01
test_19544,0.41589186
test_19545,0.36283886
test_19546,0.90153974
test_19547,0.010389045
test_19548,0.63075966
test_19549,0.029869225
test_19550,0.8549507
test_19551,0.6811051
test_19552,0.01
test_19553,0.01
test_19554,0.013434155
test_19555,0.56392074
test_19556,0.5858776
test_19557,0.01
test_19558,0.29682136
test_19559,0.34197706
test_19560,0.99
test_19561,0.99
test_19562,0.23347518
test_19563,0.99
test_19564,0.01
test_19565,0.01
test_19566,0.92383325
test_19567,0.5562072
test_19568,0.01
test_19569,0.023860391
test_19570,0.3157682
test_19571,0.91233635
test_19572,0.99
test_19573,0.99
test_19574,0.01
test_19575,0.01
test_19576,0.83402836
test_19577,0.99
test_19578,0.99
test_19579,0.25115663
test_19580,0.01
test_19581,0.01
test_19582,0.047906596
test_19583,0.32297665
test_19584,0.22888646
test_19585,0.99
test_19586,0.24075933
test_19587,0.01
test_19588,0.99
test_19589,0.98686546
test_19590,0.5056114
test_19591,0.9272484
test_19592,0.97060883
test_19593,0.99
test_19594,0.80285895
test_19595,0.61247766
test_19596,0.9741434
test_19597,0.01
test_19598,0.01
test_19599,0.99
test_19600,0.01
test_19601,0.01
test_19602,0.8104925
test_19603,0.7949255
test_19604,0.99
test_19605,0.6655377
test_19606,0.01
test_19607,0.01
test_19608,0.014991783
test_19609,0.26531753
test_19610,0.99
test_19611,0.01
test_19612,0.010106479
test_19613,0.7613074
test_19614,0.6049879
test_19615,0.82690996
test_19616,0.01
test_19617,0.01
test_19618,0.99
test_19619,0.6050109
test_19620,0.9099732
test_19621,0.01
test_19622,0.01
test_19623,0.01
test_19624,0.03271699
test_19625,0.11344581
test_19626,0.01
test_19627,0.01
test_19628,0.99
test_19629,0.01
test_19630,0.60486573
test_19631,0.030072425
test_19632,0.99
test_19633,0.015203686
test_19634,0.01
test_19635,0.99
test_19636,0.050471645
test_19637,0.01
test_19638,0.99
test_19639,0.01
test_19640,0.013593188
test_19641,0.163272
test_19642,0.01
test_19643,0.01
test_19644,0.01
test_19645,0.022978665
test_19646,0.37291056
test_19647,0.51533115
test_19648,0.047316086
test_19649,0.50534827
test_19650,0.86037236
test_19651,0.033171337
test_19652,0.01
test_19653,0.7492617
test_19654,0.01
test_19655,0.01
test_19656,0.01
test_19657,0.9681305
test_19658,0.01
test_19659,0.8343894
test_19660,0.99
test_19661,0.09371775
test_19662,0.66284657
test_19663,0.01616243
test_19664,0.9211599
test_19665,0.37677175
test_19666,0.8544598
test_19667,0.42382246
test_19668,0.228172
test_19669,0.01
test_19670,0.98597383
test_19671,0.01
test_19672,0.99
test_19673,0.027562536
test_19674,0.092178285
test_19675,0.016214559
test_19676,0.88326
test_19677,0.99
test_19678,0.07467529
test_19679,0.920403
test_19680,0.99
test_19681,0.01
test_19682,0.04538435
test_19683,0.48833996
test_19684,0.10931167
test_19685,0.99
test_19686,0.61300975
test_19687,0.01
test_19688,0.747224
test_19689,0.99
test_19690,0.9021067
test_19691,0.99
test_19692,0.01
test_19693,0.5526714
test_19694,0.09797335
test_19695,0.92920333
test_19696,0.99
test_19697,0.8153225
test_19698,0.7832403
test_19699,0.15384002
test_19700,0.2287447
test_19701,0.01
test_19702,0.01
test_19703,0.01
test_19704,0.6878164
test_19705,0.01
test_19706,0.01
test_19707,0.9227856
test_19708,0.01
test_19709,0.058596198
test_19710,0.3808627
test_19711,0.01
test_19712,0.19604354
test_19713,0.6471299
test_19714,0.01
test_19715,0.98635143
test_19716,0.01
test_19717,0.6894022
test_19718,0.7777948
test_19719,0.82141066
test_19720,0.8496993
test_19721,0.8712573
test_19722,0.99
test_19723,0.99
test_19724,0.99
test_19725,0.98515815
test_19726,0.28215823
test_19727,0.01
test_19728,0.7987661
test_19729,0.50575775
test_19730,0.5357341
test_19731,0.9706993
test_19732,0.9572671
test_19733,0.040757798
test_19734,0.99
test_19735,0.9279419
test_19736,0.9590722
test_19737,0.01
test_19738,0.4099641
test_19739,0.01
test_19740,0.5769564
test_19741,0.3258376
test_19742,0.38511935
test_19743,0.01
test_19744,0.92840314
test_19745,0.59004825
test_19746,0.0116213
test_19747,0.014635806
test_19748,0.01
test_19749,0.974784
test_19750,0.01
test_19751,0.17735337
test_19752,0.24937823
test_19753,0.01
test_19754,0.0718981
test_19755,0.9802397
test_19756,0.72225475
test_19757,0.08444478
test_19758,0.028673839
test_19759,0.050658714
test_19760,0.9883284
test_19761,0.044055488
test_19762,0.11571104
test_19763,0.01
test_19764,0.99
test_19765,0.7669607
test_19766,0.01
test_19767,0.04429454
test_19768,0.06432915
test_19769,0.74778515
test_19770,0.76307994
test_19771,0.99
test_19772,0.99
test_19773,0.01
test_19774,0.1337476
test_19775,0.01
test_19776,0.99
test_19777,0.05148159
test_19778,0.7477606
test_19779,0.7101135
test_19780,0.97042626
test_19781,0.97583824
test_19782,0.99
test_19783,0.049818225
test_19784,0.99
test_19785,0.98254055
test_19786,0.9355109
test_19787,0.01
test_19788,0.9610656
test_19789,0.6153359
test_19790,0.99
test_19791,0.87985545
test_19792,0.9796255
test_19793,0.01
test_19794,0.83820575
test_19795,0.8922364
test_19796,0.01
test_19797,0.047312144
test_19798,0.01
test_19799,0.7541573
test_19800,0.01
test_19801,0.01
test_19802,0.20456193
test_19803,0.01
test_19804,0.94584715
test_19805,0.1786181
test_19806,0.06703053
test_19807,0.38032922
test_19808,0.038071994
test_19809,0.01
test_19810,0.28783184
test_19811,0.99
test_19812,0.99
test_19813,0.92758936
test_19814,0.29627007
test_19815,0.01
test_19816,0.62280864
test_19817,0.77840835
test_19818,0.01
test_19819,0.99
test_19820,0.01
test_19821,0.03794747
test_19822,0.01
test_19823,0.42576844
test_19824,0.01
test_19825,0.99
test_19826,0.7701267
test_19827,0.035929553
test_19828,0.01
test_19829,0.01
test_19830,0.2578904
test_19831,0.26706237
test_19832,0.8441184
test_19833,0.90628445
test_19834,0.9520636
test_19835,0.39816216
test_19836,0.01
test_19837,0.109795846
test_19838,0.99
test_19839,0.01
test_19840,0.15547647
test_19841,0.01
test_19842,0.71604985
test_19843,0.01
test_19844,0.01
test_19845,0.01
test_19846,0.99
test_19847,0.9492423
test_19848,0.01
test_19849,0.058459356
test_19850,0.19628659
test_19851,0.24774915
test_19852,0.99
test_19853,0.01
test_19854,0.5348586
test_19855,0.99
test_19856,0.016706849
test_19857,0.8541406
test_19858,0.8813383
test_19859,0.20272908
test_19860,0.01
test_19861,0.038358964
test_19862,0.01
test_19863,0.9866295
test_19864,0.01
test_19865,0.29075766
test_19866,0.7647014
test_19867,0.99
test_19868,0.012666171
test_19869,0.9678422
test_19870,0.48725107
test_19871,0.96117127
test_19872,0.97659
test_19873,0.9883294
test_19874,0.8404667
test_19875,0.99
test_19876,0.01
test_19877,0.96793896
test_19878,0.7124529
test_19879,0.8848399
test_19880,0.24501412
test_19881,0.034128956
test_19882,0.05401872
test_19883,0.81883466
test_19884,0.05390375
test_19885,0.5417063
test_19886,0.9616391
test_19887,0.9042125
test_19888,0.01
test_19889,0.99
test_19890,0.99
test_19891,0.25922707
test_19892,0.636139
test_19893,0.02723275
test_19894,0.01
test_19895,0.9147348
test_19896,0.3303561
test_19897,0.92198575
test_19898,0.06713243
test_19899,0.01
test_19900,0.23460071
test_19901,0.45618108
test_19902,0.77455676
test_19903,0.9298633
test_19904,0.98088056
test_19905,0.5151542
test_19906,0.47408104
test_19907,0.059411936
test_19908,0.5120996
test_19909,0.01
test_19910,0.035473034
test_19911,0.45390335
test_19912,0.5226666
test_19913,0.99
test_19914,0.48893872
test_19915,0.01
test_19916,0.029045133
test_19917,0.01
test_19918,0.5045796
test_19919,0.04758733
test_19920,0.01
test_19921,0.5857564
test_19922,0.99
test_19923,0.99
test_19924,0.01
test_19925,0.99
test_19926,0.79312146
test_19927,0.32272288
test_19928,0.01
test_19929,0.99
test_19930,0.27741563
test_19931,0.7783571
test_19932,0.45555758
test_19933,0.82921034
test_19934,0.8030259
test_19935,0.01
test_19936,0.36576307
test_19937,0.99
test_19938,0.76551694
test_19939,0.97334516
test_19940,0.02479996
test_19941,0.8322323
test_19942,0.01
test_19943,0.01
test_19944,0.99
test_19945,0.01
test_19946,0.01
test_19947,0.01
test_19948,0.9849658
test_19949,0.01
test_19950,0.2923194
test_19951,0.9612181
test_19952,0.01
test_19953,0.016407365
test_19954,0.8893897
test_19955,0.99
test_19956,0.01
test_19957,0.01
test_19958,0.2627973
test_19959,0.99
test_19960,0.80092615
test_19961,0.7715797
test_19962,0.01
test_19963,0.3771524
test_19964,0.80588496
test_19965,0.1347668
test_19966,0.47694448
test_19967,0.01
test_19968,0.053214114
test_19969,0.99
test_19970,0.01
test_19971,0.023014415
test_19972,0.12361199
test_19973,0.9742157
test_19974,0.9016188
test_19975,0.01
test_19976,0.99
test_19977,0.01
test_19978,0.01
test_19979,0.01
test_19980,0.2652877
test_19981,0.43662885
test_19982,0.99
test_19983,0.46418405
test_19984,0.6812057
test_19985,0.01
test_19986,0.9806789
test_19987,0.707485
test_19988,0.99
test_19989,0.01
test_19990,0.960269
test_19991,0.99
test_19992,0.011072776
test_19993,0.015328117
test_19994,0.38316205
test_19995,0.12361085
test_19996,0.017861199
test_19997,0.022417927
test_19998,0.45926473
test_19999,0.13177466
